entry_i,entry_time,side,oz,entry_px,signal_expiry_i,exit_time,exit_px,gross_pnl,costs,net_pnl,exit_reason,bars_held
6145,1697202000,1,1.0,1896.48,6228,1697227200,1928.72,32.24000000000001,0.16,32.08000000000001,signal,84
6425,1697462700,1,1.0,1923.42,6508,1697487900,1919.92,-3.5,0.16,-3.66,signal,84
6698,1697548500,1,1.0,1926.33,6781,1697573700,1923.93,-2.3999999999998636,0.16,-2.5599999999998637,signal,84
6971,1697634300,1,1.0,1948.37,7054,1697659500,1950.21,1.8400000000001455,0.16,1.6800000000001456,signal,84
7310,1697739900,1,1.0,1966.79,7393,1697748900,1975.81,9.019999999999982,0.16,8.859999999999982,session,29
7364,1697760000,1,1.0,1972.53,7393,1697769000,1973.92,1.3900000000001,0.16,1.2300000000001001,signal,30
7545,1697814300,1,1.0,1987.36,7628,1697834700,1980.74,-6.619999999999891,0.16,-6.779999999999891,session,67
8124,1698168900,1,1.0,1974.01,8207,1698180900,1972.12,-1.8900000000001,0.16,-2.0500000000001,session,39
8188,1698192000,1,1.0,1970.52,8207,1698198000,1973.26,2.740000000000009,0.16,2.580000000000009,signal,20
8367,1698245700,1,1.0,1986.4,8450,1698267300,1980.79,-5.610000000000127,0.16,-5.7700000000001275,session,71
8961,1698431700,1,1.0,1991.6,9044,1698439500,2007.0,15.400000000000091,0.16,15.24000000000009,session,25
9013,1698624000,1,1.0,2001.42,9044,1698633600,2003.53,2.1099999999999,0.16,1.9499999999999,signal,32
10276,1699018500,1,1.0,1999.83,10359,1699043700,1993.2,-6.629999999999882,0.16,-6.789999999999882,signal,84
11389,1699541100,1,1.0,1956.28,11472,1699563300,1957.53,1.25,0.16,1.09,session,73
11961,1699893300,1,1.0,1945.24,12044,1699908900,1946.27,1.0299999999999727,0.16,0.8699999999999727,session,51
12037,1699920000,1,1.0,1946.53,12044,1699922400,1946.21,-0.31999999999993634,0.16,-0.47999999999993637,signal,8
12200,1699968900,1,1.0,1956.96,12283,1699994100,1964.08,7.119999999999891,0.16,6.959999999999891,signal,84
12750,1700141700,1,1.0,1971.89,12833,1700166900,1981.52,9.629999999999882,0.16,9.469999999999882,signal,84
13353,1700503500,1,1.0,1978.06,13436,1700513700,1977.33,-0.7300000000000182,0.16,-0.8900000000000182,session,33
13411,1700524800,1,1.0,1981.28,13436,1700532600,1989.31,8.029999999999973,0.16,7.869999999999973,signal,26
13572,1700573100,1,1.0,1996.03,13655,1700598300,1999.05,3.019999999999982,0.16,2.8599999999999817,signal,84
14371,1700833200,1,1.0,2001.6,14454,1701040200,2001.37,-0.2300000000000182,0.16,-0.3900000000000182,data_gap,62
14444,1701043200,1,1.0,2002.44,14454,1701046500,2002.54,0.09999999999990905,0.16,-0.06000000000009095,signal,11
14884,1701179100,1,1.0,2020.08,14967,1701204300,2040.78,20.700000000000045,0.16,20.540000000000045,signal,84
15725,1701443100,1,1.0,2047.97,15808,1701463500,2070.13,22.160000000000082,0.16,22.00000000000008,session,67
16856,1701971400,1,1.0,2028.57,16939,1701982500,2028.86,0.2899999999999636,0.16,0.12999999999996362,session,36
16917,1701993600,1,1.0,2028.1,16939,1702000500,2031.93,3.8300000000001546,0.16,3.6700000000001545,signal,23
17626,1702386900,1,1.0,1992.38,17709,1702412100,1979.66,-12.720000000000027,0.16,-12.880000000000027,signal,84
17905,1702474500,1,1.0,1984.36,17988,1702500900,2020.76,36.40000000000009,0.16,36.240000000000094,session,87
18017,1702512000,1,1.0,2032.79,18072,1702528800,2030.8,-1.990000000000009,0.16,-2.1500000000000092,signal,56
18193,1702564800,1,1.0,2046.99,18276,1702587300,2035.99,-11.0,0.16,-11.16,session,74
18781,1702921800,1,1.0,2028.59,18864,1702932900,2026.65,-1.9399999999998272,0.16,-2.0999999999998273,session,36
18842,1702944000,1,1.0,2027.73,18864,1702950900,2026.23,-1.5,0.16,-1.66,signal,23
19002,1702992000,1,1.0,2032.31,19085,1703017200,2039.24,6.930000000000064,0.16,6.7700000000000635,signal,84
19557,1703166300,1,1.0,2043.27,19640,1703191500,2044.22,0.9500000000000455,0.16,0.7900000000000454,signal,84
20184,1703621400,1,1.0,2063.14,20267,1703624100,2067.64,4.5,0.16,4.34,session,8
20217,1703635200,1,1.0,2066.24,20267,1703650500,2064.63,-1.6099999999996726,0.16,-1.7699999999996725,signal,51
20403,1703691000,1,1.0,2077.08,20486,1703710500,2077.57,0.49000000000023647,0.16,0.33000000000023644,session,64
21552,1704310500,1,1.0,2039.53,21635,1704315300,2041.71,2.1800000000000637,0.16,2.0200000000000635,session,15
21592,1704326400,1,1.0,2042.98,21635,1704339600,2046.57,3.589999999999918,0.16,3.429999999999918,signal,44
22048,1704467100,1,1.0,2057.44,22131,1704487500,2043.72,-13.720000000000027,0.16,-13.880000000000027,session,67
22581,1704807600,1,1.0,2038.46,22664,1704832800,2028.93,-9.529999999999973,0.16,-9.689999999999973,signal,84
23128,1704979500,1,1.0,2038.99,23211,1705004700,2025.66,-13.329999999999927,0.16,-13.489999999999927,signal,84
23405,1705066500,1,1.0,2052.37,23488,1705091700,2046.58,-5.789999999999964,0.16,-5.949999999999964,signal,84
23931,1705412700,1,1.0,2043.13,24014,1705437900,2028.6,-14.5300000000002,0.16,-14.6900000000002,signal,84
25376,1706038500,1,1.0,2029.71,25459,1706043300,2028.74,-0.9700000000000273,0.16,-1.1300000000000272,session,15
25416,1706054400,1,1.0,2029.31,25459,1706067600,2024.54,-4.769999999999982,0.16,-4.929999999999982,signal,44
26406,1706535900,1,1.0,2035.25,26489,1706561100,2031.85,-3.400000000000091,0.16,-3.560000000000091,signal,84
26686,1706623800,1,1.0,2040.78,26769,1706648100,2036.07,-4.710000000000036,0.16,-4.8700000000000365,session,80
26962,1706710500,1,1.0,2044.28,27045,1706734500,2033.77,-10.509999999999991,0.16,-10.669999999999991,session,79
27230,1706794800,1,1.0,2040.23,27313,1706820000,2054.93,14.699999999999818,0.16,14.539999999999818,signal,84
28049,1707225000,1,1.0,2029.65,28132,1707250200,2036.9,7.25,0.16,7.09,signal,84
28343,1707317100,1,1.0,2040.42,28426,1707339300,2034.77,-5.650000000000091,0.16,-5.810000000000091,session,73
28616,1707402900,1,1.0,2031.08,28699,1707425700,2032.84,1.759999999999991,0.16,1.599999999999991,session,75
28879,1707485700,1,1.0,2032.42,28962,1707510900,2025.44,-6.980000000000018,0.16,-7.140000000000018,signal,84
29150,1707743700,1,1.0,2026.52,29233,1707768900,2019.77,-6.75,0.16,-6.91,signal,84
30279,1708098000,1,1.0,2007.6,30362,1708116300,2013.0,5.400000000000091,0.16,5.240000000000091,session,60
30575,1708364100,1,1.0,2017.85,30658,1708384200,2016.96,-0.8899999999998727,0.16,-1.0499999999998726,data_gap,23
30609,1708387200,1,1.0,2016.18,30658,1708402200,2018.67,2.490000000000009,0.16,2.330000000000009,signal,50
31590,1708693200,1,1.0,2028.06,31673,1708718400,2037.32,9.259999999999991,0.16,9.09999999999999,signal,84
31952,1708978500,1,1.0,2031.89,32035,1708980900,2032.39,0.5,0.16,0.33999999999999997,session,7
31984,1708992000,1,1.0,2031.27,32035,1709007600,2033.94,2.6700000000000728,0.16,2.5100000000000726,signal,52
32203,1709057700,1,1.0,2035.1,32286,1709067300,2029.99,-5.1099999999999,0.16,-5.2699999999999,session,31
32259,1709078400,1,1.0,2030.09,32286,1709086800,2032.2,2.1100000000001273,0.16,1.9500000000001274,signal,28
32418,1709126100,1,1.0,2032.34,32501,1709151300,2033.66,1.3200000000001637,0.16,1.1600000000001638,signal,84
32697,1709213700,1,1.0,2037.78,32780,1709238900,2044.2,6.420000000000073,0.16,6.260000000000073,signal,84
32993,1709306400,1,1.0,2058.51,33076,1709325900,2084.5,25.98999999999978,0.16,25.82999999999978,session,64
33252,1709560800,1,1.0,2091.68,33335,1709585700,2117.12,25.440000000000055,0.16,25.280000000000054,session,82
33521,1709645400,1,1.0,2131.76,33604,1709670600,2130.56,-1.2000000000002728,0.16,-1.3600000000002728,signal,84
33809,1709735700,1,1.0,2144.33,33892,1709758500,2146.89,2.5599999999999454,0.16,2.3999999999999453,session,75
34067,1709817000,1,1.0,2158.47,34150,1709842200,2158.19,-0.27999999999974534,0.16,-0.4399999999997454,signal,84
34347,1709904900,1,1.0,2178.27,34430,1709930100,2176.44,-1.8299999999999272,0.16,-1.9899999999999272,signal,84
35185,1710340800,1,1.0,2169.44,35268,1710363300,2172.19,2.75,0.16,2.59,session,74
36565,1710947100,1,1.0,2163.41,36648,1710968100,2183.04,19.63000000000011,0.16,19.47000000000011,session,69
37094,1711113600,1,1.0,2172.73,37177,1711138800,2162.47,-10.260000000000218,0.16,-10.420000000000218,signal,84
38246,1711647600,1,1.0,2224.98,38329,1711659300,2221.23,-3.75,0.16,-3.91,session,38
38309,1711929600,1,1.0,2236.95,38329,1711935900,2254.11,17.16000000000031,0.16,17.00000000000031,signal,21
38814,1712085000,1,1.0,2270.91,38897,1712091300,2277.62,6.710000000000036,0.16,6.550000000000036,session,20
38859,1712102400,1,1.0,2281.77,38897,1712114100,2284.06,2.2899999999999636,0.16,2.1299999999999635,signal,39
39596,1712331300,1,1.0,2317.25,39679,1712349900,2321.81,4.559999999999945,0.16,4.399999999999945,session,61
39918,1712604600,1,1.0,2341.75,40001,1712609700,2338.11,-3.6399999999998727,0.16,-3.799999999999873,session,16
39959,1712620800,1,1.0,2338.8,40001,1712633700,2341.03,2.230000000000018,0.16,2.070000000000018,signal,43
40730,1712859900,1,1.0,2355.77,40813,1712868900,2370.69,14.920000000000073,0.16,14.760000000000073,session,29
40784,1712880000,1,1.0,2373.94,40813,1712889000,2382.68,8.739999999999782,0.16,8.579999999999782,signal,30
41299,1713211200,1,1.0,2375.98,41382,1713214500,2385.69,9.710000000000036,0.16,9.550000000000036,session,10
41334,1713225600,1,1.0,2384.39,41382,1713240300,2385.87,1.4800000000000182,0.16,1.3200000000000183,signal,49
42872,1713879600,1,1.0,2313.25,42955,1713904800,2322.07,8.820000000000164,0.16,8.660000000000164,signal,84
43176,1713974700,1,1.0,2336.18,43259,1713992100,2319.24,-16.940000000000055,0.16,-17.100000000000055,session,57
43258,1714003200,1,1.0,2318.02,43259,1714003800,2317.79,-0.2300000000000182,0.16,-0.3900000000000182,signal,2
43446,1714059600,1,1.0,2342.62,43529,1714078500,2332.17,-10.449999999999818,0.16,-10.609999999999818,session,62
44539,1714576200,1,1.0,2307.35,44622,1714596900,2313.92,6.570000000000164,0.16,6.410000000000164,session,68
45070,1714743300,1,1.0,2315.22,45153,1714768500,2298.43,-16.789999999999964,0.16,-16.949999999999964,signal,84
45346,1715003100,1,1.0,2324.62,45429,1715028300,2323.81,-0.8099999999999454,0.16,-0.9699999999999455,signal,84
46167,1715261100,1,1.0,2318.82,46250,1715286300,2336.24,17.419999999999618,0.16,17.259999999999618,signal,84
46254,1715287200,1,1.0,2341.41,46337,1715288100,2343.3,1.8900000000003274,0.16,1.7300000000003275,session,2
46281,1715299200,1,1.0,2346.4,46337,1715316300,2351.55,5.150000000000091,0.16,4.990000000000091,signal,57
47268,1715780100,1,1.0,2370.83,47351,1715805300,2384.72,13.889999999999873,0.16,13.729999999999873,signal,84
47824,1715954700,1,1.0,2396.94,47907,1715978700,2416.05,19.110000000000127,0.16,18.950000000000127,session,79
48365,1716297900,1,1.0,2426.9,48448,1716323100,2424.79,-2.1100000000001273,0.16,-2.2700000000001275,signal,84
49481,1716821400,1,1.0,2355.19,49564,1716851400,2352.22,-2.9700000000002547,0.16,-3.130000000000255,data_gap,56
49548,1716854400,1,1.0,2352.17,49564,1716859500,2351.83,-0.3400000000001455,0.16,-0.5000000000001456,signal,17
49707,1716902100,1,1.0,2350.52,49790,1716927300,2356.2,5.679999999999836,0.16,5.519999999999836,signal,84
50536,1717162500,1,1.0,2349.39,50619,1717187700,2322.57,-26.81999999999971,0.16,-26.97999999999971,signal,84
50809,1717421400,1,1.0,2331.88,50892,1717446600,2345.73,13.849999999999909,0.16,13.689999999999909,signal,84
51364,1717595700,1,1.0,2343.09,51447,1717620900,2353.24,10.149999999999636,0.16,9.989999999999636,session,83
51670,1717691400,1,1.0,2374.82,51753,1717707300,2372.43,-2.3900000000003274,0.16,-2.5500000000003276,session,52
51747,1717718400,1,1.0,2377.02,51753,1717720500,2377.42,0.40000000000009095,0.16,0.24000000000009095,signal,7
52177,1718024400,1,1.0,2305.1,52260,1718049600,2310.98,5.880000000000109,0.16,5.720000000000109,signal,84
52453,1718111100,1,1.0,2309.62,52536,1718136300,2314.26,4.640000000000327,0.16,4.480000000000327,signal,84
52734,1718199300,1,1.0,2325.03,52817,1718224500,2317.49,-7.540000000000418,0.16,-7.7000000000004185,signal,84
53009,1718285700,1,1.0,2319.97,53092,1718310900,2304.71,-15.259999999999764,0.16,-15.419999999999764,signal,84
53833,1718717700,1,1.0,2317.04,53916,1718742900,2329.45,12.409999999999854,0.16,12.249999999999854,signal,84
54370,1718895600,1,1.0,2349.36,54453,1718916900,2359.64,10.279999999999745,0.16,10.119999999999745,session,70
54622,1718975100,1,1.0,2367.82,54705,1719000300,2322.73,-45.090000000000146,0.16,-45.25000000000014,signal,84
55722,1719493800,1,1.0,2319.95,55805,1719519000,2326.66,6.710000000000036,0.16,6.550000000000036,signal,84
56631,1719951300,1,1.0,2329.04,56714,1719953700,2330.81,1.7699999999999818,0.16,1.609999999999982,session,7
56663,1719964800,1,1.0,2330.07,56714,1719980400,2329.48,-0.5900000000001455,0.16,-0.7500000000001456,signal,52
56826,1720013700,1,1.0,2352.37,56909,1720038900,2354.78,2.4100000000003092,0.16,2.250000000000309,signal,84
58164,1720616700,1,1.0,2378.38,58247,1720641900,2371.63,-6.75,0.16,-6.91,signal,84
58445,1720704900,1,1.0,2399.63,58528,1720730100,2416.05,16.420000000000073,0.16,16.260000000000073,signal,84
59022,1721058900,1,1.0,2429.9,59105,1721076900,2422.04,-7.860000000000127,0.16,-8.020000000000127,session,59
59300,1721146200,1,1.0,2455.98,59383,1721163300,2467.05,11.070000000000164,0.16,10.910000000000164,session,56
59381,1721174400,1,1.0,2469.0,59383,1721175300,2469.7,0.6999999999998181,0.16,0.5399999999998181,signal,3
59843,1721316900,-1,1.0,2460.83,59926,1721336100,2442.45,18.38000000000011,0.16,18.22000000000011,session,63
60923,1721829600,1,1.0,2421.48,61006,1721854500,2401.77,-19.710000000000036,0.16,-19.870000000000037,session,82
61827,1722285600,1,1.0,2384.94,61910,1722286500,2383.53,-1.4099999999998545,0.16,-1.5699999999998544,session,2
61854,1722297600,1,1.0,2384.05,61910,1722314700,2384.8,0.75,0.16,0.59,signal,57
62028,1722349800,1,1.0,2394.56,62111,1722372900,2407.24,12.679999999999836,0.16,12.519999999999836,session,76
62377,1722458400,1,1.0,2449.79,62460,1722459300,2448.79,-1.0,0.16,-1.16,session,2
62404,1722470400,1,1.0,2447.62,62460,1722487500,2442.81,-4.809999999999945,0.16,-4.969999999999946,signal,57
62565,1722518700,1,1.0,2445.17,62648,1722543900,2442.04,-3.130000000000109,0.16,-3.2900000000001093,signal,84
62842,1722605700,1,1.0,2473.57,62925,1722630900,2434.85,-38.720000000000255,0.16,-38.88000000000025,signal,84
64504,1723473900,1,1.0,2452.04,64587,1723496100,2470.93,18.889999999999873,0.16,18.729999999999873,session,73
64765,1723556100,1,1.0,2470.37,64848,1723581300,2463.49,-6.880000000000109,0.16,-7.040000000000109,signal,84
65310,1723727400,1,1.0,2465.63,65393,1723752600,2460.57,-5.059999999999945,0.16,-5.219999999999946,signal,84
65583,1723813200,1,1.0,2472.21,65666,1723838400,2503.37,31.159999999999854,0.16,30.999999999999854,signal,84
66483,1724268000,1,1.0,2518.91,66566,1724273700,2513.0,-5.9099999999998545,0.16,-6.069999999999855,session,18
66526,1724284800,1,1.0,2514.0,66566,1724297100,2505.48,-8.519999999999982,0.16,-8.679999999999982,signal,41
66982,1724425500,1,1.0,2510.87,67065,1724445900,2510.29,-0.5799999999999272,0.16,-0.7399999999999273,session,67
67259,1724685600,-1,1.0,2516.04,67342,1724695500,2522.36,-6.320000000000164,0.16,-6.480000000000164,signal,33
67292,1724695500,1,1.0,2522.36,67375,1724705700,2518.77,-3.5900000000001455,0.16,-3.7500000000001457,session,33
67350,1724716800,1,1.0,2517.31,67375,1724724600,2512.63,-4.679999999999836,0.16,-4.839999999999836,signal,26
67583,1724786700,1,1.0,2523.34,67666,1724792100,2525.24,1.8999999999996362,0.16,1.7399999999996363,session,17
67625,1724803200,1,1.0,2525.66,67666,1724815800,2515.99,-9.670000000000073,0.16,-9.830000000000073,signal,42
67799,1724855400,1,1.0,2510.16,67882,1724878500,2507.59,-2.569999999999709,0.16,-2.729999999999709,session,76
68853,1725369300,1,1.0,2498.02,68936,1725396900,2492.51,-5.5099999999997635,0.16,-5.669999999999764,session,91
68969,1725408000,1,1.0,2493.18,69020,1725423600,2495.32,2.1400000000003274,0.16,1.9800000000003275,signal,52
69150,1725462300,1,1.0,2493.06,69233,1725483300,2492.55,-0.5099999999997635,0.16,-0.6699999999997636,session,69
69682,1725629700,1,1.0,2524.39,69765,1725654900,2494.23,-30.159999999999854,0.16,-30.319999999999855,signal,84
69956,1725888900,1,1.0,2503.53,70039,1725914100,2503.04,-0.49000000000023647,0.16,-0.6500000000002365,signal,84
70236,1725976800,1,1.0,2513.88,70319,1726001700,2516.4,2.519999999999982,0.16,2.3599999999999817,session,82
70783,1726148700,1,1.0,2527.61,70866,1726173900,2557.3,29.690000000000055,0.16,29.530000000000054,signal,84
71065,1726237200,1,1.0,2580.23,71148,1726260300,2581.51,1.2800000000002,0.16,1.1200000000002002,session,76
71946,1726686300,1,1.0,2582.89,72029,1726692900,2550.36,-32.529999999999745,0.16,-32.68999999999974,session,21
71992,1726704000,1,1.0,2559.34,72029,1726715400,2558.05,-1.2899999999999636,0.16,-1.4499999999999635,signal,38
73029,1727199900,1,1.0,2653.99,73112,1727211300,2661.93,7.940000000000055,0.16,7.780000000000054,session,37
73091,1727222400,1,1.0,2659.16,73112,1727229000,2658.92,-0.23999999999978172,0.16,-0.39999999999978175,signal,22
73261,1727273400,1,1.0,2664.19,73344,1727297700,2659.84,-4.349999999999909,0.16,-4.509999999999909,session,80
74365,1727793300,1,1.0,2663.53,74448,1727816100,2661.23,-2.300000000000182,0.16,-2.460000000000182,session,75
75123,1728032400,-1,1.0,2661.07,75206,1728057600,2658.42,2.650000000000091,0.16,2.490000000000091,signal,84
75375,1728285000,-1,1.0,2640.92,75458,1728310200,2645.41,-4.489999999999782,0.16,-4.649999999999782,signal,84
76547,1728652200,1,1.0,2645.94,76630,1728677400,2658.21,12.269999999999982,0.16,12.109999999999982,signal,84
77100,1728999000,1,1.0,2655.44,77183,1729024200,2666.08,10.639999999999873,0.16,10.479999999999873,signal,84
78239,1729529400,-1,1.0,2723.05,78322,1729544100,2720.73,2.3200000000001637,0.16,2.1600000000001636,session,48
78312,1729555200,-1,1.0,2720.74,78322,1729558500,2720.89,-0.15000000000009095,0.16,-0.310000000000091,signal,11
78728,1729683900,-1,1.0,2750.84,78811,1729709100,2714.09,36.75,0.16,36.59,signal,84
79013,1729773300,-1,1.0,2737.63,79096,1729798500,2736.16,1.4700000000002547,0.16,1.3100000000002547,signal,84
79320,1729869300,1,1.0,2737.72,79403,1729889100,2743.92,6.200000000000273,0.16,6.040000000000273,session,65
79835,1730204700,-1,1.0,2748.55,79918,1730213400,2762.93,-14.379999999999654,0.16,-14.539999999999655,signal,29
79864,1730213400,1,1.0,2762.93,79947,1730235300,2772.78,9.850000000000364,0.16,9.690000000000364,session,72
80079,1730281800,-1,1.0,2780.52,80162,1730307000,2783.79,-3.269999999999982,0.16,-3.429999999999982,signal,84
80337,1730363100,-1,1.0,2781.39,80420,1730388300,2751.51,29.879999999999654,0.16,29.719999999999654,signal,84
80622,1730452500,-1,1.0,2752.46,80705,1730477700,2747.55,4.9099999999998545,0.16,4.749999999999854,signal,84
80707,1730478000,-1,1.0,2748.56,80790,1730493900,2735.23,13.329999999999927,0.16,13.169999999999927,session,52
80785,1730678400,-1,1.0,2738.37,80790,1730680200,2739.6,-1.2300000000000182,0.16,-1.390000000000018,signal,6
80896,1730711700,-1,1.0,2733.84,80979,1730753700,2737.18,-3.3399999999996908,0.16,-3.499999999999691,session,139
81060,1730764800,-1,1.0,2736.07,81063,1730766000,2735.33,0.7400000000002365,0.16,0.5800000000002364,signal,4
81196,1730805600,-1,1.0,2739.57,81279,1730830800,2740.86,-1.2899999999999636,0.16,-1.4499999999999635,signal,84
81420,1730876700,-1,1.0,2712.14,81503,1730901900,2657.36,54.779999999999745,0.16,54.61999999999975,signal,84
81768,1730985000,1,1.0,2676.82,81851,1731010200,2701.01,24.190000000000055,0.16,24.030000000000054,signal,84
81855,1731011100,1,1.0,2709.83,81938,1731012900,2703.33,-6.5,0.16,-6.66,session,5
81885,1731024000,1,1.0,2706.94,81938,1731040200,2693.99,-12.950000000000273,0.16,-13.110000000000273,signal,54
82052,1731074100,1,1.0,2700.57,82135,1731098700,2687.3,-13.269999999999982,0.16,-13.429999999999982,session,81
82388,1731351900,1,1.0,2620.03,82471,1731358500,2623.53,3.5,0.16,3.34,session,21
82434,1731369600,1,1.0,2623.99,82471,1731381000,2622.8,-1.1899999999995998,0.16,-1.3499999999995997,signal,38
82872,1731504900,1,1.0,2612.05,82955,1731530100,2574.97,-37.08000000000038,0.16,-37.24000000000038,signal,84
83696,1731936900,1,1.0,2601.45,83779,1731962100,2609.41,7.960000000000036,0.16,7.800000000000036,signal,84
84240,1732107900,1,1.0,2632.98,84323,1732133100,2650.45,17.4699999999998,0.16,17.3099999999998,signal,84
85340,1732626600,1,1.0,2638.75,85423,1732651800,2629.48,-9.269999999999982,0.16,-9.429999999999982,signal,84
86472,1733171700,1,1.0,2643.61,86555,1733172900,2638.83,-4.7800000000002,0.16,-4.9400000000002,session,3
86500,1733184000,1,1.0,2642.25,86555,1733200800,2639.48,-2.769999999999982,0.16,-2.929999999999982,signal,56
86666,1733233800,1,1.0,2650.09,86749,1733259000,2642.17,-7.920000000000073,0.16,-8.080000000000073,signal,84
87776,1733755500,1,1.0,2672.5,87859,1733777700,2658.0,-14.5,0.16,-14.66,session,73
90258,1734708300,1,1.0,2624.98,90341,1734727500,2624.49,-0.49000000000023647,0.16,-0.6500000000002365,session,63
90832,1735061400,1,1.0,2619.21,90915,1735168200,2616.83,-2.380000000000109,0.16,-2.5400000000001093,data_gap,15
90858,1735171200,1,1.0,2618.32,90915,1735188600,2628.3,9.980000000000018,0.16,9.820000000000018,signal,58
91040,1735225800,1,1.0,2633.52,91123,1735246500,2634.59,1.0700000000001637,0.16,0.9100000000001637,session,68
91858,1735656000,1,1.0,2616.66,91941,1735678500,2623.3,6.640000000000327,0.16,6.480000000000327,session,74
92938,1736255100,1,1.0,2652.94,93021,1736280300,2648.34,-4.599999999999909,0.16,-4.759999999999909,signal,84
94391,1736883600,1,1.0,2676.0,94474,1736888100,2674.93,-1.0700000000001637,0.16,-1.2300000000001636,session,14
94430,1736899200,1,1.0,2675.62,94474,1736912700,2675.55,-0.06999999999970896,0.16,-0.22999999999970897,signal,45
94593,1736948100,1,1.0,2687.75,94676,1736973300,2694.89,7.139999999999873,0.16,6.9799999999998725,signal,84
94868,1737034500,1,1.0,2713.58,94951,1737059700,2716.8,3.2200000000002547,0.16,3.0600000000002545,signal,84
95870,1737532800,-1,1.0,2748.72,95953,1737558000,2753.94,-5.220000000000255,0.16,-5.380000000000255,signal,84
95955,1737558300,-1,1.0,2752.7,96038,1737579300,2756.24,-3.5399999999999636,0.16,-3.6999999999999638,session,69
96151,1737621000,-1,1.0,2754.15,96234,1737646200,2743.24,10.91000000000031,0.16,10.750000000000309,signal,84
96424,1737706800,-1,1.0,2770.9,96507,1737732000,2783.86,-12.960000000000036,0.16,-13.120000000000037,signal,84
96682,1737961200,-1,1.0,2754.71,96765,1738011300,2740.99,13.720000000000255,0.16,13.560000000000255,session,166
97580,1738242300,1,1.0,2782.23,97663,1738267500,2792.95,10.7199999999998,0.16,10.5599999999998,signal,84
97785,1738307700,-1,1.0,2796.05,97868,1738332900,2805.63,-9.579999999999927,0.16,-9.739999999999927,signal,84
97881,1738336500,1,1.0,2815.35,97964,1738356300,2798.77,-16.579999999999927,0.16,-16.739999999999927,session,65
98129,1738587900,1,1.0,2809.87,98212,1738613100,2818.88,9.010000000000218,0.16,8.850000000000218,signal,84
98408,1738675500,1,1.0,2832.27,98491,1738700700,2841.19,8.920000000000073,0.16,8.760000000000073,signal,84
98673,1738758900,-1,1.0,2869.91,98756,1738784100,2867.39,2.519999999999982,0.16,2.3599999999999817,signal,84
98900,1738830900,-1,1.0,2852.69,98983,1738856100,2845.11,7.579999999999927,0.16,7.419999999999927,signal,84
98985,1738856400,-1,1.0,2849.04,99068,1738872600,2856.9,-7.860000000000127,0.16,-8.020000000000127,signal,54
99039,1738872600,1,1.0,2856.9,99122,1738875300,2856.47,-0.43000000000029104,0.16,-0.5900000000002911,session,8
99072,1738886400,1,1.0,2858.15,99122,1738901700,2868.34,10.190000000000055,0.16,10.030000000000054,signal,51
99156,1738911600,-1,1.0,2860.7,99239,1738936800,2862.59,-1.8900000000003274,0.16,-2.0500000000003276,signal,84
99719,1739261400,-1,1.0,2912.48,99802,1739286600,2899.11,13.36999999999989,0.16,13.20999999999989,signal,84
100096,1739378400,-1,1.0,2896.4,100179,1739380500,2908.76,-12.360000000000127,0.16,-12.520000000000127,signal,7
100103,1739380500,1,1.0,2908.76,100186,1739393700,2900.45,-8.3100000000004,0.16,-8.4700000000004,session,43
100171,1739404800,1,1.0,2905.83,100186,1739409600,2904.28,-1.5499999999997272,0.16,-1.709999999999727,signal,16
100261,1739431800,-1,1.0,2916.27,100344,1739457000,2909.37,6.900000000000091,0.16,6.740000000000091,signal,84
100348,1739457900,-1,1.0,2914.38,100431,1739480100,2927.81,-13.429999999999836,0.16,-13.589999999999836,session,73
100598,1739536800,-1,1.0,2929.57,100681,1739562000,2882.68,46.89000000000033,0.16,46.73000000000033,signal,84
105263,1741704000,1,1.0,2919.05,105346,1741726500,2919.69,0.6399999999998727,0.16,0.47999999999987264,session,74
105525,1741786500,1,1.0,2920.83,105608,1741811700,2933.83,13.0,0.16,12.84,signal,84
105826,1741880700,1,1.0,2964.89,105909,1741899300,2984.57,19.68000000000029,0.16,19.52000000000029,session,61
106973,1742413500,1,1.0,3047.97,107056,1742417700,3047.94,-0.02999999999974534,0.16,-0.18999999999974534,session,13
107011,1742428800,1,1.0,3050.2,107056,1742442600,3046.09,-4.109999999999673,0.16,-4.269999999999673,signal,46
108016,1742915100,1,1.0,3033.77,108099,1742936100,3019.09,-14.679999999999836,0.16,-14.839999999999836,session,69
109045,1743412500,-1,1.0,3124.88,109128,1743437700,3125.04,-0.15999999999985448,0.16,-0.3199999999998545,signal,84
109313,1743496800,-1,1.0,3128.02,109396,1743522000,3127.96,0.05999999999994543,0.16,-0.10000000000005457,signal,84
109404,1743524100,-1,1.0,3131.05,109487,1743540900,3117.82,13.230000000000018,0.16,13.070000000000018,session,55
109484,1743552000,-1,1.0,3111.35,109487,1743553200,3113.07,-1.7200000000002547,0.16,-1.8800000000002546,signal,4
109569,1743577500,-1,1.0,3117.91,109652,1743602700,3122.73,-4.820000000000164,0.16,-4.980000000000164,signal,84
109684,1743612000,-1,1.0,3126.94,109767,1743627300,3124.76,2.1799999999998363,0.16,2.019999999999836,session,50
109759,1743638400,-1,1.0,3145.75,109767,1743641100,3161.06,-15.309999999999945,0.16,-15.469999999999946,signal,9
109845,1743664200,-1,1.0,3130.85,109928,1743689400,3064.69,66.15999999999985,0.16,65.99999999999986,signal,84
109941,1743693000,1,1.0,3106.0,110024,1743713700,3105.58,-0.42000000000007276,0.16,-0.5800000000000728,session,68
111331,1744302600,1,1.0,3170.73,111414,1744318500,3176.22,5.489999999999782,0.16,5.329999999999782,session,52
111409,1744329600,1,1.0,3189.04,111414,1744331400,3188.37,-0.6700000000000728,0.16,-0.8300000000000728,signal,6
111797,1744623000,-1,1.0,3224.66,111880,1744648200,3205.81,18.84999999999991,0.16,18.68999999999991,signal,84
112183,1744742700,1,1.0,3228.84,112266,1744750500,3228.75,-0.09000000000014552,0.16,-0.25000000000014555,session,25
112233,1744761600,1,1.0,3241.44,112266,1744771800,3267.17,25.730000000000018,0.16,25.570000000000018,signal,34
112369,1744802400,-1,1.0,3302.33,112452,1744827600,3328.94,-26.610000000000127,0.16,-26.770000000000127,signal,84
112605,1744877100,-1,1.0,3329.75,112688,1744895700,3336.43,-6.679999999999836,0.16,-6.839999999999836,signal,62
112667,1744895700,1,1.0,3336.43,112750,1744920900,3315.59,-20.83999999999969,0.16,-20.99999999999969,signal,84
112954,1745244300,1,1.0,3421.13,113037,1745268900,3420.19,-0.9400000000000546,0.16,-1.1000000000000545,session,81
113172,1745313600,-1,1.0,3466.96,113255,1745338800,3423.75,43.210000000000036,0.16,43.05000000000004,signal,84
113258,1745339400,-1,1.0,3412.65,113341,1745355300,3376.01,36.63999999999987,0.16,36.479999999999876,session,52
113335,1745366400,-1,1.0,3328.02,113341,1745368500,3336.34,-8.320000000000164,0.16,-8.480000000000164,signal,7
114132,1745613600,1,1.0,3303.93,114215,1745613900,3308.55,4.620000000000346,0.16,4.4600000000003455,session,0
114158,1745798400,1,1.0,3310.68,114215,1745815800,3293.14,-17.539999999999964,0.16,-17.699999999999964,signal,58
114343,1745853900,1,1.0,3313.3,114426,1745873700,3350.64,37.33999999999969,0.16,37.179999999999694,session,65
114884,1746024000,1,1.0,3319.26,114967,1746046500,3293.55,-25.710000000000036,0.16,-25.870000000000037,session,74
115778,1746477000,1,1.0,3336.37,115861,1746478500,3332.15,-4.2199999999998,0.16,-4.3799999999998,session,4
115807,1746489600,1,1.0,3330.75,115861,1746506100,3362.09,31.340000000000146,0.16,31.180000000000145,signal,55
115978,1746540900,1,1.0,3394.5,116061,1746564900,3423.13,28.63000000000011,0.16,28.47000000000011,session,79
116206,1746613200,-1,1.0,3378.46,116289,1746638400,3380.53,-2.0700000000001637,0.16,-2.230000000000164,signal,84
116441,1746687600,-1,1.0,3355.55,116524,1746712800,3356.11,-0.5599999999999454,0.16,-0.7199999999999455,signal,84
116557,1746722400,-1,1.0,3345.02,116640,1746737700,3309.24,35.7800000000002,0.16,35.6200000000002,session,50
116632,1746748800,-1,1.0,3323.73,116640,1746751500,3317.26,6.4699999999998,0.16,6.3099999999998,signal,9
116755,1746785700,-1,1.0,3327.15,116838,1746810900,3346.8,-19.65000000000009,0.16,-19.81000000000009,signal,84
116991,1747033500,-1,1.0,3278.22,117074,1747058700,3236.16,42.059999999999945,0.16,41.89999999999995,signal,84
117076,1747059000,1,1.0,3241.31,117159,1747083300,3235.7,-5.610000000000127,0.16,-5.7700000000001275,session,80
118718,1747748100,1,1.0,3248.16,118801,1747773300,3289.67,41.51000000000022,0.16,41.35000000000022,signal,84
119537,1748005500,1,1.0,3348.94,119620,1748030700,3365.7,16.759999999999764,0.16,16.599999999999763,signal,84
120609,1748524800,1,1.0,3308.84,120692,1748550000,3317.88,9.039999999999964,0.16,8.879999999999963,signal,84
121736,1749051600,1,1.0,3378.65,121819,1749070500,3372.97,-5.680000000000291,0.16,-5.840000000000291,session,62
122581,1749489900,1,1.0,3334.33,122664,1749502500,3327.63,-6.699999999999818,0.16,-6.859999999999818,session,41
122647,1749513600,1,1.0,3323.7,122664,1749519000,3320.78,-2.919999999999618,0.16,-3.079999999999618,signal,18
122894,1749587700,1,1.0,3333.49,122977,1749588900,3329.55,-3.9399999999996,0.16,-4.0999999999996,session,3
122922,1749600000,1,1.0,3324.52,122977,1749616800,3340.59,16.070000000000164,0.16,15.910000000000164,signal,56
123085,1749648900,1,1.0,3355.67,123168,1749674100,3349.05,-6.619999999999891,0.16,-6.779999999999891,signal,84
123641,1749823500,1,1.0,3439.19,123724,1749847500,3434.65,-4.539999999999964,0.16,-4.699999999999964,session,79
124992,1750430400,1,1.0,3364.26,125075,1750452300,3365.71,1.449999999999818,0.16,1.2899999999998182,session,72
125246,1750683600,1,1.0,3380.76,125329,1750708800,3378.63,-2.130000000000109,0.16,-2.2900000000001093,signal,84
125613,1750797600,1,1.0,3323.82,125696,1750798500,3323.38,-0.44000000000005457,0.16,-0.6000000000000546,session,2
125640,1750809600,1,1.0,3321.58,125696,1750826700,3329.9,8.320000000000164,0.16,8.160000000000164,signal,57
126077,1750944600,1,1.0,3342.99,126160,1750969800,3331.01,-11.979999999999563,0.16,-12.139999999999564,signal,84
126707,1751314500,1,1.0,3303.15,126790,1751316900,3307.78,4.630000000000109,0.16,4.470000000000109,session,7
126739,1751328000,1,1.0,3311.51,126790,1751343600,3318.42,6.9099999999998545,0.16,6.749999999999854,signal,52
127255,1751486700,1,1.0,3356.37,127338,1751489700,3357.7,1.3299999999999272,0.16,1.1699999999999273,session,9
127289,1751500800,1,1.0,3361.96,127338,1751515800,3349.8,-12.159999999999854,0.16,-12.319999999999855,signal,50
128010,1751912100,1,1.0,3331.23,128093,1751921700,3338.66,7.429999999999836,0.16,7.269999999999836,session,31
128066,1751932800,1,1.0,3339.84,128093,1751941200,3331.86,-7.980000000000018,0.16,-8.140000000000018,signal,28
128857,1752177900,1,1.0,3322.61,128940,1752180900,3324.5,1.8899999999998727,0.16,1.7299999999998728,session,9
128891,1752192000,1,1.0,3323.17,128940,1752207000,3334.73,11.559999999999945,0.16,11.399999999999945,signal,50
129909,1752682200,1,1.0,3351.39,129992,1752699300,3347.4,-3.9899999999997817,0.16,-4.149999999999782,session,56
129990,1752710400,1,1.0,3349.65,129992,1752711300,3349.16,-0.49000000000023647,0.16,-0.6500000000002365,signal,3
130695,1753102800,1,1.0,3375.38,130778,1753128000,3395.5,20.11999999999989,0.16,19.95999999999989,signal,84
130975,1753190700,1,1.0,3400.08,131058,1753215900,3431.75,31.670000000000073,0.16,31.510000000000073,signal,84
133176,1754055300,1,1.0,3328.13,133259,1754081100,3360.32,32.190000000000055,0.16,32.03000000000006,session,85
133287,1754265600,1,1.0,3359.24,133343,1754282700,3357.85,-1.3899999999998727,0.16,-1.5499999999998726,signal,57
133465,1754319000,1,1.0,3381.63,133548,1754340900,3375.2,-6.430000000000291,0.16,-6.590000000000291,session,72
133737,1754404500,1,1.0,3376.13,133820,1754427300,3380.51,4.380000000000109,0.16,4.220000000000109,session,75
134359,1754598900,1,1.0,3396.83,134442,1754600100,3399.35,2.519999999999982,0.16,2.3599999999999817,session,3
134387,1754611200,1,1.0,3404.38,134442,1754628000,3396.86,-7.519999999999982,0.16,-7.679999999999982,signal,56
134550,1754660100,1,1.0,3398.88,134633,1754685300,3395.69,-3.1900000000000546,0.16,-3.3500000000000547,signal,84
135134,1755016200,1,1.0,3354.77,135217,1755032100,3347.15,-7.619999999999891,0.16,-7.779999999999891,session,52
135211,1755043200,1,1.0,3350.49,135217,1755045300,3351.01,0.5200000000004366,0.16,0.3600000000004365,signal,7
136742,1755695100,1,1.0,3334.52,136825,1755720300,3345.38,10.860000000000127,0.16,10.700000000000127,signal,84
137018,1755781800,1,1.0,3341.0,137101,1755807000,3339.76,-1.2399999999997817,0.16,-1.3999999999997816,signal,84
137316,1755875100,1,1.0,3348.03,137399,1755895500,3370.13,22.09999999999991,0.16,21.93999999999991,session,67
137926,1756239000,1,1.0,3387.79,138009,1756241700,3390.57,2.7800000000002,0.16,2.6200000000002,session,8
137959,1756252800,1,1.0,3391.11,138009,1756268100,3384.05,-7.059999999999945,0.16,-7.219999999999946,signal,51
138171,1756316400,1,1.0,3394.88,138254,1756328100,3395.22,0.33999999999969077,0.16,0.17999999999969077,session,38
138234,1756339200,1,1.0,3395.85,138254,1756345500,3397.53,1.680000000000291,0.16,1.5200000000002911,signal,21
138392,1756386600,1,1.0,3408.11,138475,1756411800,3419.02,10.909999999999854,0.16,10.749999999999854,signal,84
138678,1756476300,1,1.0,3417.43,138761,1756500300,3448.11,30.68000000000029,0.16,30.52000000000029,session,79
139185,1756818300,1,1.0,3493.23,139268,1756843500,3531.79,38.559999999999945,0.16,38.39999999999995,signal,84
139271,1756844100,1,1.0,3535.94,139354,1756846500,3533.79,-2.150000000000091,0.16,-2.310000000000091,session,7
139303,1756857600,1,1.0,3529.4,139354,1756873200,3532.75,3.349999999999909,0.16,3.189999999999909,signal,52
139738,1756992000,1,1.0,3547.63,139821,1757017200,3549.18,1.5499999999997272,0.16,1.3899999999997272,signal,84
140016,1757079300,1,1.0,3577.24,140099,1757104500,3593.82,16.580000000000382,0.16,16.420000000000382,signal,84
140296,1757340300,1,1.0,3625.86,140379,1757364900,3636.71,10.849999999999909,0.16,10.689999999999909,session,81
141115,1757597700,1,1.0,3638.95,141198,1757622900,3636.18,-2.769999999999982,0.16,-2.929999999999982,signal,84
141677,1757947200,1,1.0,3661.85,141760,1757969700,3681.69,19.840000000000146,0.16,19.680000000000145,session,74
142827,1758307800,1,1.0,3676.77,142910,1758314700,3683.14,6.369999999999891,0.16,6.209999999999891,session,22
142875,1758499200,1,1.0,3688.36,142910,1758510000,3689.3,0.9400000000000546,0.16,0.7800000000000545,signal,36
143554,1758710700,-1,1.0,3767.86,143637,1758735900,3739.03,28.829999999999927,0.16,28.669999999999927,signal,84
143936,1758829200,1,1.0,3755.18,144019,1758833700,3747.56,-7.619999999999891,0.16,-7.779999999999891,session,14
143975,1758844800,1,1.0,3748.87,144019,1758858300,3738.73,-10.139999999999873,0.16,-10.299999999999873,signal,45
144087,1758878400,-1,1.0,3750.13,144170,1758899400,3774.38,-24.25,0.16,-24.41,signal,70
144157,1758899400,1,1.0,3774.38,144240,1758919500,3768.74,-5.640000000000327,0.16,-5.800000000000328,session,66
144366,1759139100,-1,1.0,3816.34,144449,1759150800,3828.95,-12.609999999999673,0.16,-12.769999999999673,signal,39
144405,1759150800,1,1.0,3828.95,144488,1759158000,3821.42,-7.529999999999745,0.16,-7.6899999999997455,signal,24
144429,1759158000,-1,1.0,3821.42,144512,1759179300,3829.15,-7.730000000000018,0.16,-7.890000000000018,session,70
144635,1759223700,-1,1.0,3837.94,144718,1759245300,3843.8,-5.860000000000127,0.16,-6.0200000000001275,signal,72
144707,1759245300,1,1.0,3843.8,144790,1759265700,3859.67,15.86999999999989,0.16,15.70999999999989,session,67
144896,1759305900,-1,1.0,3861.23,144979,1759331100,3870.8,-9.570000000000164,0.16,-9.730000000000164,signal,84
144983,1759332000,-1,1.0,3872.99,145066,1759352100,3868.54,4.449999999999818,0.16,4.289999999999818,session,66
145273,1759422900,-1,1.0,3828.74,145356,1759438500,3856.14,-27.40000000000009,0.16,-27.56000000000009,session,51
145349,1759449600,-1,1.0,3857.13,145356,1759452000,3861.32,-4.190000000000055,0.16,-4.350000000000055,signal,8
145522,1759501500,1,1.0,3882.53,145605,1759510200,3887.03,4.5,0.16,4.34,signal,29
145551,1759510200,-1,1.0,3887.03,145634,1759524300,3886.76,0.2699999999999818,0.16,0.1099999999999818,session,46
145623,1759708800,-1,1.0,3899.38,145634,1759712400,3909.79,-10.409999999999854,0.16,-10.569999999999855,signal,12
145722,1759738500,-1,1.0,3934.87,145805,1759763700,3948.57,-13.700000000000273,0.16,-13.860000000000273,signal,84
145992,1759823400,-1,1.0,3959.66,146075,1759846200,3984.64,-24.980000000000018,0.16,-25.14000000000002,signal,76
146068,1759846200,1,1.0,3984.64,146151,1759870500,3980.96,-3.6799999999998363,0.16,-3.8399999999998364,session,80
146329,1759928400,-1,1.0,4038.07,146412,1759953600,4050.06,-11.989999999999782,0.16,-12.149999999999782,signal,84
146551,1759998900,-1,1.0,4028.67,146634,1760024100,4005.84,22.829999999999927,0.16,22.669999999999927,signal,84
146643,1760026500,-1,1.0,4025.37,146726,1760043300,3975.4,49.9699999999998,0.16,49.8099999999998,session,55
146723,1760054400,-1,1.0,3975.35,146726,1760055600,3977.04,-1.6900000000000546,0.16,-1.8500000000000545,signal,4
146824,1760084700,-1,1.0,3963.18,146907,1760109900,3985.35,-22.170000000000073,0.16,-22.330000000000073,signal,84
147101,1760344800,-1,1.0,4072.19,147184,1760370000,4098.12,-25.929999999999836,0.16,-26.089999999999836,signal,84
147204,1760375700,1,1.0,4115.77,147287,1760388900,4110.38,-5.390000000000327,0.16,-5.550000000000328,session,43
147272,1760400000,1,1.0,4114.62,147287,1760404800,4120.83,6.210000000000036,0.16,6.050000000000036,signal,16
147373,1760430300,-1,1.0,4121.59,147456,1760455500,4128.97,-7.380000000000109,0.16,-7.540000000000109,signal,84
147683,1760527200,-1,1.0,4202.8,147766,1760552400,4189.11,13.69000000000051,0.16,13.53000000000051,signal,84
147914,1760600400,-1,1.0,4222.46,147997,1760625600,4252.78,-30.31999999999971,0.16,-30.47999999999971,signal,84
148194,1760688300,-1,1.0,4353.3,148277,1760713500,4238.77,114.52999999999975,0.16,114.36999999999975,signal,84
148288,1760716500,-1,1.0,4259.87,148371,1760733900,4221.71,38.159999999999854,0.16,37.99999999999986,session,57
148371,1760918400,-1,1.0,4255.82,148371,1760918700,4254.72,1.0999999999994543,0.16,0.9399999999994543,signal,1
148464,1760946300,-1,1.0,4234.19,148547,1760966400,4293.16,-58.970000000000255,0.16,-59.13000000000025,signal,67
148531,1760966400,1,1.0,4293.16,148614,1760991600,4367.01,73.85000000000036,0.16,73.69000000000037,signal,84
148730,1761030000,-1,1.0,4323.17,148813,1761055200,4211.3,111.86999999999989,0.16,111.7099999999999,signal,84
148818,1761056400,-1,1.0,4203.8,148901,1761080100,4102.09,101.71000000000004,0.16,101.55000000000004,session,78
149041,1761127200,-1,1.0,4070.54,149124,1761152400,4037.07,33.4699999999998,0.16,33.3099999999998,signal,84
149167,1761165000,1,1.0,4105.46,149250,1761166500,4101.86,-3.600000000000364,0.16,-3.760000000000364,session,4
149196,1761177600,1,1.0,4102.26,149250,1761194100,4090.76,-11.5,0.16,-11.66,signal,55
149307,1761210900,-1,1.0,4111.33,149390,1761229800,4147.29,-35.960000000000036,0.16,-36.12000000000003,signal,63
149370,1761229800,1,1.0,4147.29,149453,1761252900,4119.77,-27.519999999999527,0.16,-27.679999999999527,session,76
149555,1761289200,-1,1.0,4104.44,149638,1761312900,4089.39,15.049999999999727,0.16,14.889999999999727,signal,79
149634,1761312900,1,1.0,4089.39,149717,1761338100,4111.89,22.500000000000455,0.16,22.340000000000455,signal,84
149855,1761556200,-1,1.0,4065.97,149938,1761581400,3974.61,91.35999999999967,0.16,91.19999999999968,signal,84
150812,1761855000,1,1.0,4025.09,150895,1761857700,4024.02,-1.0700000000001637,0.16,-1.2300000000001636,session,8
150845,1761868800,1,1.0,4037.97,150895,1761884100,3994.29,-43.679999999999836,0.16,-43.83999999999983,signal,51
151009,1761918000,1,1.0,4026.05,151092,1761943200,3996.16,-29.890000000000327,0.16,-30.050000000000328,signal,84
152418,1762533300,1,1.0,4017.99,152501,1762548300,4001.17,-16.81999999999971,0.16,-16.97999999999971,session,49
152493,1762732800,1,1.0,4011.85,152501,1762735500,4016.53,4.680000000000291,0.16,4.520000000000291,signal,9
152650,1762779900,1,1.0,4104.94,152733,1762805100,4113.95,9.010000000000218,0.16,8.850000000000218,signal,84
153226,1762960500,1,1.0,4161.84,153309,1762980900,4195.89,34.05000000000018,0.16,33.890000000000185,session,67
154306,1763473200,1,1.0,4065.91,154389,1763498400,4072.74,6.829999999999927,0.16,6.669999999999927,signal,84
154849,1763643900,1,1.0,4087.77,154932,1763669100,4082.06,-5.710000000000036,0.16,-5.8700000000000365,signal,84
155170,1763744100,1,1.0,4093.75,155253,1763757900,4059.17,-34.57999999999993,0.16,-34.739999999999924,session,45
155241,1763942400,1,1.0,4075.14,155253,1763946300,4062.97,-12.170000000000073,0.16,-12.330000000000073,signal,13
155465,1764009600,1,1.0,4111.68,155548,1764017700,4130.2,18.519999999999527,0.16,18.359999999999527,session,26
155516,1764028800,1,1.0,4143.73,155548,1764038700,4152.11,8.38000000000011,0.16,8.220000000000109,signal,33
156475,1764338400,1,1.0,4182.49,156558,1764544200,4209.19,26.699999999999818,0.16,26.539999999999818,data_gap,69
156555,1764547200,1,1.0,4221.87,156558,1764548400,4221.55,-0.31999999999970896,0.16,-0.479999999999709,signal,4
156987,1764680700,1,1.0,4211.52,157070,1764705900,4197.58,-13.94000000000051,0.16,-14.10000000000051,signal,84
157078,1764708000,1,1.0,4210.18,157161,1764708900,4207.93,-2.25,0.16,-2.41,session,2
157105,1764720000,1,1.0,4212.72,157161,1764737100,4223.94,11.219999999999345,0.16,11.059999999999345,signal,57
157266,1764768300,1,1.0,4220.23,157349,1764793500,4208.68,-11.549999999999272,0.16,-11.709999999999273,signal,84
157817,1764941400,1,1.0,4232.99,157900,1764966600,4203.01,-29.979999999999563,0.16,-30.139999999999564,signal,84
158708,1765393500,1,1.0,4206.4,158791,1765400100,4232.22,25.82000000000062,0.16,25.66000000000062,session,21
158754,1765411200,1,1.0,4232.39,158791,1765422600,4213.65,-18.74000000000069,0.16,-18.90000000000069,signal,38
158930,1765464000,1,1.0,4239.79,159013,1765486500,4274.28,34.48999999999978,0.16,34.329999999999785,session,74
159734,1765890000,1,1.0,4294.54,159817,1765915200,4310.77,16.230000000000473,0.16,16.070000000000473,signal,84
160012,1765977300,1,1.0,4323.25,160095,1766002500,4339.17,15.920000000000073,0.16,15.760000000000073,signal,84
160291,1766064900,1,1.0,4329.65,160374,1766090100,4335.15,5.5,0.16,5.34,signal,84
160834,1766408700,1,1.0,4417.93,160917,1766433900,4436.55,18.61999999999989,0.16,18.45999999999989,signal,84
161109,1766495100,1,1.0,4493.08,161192,1766520300,4491.41,-1.6700000000000728,0.16,-1.8300000000000727,signal,84
162453,1767189000,1,1.0,4339.61,162536,1767214200,4316.07,-23.539999999999964,0.16,-23.699999999999964,signal,84
163017,1767625500,1,1.0,4452.04,163100,1767646500,4442.16,-9.88000000000011,0.16,-10.04000000000011,session,69
163907,1767904200,1,1.0,4470.72,163990,1767905700,4474.39,3.6700000000000728,0.16,3.5100000000000726,session,4
163937,1767916800,1,1.0,4475.71,163990,1767933000,4462.89,-12.819999999999709,0.16,-12.979999999999709,signal,54
164370,1768223400,1,1.0,4601.28,164453,1768248600,4600.55,-0.7299999999995634,0.16,-0.8899999999995635,signal,84
164644,1768309200,1,1.0,4593.47,164727,1768334400,4597.64,4.170000000000073,0.16,4.010000000000073,signal,84
166563,1769092500,1,1.0,4842.49,166646,1769115300,4921.09,78.60000000000036,0.16,78.44000000000037,session,75
167457,1769544300,1,1.0,5119.05,167540,1769547300,5176.65,57.599999999999454,0.16,57.43999999999946,session,9
167492,1769558400,1,1.0,5172.05,167540,1769573100,5239.52,67.47000000000025,0.16,67.31000000000026,signal,49
167619,1769596500,-1,1.0,5273.72,167702,1769621700,5293.5,-19.779999999999745,0.16,-19.939999999999745,signal,84
167739,1769632500,1,1.0,5358.89,167822,1769633700,5369.37,10.479999999999563,0.16,10.319999999999563,session,3
167768,1769644800,1,1.0,5512.57,167822,1769661300,5561.96,49.39000000000033,0.16,49.23000000000033,signal,55
167869,1769675100,-1,1.0,5530.28,167952,1769700300,5295.55,234.72999999999956,0.16,234.56999999999957,signal,84
167966,1769704200,-1,1.0,5289.97,168049,1769720100,5390.69,-100.71999999999935,0.16,-100.87999999999934,session,52
168044,1769731200,-1,1.0,5438.42,168049,1769733000,5426.68,11.739999999999782,0.16,11.579999999999782,signal,6
168133,1769757900,-1,1.0,5179.01,168216,1769783100,5070.76,108.25,0.16,108.09,signal,84
168498,1770043800,-1,1.0,4732.8,168581,1770065700,4663.41,69.39000000000033,0.16,69.23000000000033,session,72
168993,1770199500,-1,1.0,5051.48,169076,1770224700,4912.97,138.5099999999993,0.16,138.3499999999993,signal,84
169581,1770383100,1,1.0,4926.38,169664,1770408300,4955.13,28.75,0.16,28.59,signal,84
170363,1770801300,-1,1.0,5051.67,170446,1770826500,5056.08,-4.4099999999998545,0.16,-4.569999999999855,signal,84
170615,1770880500,-1,1.0,5063.04,170698,1770905700,5065.73,-2.6899999999996,0.16,-2.8499999999996,signal,84
170720,1770912000,-1,1.0,5060.42,170803,1770915300,4931.87,128.55000000000018,0.16,128.39000000000019,data_gap,7
170728,1770915300,-1,1.0,4939.63,170803,1770929700,4919.81,19.81999999999971,0.16,19.65999999999971,session,47
170801,1770940800,-1,1.0,4920.18,170803,1770941700,4942.0,-21.81999999999971,0.16,-21.97999999999971,signal,3
170891,1770967800,-1,1.0,4968.5,170974,1770993000,5002.68,-34.18000000000029,0.16,-34.34000000000029,signal,84
171222,1771243500,-1,1.0,5002.8,171305,1771268700,4995.65,7.150000000000546,0.16,6.9900000000005456,signal,84
171408,1771311900,-1,1.0,4910.96,171491,1771337100,4871.85,39.10999999999967,0.16,38.949999999999676,signal,84
171495,1771338000,-1,1.0,4893.28,171578,1771361700,4882.67,10.609999999999673,0.16,10.449999999999672,session,78
171710,1771406100,-1,1.0,4917.11,171793,1771419600,4943.52,-26.410000000000764,0.16,-26.570000000000764,signal,45
171755,1771419600,1,1.0,4943.52,171838,1771444800,4980.12,36.599999999999454,0.16,36.43999999999946,signal,84
172005,1771498200,-1,1.0,4990.16,172088,1771523400,4991.58,-1.4200000000000728,0.16,-1.5800000000000727,signal,84
172603,1771857600,1,1.0,5184.08,172686,1771880100,5234.29,50.210000000000036,0.16,50.05000000000004,session,74
172920,1771956300,1,1.0,5167.29,173003,1771966500,5163.71,-3.5799999999999272,0.16,-3.7399999999999274,session,33
172979,1771977600,1,1.0,5146.56,173003,1771985100,5183.37,36.80999999999949,0.16,36.649999999999494,signal,25
173689,1772197800,1,1.0,5211.51,173772,1772223000,5251.21,39.69999999999982,0.16,39.53999999999982,signal,84
175074,1772804100,1,1.0,5123.9,175157,1772829300,5151.31,27.410000000000764,0.16,27.250000000000764,signal,84
175424,1773081900,1,1.0,5118.08,175507,1773089700,5135.21,17.13000000000011,0.16,16.97000000000011,session,25
175475,1773100800,1,1.0,5139.78,175507,1773110700,5182.61,42.82999999999993,0.16,42.66999999999993,signal,33
175632,1773147900,1,1.0,5195.66,175715,1773173100,5196.83,1.1700000000000728,0.16,1.0100000000000728,signal,84
176805,1773687000,1,1.0,5015.6,176888,1773694500,5006.43,-9.170000000000073,0.16,-9.330000000000073,session,24
176855,1773705600,1,1.0,5012.86,176888,1773715800,5024.75,11.890000000000327,0.16,11.730000000000327,signal,34
177636,1773947100,1,1.0,4635.22,177719,1773953700,4657.36,22.139999999999418,0.16,21.979999999999418,session,21
177683,1773964800,1,1.0,4643.79,177719,1773975900,4707.37,63.57999999999993,0.16,63.41999999999993,signal,37
178480,1774383900,1,1.0,4464.16,178563,1774385700,4481.03,16.86999999999989,0.16,16.70999999999989,session,5
178511,1774396800,1,1.0,4546.79,178563,1774409400,4575.53,28.73999999999978,0.16,28.57999999999978,data_gap,38
178550,1774409400,1,1.0,4575.53,178563,1774413600,4572.1,-3.4299999999993815,0.16,-3.5899999999993817,signal,14
179027,1774556100,1,1.0,4397.29,179110,1774558500,4376.01,-21.279999999999745,0.16,-21.439999999999745,session,7
179060,1774569600,1,1.0,4404.97,179110,1774584900,4433.92,28.949999999999818,0.16,28.789999999999818,signal,51
179229,1774620300,1,1.0,4457.72,179312,1774644300,4505.8,48.07999999999993,0.16,47.91999999999993,session,79
179781,1774965900,1,1.0,4614.04,179864,1774990500,4665.55,51.51000000000022,0.16,51.35000000000022,session,81
180928,1775583600,1,1.0,4679.14,181011,1775595300,4708.82,29.67999999999938,0.16,29.51999999999938,session,38
180992,1775606400,1,1.0,4833.4,181011,1775612400,4798.44,-34.960000000000036,0.16,-35.12000000000003,signal,20
181433,1775742300,1,1.0,4775.81,181516,1775767500,4764.49,-11.320000000000618,0.16,-11.480000000000619,signal,84
182302,1776186600,1,1.0,4829.55,182385,1776200100,4841.99,12.4399999999996,0.16,12.2799999999996,session,44
182372,1776211200,1,1.0,4837.31,182385,1776215400,4840.85,3.5399999999999636,0.16,3.3799999999999635,signal,14
183080,1776430800,1,1.0,4846.66,183163,1776456000,4854.53,7.869999999999891,0.16,7.709999999999891,signal,84
184475,1777040100,1,1.0,4731.21,184558,1777063500,4707.5,-23.710000000000036,0.16,-23.870000000000037,session,77
185852,1777644000,1,1.0,4625.75,185935,1777668300,4613.78,-11.970000000000255,0.16,-12.130000000000255,session,80
187496,1778504400,1,1.0,4700.05,187579,1778529600,4733.66,33.60999999999967,0.16,33.449999999999676,signal,84
187841,1778611500,1,1.0,4695.44,187924,1778619300,4713.65,18.210000000000036,0.16,18.050000000000036,session,25
187892,1778630400,1,1.0,4717.11,187924,1778640300,4694.56,-22.549999999999272,0.16,-22.709999999999273,signal,33
189447,1779287700,1,1.0,4524.76,189530,1779310500,4542.97,18.210000000000036,0.16,18.050000000000036,session,75
189755,1779383700,1,1.0,4526.51,189838,1779396900,4541.86,15.349999999999454,0.16,15.189999999999454,session,43
189824,1779408000,1,1.0,4535.55,189838,1779412500,4529.8,-5.75,0.16,-5.91,signal,15
191054,1779973200,1,1.0,4432.2,191137,1779998400,4497.9,65.69999999999982,0.16,65.53999999999982,signal,84
191353,1780066500,1,1.0,4556.99,191436,1780087500,4543.78,-13.210000000000036,0.16,-13.370000000000037,session,69
191663,1780335900,1,1.0,4491.62,191746,1780347300,4483.24,-8.38000000000011,0.16,-8.54000000000011,session,37
191726,1780358400,1,1.0,4484.45,191746,1780364700,4479.94,-4.510000000000218,0.16,-4.670000000000218,signal,21
193272,1781013000,1,1.0,4352.15,193355,1781038200,4261.88,-90.26999999999953,0.16,-90.42999999999952,signal,84
193869,1781199300,1,1.0,4148.73,193952,1781211300,4212.17,63.44000000000051,0.16,63.28000000000051,session,39
193934,1781222400,1,1.0,4219.96,193952,1781228100,4179.94,-40.02000000000044,0.16,-40.18000000000043,signal,19
194155,1781288700,1,1.0,4229.09,194238,1781297100,4213.8,-15.289999999999964,0.16,-15.449999999999964,session,27
194210,1781481600,1,1.0,4294.15,194238,1781490300,4329.64,35.49000000000069,0.16,35.330000000000695,signal,29
194935,1781706300,1,1.0,4358.3,195018,1781729700,4258.12,-100.18000000000029,0.16,-100.34000000000029,session,77
195201,1781789700,1,1.0,4272.32,195284,1781814900,4216.3,-56.01999999999953,0.16,-56.179999999999524,signal,84
195470,1781874000,1,1.0,4179.11,195553,1782079500,4156.8,-22.30999999999949,0.16,-22.46999999999949,data_gap,48
195542,1782086400,1,1.0,4140.24,195553,1782090000,4200.88,60.64000000000033,0.16,60.48000000000033,signal,12
196527,1782392700,1,1.0,4029.26,196610,1782417900,4031.45,2.1899999999996,0.16,2.0299999999995997,signal,84
196814,1782482400,1,1.0,4073.66,196897,1782506700,4070.78,-2.8799999999996544,0.16,-3.0399999999996545,session,80
197371,1782829500,1,1.0,4062.67,197454,1782852900,4010.73,-51.940000000000055,0.16,-52.10000000000005,session,77
197638,1782913200,1,1.0,4071.31,197721,1782938400,4035.04,-36.26999999999998,0.16,-36.42999999999998,signal,84
197906,1782997200,1,1.0,4117.54,197989,1783022400,4121.39,3.850000000000364,0.16,3.6900000000003637,signal,84
199032,1783536600,1,1.0,4090.75,199115,1783544100,4079.49,-11.260000000000218,0.16,-11.420000000000218,session,24
199082,1783555200,1,1.0,4076.25,199115,1783565400,4069.19,-7.059999999999945,0.16,-7.219999999999946,signal,34
199242,1783603200,1,1.0,4120.51,199325,1783628400,4121.85,1.3400000000001455,0.16,1.1800000000001456,signal,84
199599,1783713900,1,1.0,4113.52,199682,1783716300,4111.88,-1.6400000000003274,0.16,-1.8000000000003273,session,7
199634,1783900800,1,1.0,4084.51,199682,1783915500,4057.36,-27.15000000000009,0.16,-27.31000000000009,signal,49
200066,1784034000,1,1.0,4076.22,200149,1784059200,4055.78,-20.4399999999996,0.16,-20.5999999999996,signal,84
200342,1784120400,1,1.0,4067.86,200425,1784145600,4057.06,-10.800000000000182,0.16,-10.960000000000182,signal,84
201511,1784658300,1,1.0,4081.32,201594,1784667300,4077.74,-3.580000000000382,0.16,-3.740000000000382,session,29
201566,1784678400,1,1.0,4080.66,201594,1784687100,4124.92,44.26000000000022,0.16,44.10000000000022,signal,29
201729,1784727300,1,1.0,4142.26,201812,1784752500,4135.41,-6.850000000000364,0.16,-7.010000000000364,signal,84
202302,1784906400,1,1.0,4077.25,202385,1784925900,4055.53,-21.7199999999998,0.16,-21.8799999999998,session,64
202627,1785180300,1,1.0,4085.21,202710,1785185700,4076.71,-8.5,0.16,-8.66,session,17
202670,1785196800,1,1.0,4073.32,202710,1785209100,4048.59,-24.730000000000018,0.16,-24.89000000000002,signal,41
203150,1785344400,1,1.0,4027.35,203233,1785358500,4065.54,38.190000000000055,0.16,38.03000000000006,session,46
203222,1785369600,1,1.0,4084.7,203233,1785373200,4072.28,-12.419999999999618,0.16,-12.579999999999618,signal,12
204003,1785783900,1,1.0,4048.13,204086,1785790500,4054.92,6.789999999999964,0.16,6.6299999999999635,session,21
204050,1785801600,1,1.0,4053.95,204086,1785812700,4057.9,3.950000000000273,0.16,3.7900000000002727,signal,37
204211,1785849900,1,1.0,4081.54,204294,1785875100,4075.35,-6.190000000000055,0.16,-6.350000000000055,signal,84
204496,1785939000,1,1.0,4227.65,204579,1785963300,4244.39,16.74000000000069,0.16,16.58000000000069,session,80
205377,1786386900,1,1.0,4379.64,205460,1786395300,4389.49,9.849999999999454,0.16,9.689999999999454,session,27
205430,1786406400,1,1.0,4402.3,205460,1786415700,4426.8,24.5,0.16,24.34,signal,31
206422,1786714800,1,1.0,4395.4,206505,1786740000,4375.75,-19.649999999999636,0.16,-19.809999999999636,signal,84
206702,1786975200,1,1.0,4408.75,206785,1787000100,4415.83,7.079999999999927,0.16,6.919999999999927,session,82
207242,1787144400,1,1.0,4438.82,207325,1787169600,4511.31,72.49000000000069,0.16,72.3300000000007,signal,84
207543,1787238300,1,1.0,4535.77,207626,1787259300,4519.73,-16.040000000000873,0.16,-16.200000000000873,session,69
208422,1787685600,1,1.0,4666.45,208505,1787691300,4659.73,-6.720000000000255,0.16,-6.880000000000255,session,18
208466,1787702400,1,1.0,4654.9,208505,1787714400,4647.57,-7.329999999999927,0.16,-7.489999999999927,signal,40
209532,1788205800,1,1.0,4448.79,209615,1788209700,4448.15,-0.6400000000003274,0.16,-0.8000000000003274,session,12
209570,1788220800,1,1.0,4452.29,209615,1788234600,4441.52,-10.769999999999527,0.16,-10.929999999999527,signal,46
210009,1788356100,1,1.0,4364.87,210092,1788381300,4387.41,22.539999999999964,0.16,22.379999999999963,signal,84
210278,1788440400,1,1.0,4493.51,210361,1788465600,4474.35,-19.159999999999854,0.16,-19.319999999999855,signal,84
210852,1788792600,1,1.0,4413.98,210935,1788818700,4412.7,-1.2799999999997453,0.16,-1.4399999999997453,data_gap,44
210920,1788825600,1,1.0,4423.05,210935,1788830400,4428.52,5.470000000000255,0.16,5.3100000000002545,signal,16
