entry_i,entry_time,side,oz,entry_px,entry_reason,entry_cost,entry_atr,best_px,exit_i,exit_time,exit_px,gross_pnl,costs,net_pnl,bars_held,exit_reason
3410,1695996900,1,1.0,1878.66,signal,0.08,,1878.66,3486,1696019700,1849.08,-29.580000000000155,0.16,-29.74000000000015,76,signal
4224,1696425600,1,1.0,1827.92,signal,0.08,,1827.92,4307,1696450500,1818.8,-9.120000000000118,0.16,-9.280000000000118,83,signal
4340,1696464300,1,1.0,1822.44,signal,0.08,,1822.44,4396,1696481100,1828.46,6.019999999999982,0.16,5.859999999999982,56,signal
4809,1696608900,1,1.0,1829.86,signal,0.08,,1829.86,4861,1696624500,1830.44,0.5800000000001546,0.16,0.42000000000015464,52,signal
4890,1696809900,1,1.0,1847.44,signal,0.08,,1847.44,4892,1696810500,1848.2,0.7599999999999909,0.16,0.599999999999991,2,signal
5114,1696877100,1,1.0,1854.96,signal,0.08,,1854.96,5138,1696884300,1863.26,8.299999999999955,0.16,8.139999999999954,24,signal
5165,1696896300,1,1.0,1860.69,signal,0.08,,1860.69,5197,1696905900,1864.36,3.6699999999998454,0.16,3.5099999999998452,32,signal
6145,1697202000,1,1.0,1896.48,signal,0.08,,1896.48,6228,1697226900,1927.97,31.49000000000001,0.16,31.330000000000013,83,signal
6425,1697462700,1,1.0,1923.42,signal,0.08,,1923.42,6508,1697487600,1919.03,-4.3900000000001,0.16,-4.5500000000001,83,signal
6698,1697548500,1,1.0,1926.33,signal,0.08,,1926.33,6781,1697573400,1923.42,-2.9099999999998545,0.16,-3.0699999999998546,83,signal
6971,1697634300,1,1.0,1948.37,signal,0.08,,1948.37,7054,1697659200,1950.6,2.230000000000018,0.16,2.070000000000018,83,signal
7310,1697739900,1,1.0,1966.79,signal,0.08,,1966.79,7338,1697748300,1977.38,10.590000000000146,0.16,10.430000000000145,28,signal
7365,1697760300,1,1.0,1973.17,signal,0.08,,1973.17,7393,1697768700,1974.5,1.3299999999999272,0.16,1.169999999999927,28,signal
7545,1697814300,1,1.0,1987.36,signal,0.08,,1987.36,7611,1697834100,1980.76,-6.599999999999909,0.16,-6.759999999999909,66,signal
8124,1698168900,1,1.0,1974.01,signal,0.08,,1974.01,8162,1698180300,1971.82,-2.1900000000000546,0.16,-2.3500000000000547,38,signal
8189,1698192300,1,1.0,1970.69,signal,0.08,,1970.69,8207,1698197700,1975.16,4.470000000000027,0.16,4.310000000000027,18,signal
8367,1698245700,1,1.0,1986.4,signal,0.08,,1986.4,8437,1698266700,1981.45,-4.9500000000000455,0.16,-5.110000000000046,70,signal
8961,1698431700,1,1.0,1991.6,signal,0.08,,1991.6,8985,1698438900,2007.35,15.75,0.16,15.59,24,signal
9014,1698624300,1,1.0,2001.56,signal,0.08,,2001.56,9044,1698633300,2003.1,1.5399999999999636,0.16,1.3799999999999635,30,signal
10276,1699018500,1,1.0,1999.83,signal,0.08,,1999.83,10359,1699043400,1993.4,-6.429999999999836,0.16,-6.589999999999836,83,signal
11389,1699541100,1,1.0,1956.28,signal,0.08,,1956.28,11461,1699562700,1957.88,1.6000000000001364,0.16,1.4400000000001363,72,signal
11961,1699893300,1,1.0,1945.24,signal,0.08,,1945.24,12011,1699908300,1946.39,1.150000000000091,0.16,0.9900000000000909,50,signal
12038,1699920300,1,1.0,1946.41,signal,0.08,,1946.41,12044,1699922100,1946.8,0.38999999999987267,0.16,0.22999999999987264,6,signal
12200,1699968900,1,1.0,1956.96,signal,0.08,,1956.96,12283,1699993800,1964.2,7.240000000000009,0.16,7.080000000000009,83,signal
12750,1700141700,1,1.0,1971.89,signal,0.08,,1971.89,12833,1700166600,1981.54,9.649999999999864,0.16,9.489999999999863,83,signal
13353,1700503500,1,1.0,1978.06,signal,0.08,,1978.06,13385,1700513100,1977.82,-0.2400000000000091,0.16,-0.4000000000000091,32,signal
13412,1700525100,1,1.0,1981.22,signal,0.08,,1981.22,13436,1700532300,1990.45,9.230000000000018,0.16,9.070000000000018,24,signal
13572,1700573100,1,1.0,1996.03,signal,0.08,,1996.03,13655,1700598000,1999.14,3.1100000000001273,0.16,2.950000000000127,83,signal
14371,1700833200,1,1.0,2001.6,signal,0.08,,2001.6,14433,1701039900,2001.37,-0.2300000000000182,0.16,-0.3900000000000182,62,session
14445,1701043500,1,1.0,2002.57,signal,0.08,,2002.57,14454,1701046200,2002.12,-0.4500000000000455,0.16,-0.6100000000000454,9,signal
14884,1701179100,1,1.0,2020.08,signal,0.08,,2020.08,14967,1701204000,2040.89,20.810000000000173,0.16,20.650000000000176,83,signal
15725,1701443100,1,1.0,2047.97,signal,0.08,,2047.97,15791,1701462900,2070.05,22.080000000000155,0.16,21.920000000000158,66,signal
16856,1701971400,1,1.0,2028.57,signal,0.08,,2028.57,16891,1701981900,2030.18,1.6100000000001273,0.16,1.4500000000001272,35,signal
16918,1701993900,1,1.0,2028.54,signal,0.08,,2028.54,16939,1702000200,2030.92,2.380000000000109,0.16,2.220000000000109,21,signal
17626,1702386900,1,1.0,1992.38,signal,0.08,,1992.38,17709,1702411800,1979.96,-12.420000000000073,0.16,-12.580000000000073,83,signal
17905,1702474500,1,1.0,1984.36,signal,0.08,,1984.36,17991,1702500300,2020.47,36.11000000000013,0.16,35.95000000000013,86,signal
18018,1702512300,1,1.0,2033.82,signal,0.08,,2033.82,18071,1702528200,2030.84,-2.980000000000018,0.16,-3.1400000000000183,53,signal
18193,1702564800,1,1.0,2046.99,signal,0.08,,2046.99,18266,1702586700,2036.24,-10.75,0.16,-10.91,73,signal
18781,1702921800,1,1.0,2028.59,signal,0.08,,2028.59,18816,1702932300,2026.08,-2.509999999999991,0.16,-2.669999999999991,35,signal
18843,1702944300,1,1.0,2027.33,signal,0.08,,2027.33,18864,1702950600,2026.58,-0.75,0.16,-0.9099999999999999,21,signal
19002,1702992000,1,1.0,2032.31,signal,0.08,,2032.31,19085,1703016900,2039.25,6.940000000000055,0.16,6.780000000000054,83,signal
19557,1703166300,1,1.0,2043.27,signal,0.08,,2043.27,19640,1703191200,2044.44,1.1700000000000728,0.16,1.0100000000000726,83,signal
20184,1703621400,1,1.0,2063.14,signal,0.08,,2063.14,20191,1703623500,2066.74,3.599999999999909,0.16,3.439999999999909,7,signal
20218,1703635500,1,1.0,2066.26,signal,0.08,,2066.26,20267,1703650200,2064.13,-2.130000000000109,0.16,-2.2900000000001093,49,signal
20403,1703691000,1,1.0,2077.08,signal,0.08,,2077.08,20466,1703709900,2077.06,-0.01999999999998181,0.16,-0.1799999999999818,63,signal
21552,1704310500,1,1.0,2039.53,signal,0.08,,2039.53,21566,1704314700,2041.42,1.8900000000001,0.16,1.7300000000001,14,signal
21593,1704326700,1,1.0,2042.89,signal,0.08,,2042.89,21635,1704339300,2046.33,3.439999999999827,0.16,3.279999999999827,42,signal
22048,1704467100,1,1.0,2057.44,signal,0.08,,2057.44,22114,1704486900,2044.19,-13.25,0.16,-13.41,66,signal
22581,1704807600,1,1.0,2038.46,signal,0.08,,2038.46,22664,1704832500,2028.79,-9.670000000000073,0.16,-9.830000000000073,83,signal
23128,1704979500,1,1.0,2038.99,signal,0.08,,2038.99,23211,1705004400,2024.01,-14.980000000000018,0.16,-15.140000000000018,83,signal
23405,1705066500,1,1.0,2052.37,signal,0.08,,2052.37,23488,1705091400,2046.93,-5.439999999999827,0.16,-5.599999999999827,83,signal
23931,1705412700,1,1.0,2043.13,signal,0.08,,2043.13,24014,1705437600,2028.62,-14.510000000000218,0.16,-14.670000000000218,83,signal
25376,1706038500,1,1.0,2029.71,signal,0.08,,2029.71,25390,1706042700,2028.66,-1.0499999999999545,0.16,-1.2099999999999547,14,signal
25417,1706054700,1,1.0,2028.74,signal,0.08,,2028.74,25459,1706067300,2024.44,-4.2999999999999545,0.16,-4.459999999999955,42,signal
26406,1706535900,1,1.0,2035.25,signal,0.08,,2035.25,26489,1706560800,2031.5,-3.75,0.16,-3.91,83,signal
26686,1706623800,1,1.0,2040.78,signal,0.08,,2040.78,26765,1706647500,2036.13,-4.649999999999864,0.16,-4.809999999999864,79,signal
26962,1706710500,1,1.0,2044.28,signal,0.08,,2044.28,27040,1706733900,2034.62,-9.660000000000082,0.16,-9.820000000000082,78,signal
27230,1706794800,1,1.0,2040.23,signal,0.08,,2040.23,27313,1706819700,2055.55,15.320000000000164,0.16,15.160000000000164,83,signal
28049,1707225000,1,1.0,2029.65,signal,0.08,,2029.65,28132,1707249900,2036.29,6.639999999999873,0.16,6.4799999999998725,83,signal
28343,1707317100,1,1.0,2040.42,signal,0.08,,2040.42,28415,1707338700,2035.39,-5.029999999999973,0.16,-5.189999999999973,72,signal
28616,1707402900,1,1.0,2031.08,signal,0.08,,2031.08,28690,1707425100,2033.35,2.269999999999982,0.16,2.1099999999999817,74,signal
28879,1707485700,1,1.0,2032.42,signal,0.08,,2032.42,28962,1707510600,2026.13,-6.289999999999964,0.16,-6.449999999999964,83,signal
29150,1707743700,1,1.0,2026.52,signal,0.08,,2026.52,29233,1707768600,2019.73,-6.789999999999964,0.16,-6.949999999999964,83,signal
30279,1708098000,1,1.0,2007.6,signal,0.08,,2007.6,30338,1708115700,2012.74,5.1400000000001,0.16,4.9800000000001,59,signal
30575,1708364100,1,1.0,2017.85,signal,0.08,,2017.85,30598,1708383900,2016.96,-0.8899999999998727,0.16,-1.0499999999998726,23,session
30610,1708387500,1,1.0,2016.03,signal,0.08,,2016.03,30658,1708401900,2018.59,2.5599999999999454,0.16,2.3999999999999453,48,signal
31590,1708693200,1,1.0,2028.06,signal,0.08,,2028.06,31673,1708718100,2037.39,9.330000000000155,0.16,9.170000000000154,83,signal
31952,1708978500,1,1.0,2031.89,signal,0.08,,2031.89,31958,1708980300,2033.38,1.490000000000009,0.16,1.330000000000009,6,signal
31985,1708992300,1,1.0,2032.08,signal,0.08,,2032.08,32035,1709007300,2033.96,1.8800000000001091,0.16,1.720000000000109,50,signal
32203,1709057700,1,1.0,2035.1,signal,0.08,,2035.1,32233,1709066700,2030.03,-5.069999999999936,0.16,-5.2299999999999365,30,signal
32260,1709078700,1,1.0,2029.72,signal,0.08,,2029.72,32286,1709086500,2032.92,3.2000000000000455,0.16,3.0400000000000453,26,signal
32418,1709126100,1,1.0,2032.34,signal,0.08,,2032.34,32501,1709151000,2033.35,1.009999999999991,0.16,0.849999999999991,83,signal
32697,1709213700,1,1.0,2037.78,signal,0.08,,2037.78,32780,1709238600,2044.51,6.730000000000018,0.16,6.570000000000018,83,signal
32993,1709306400,1,1.0,2058.51,signal,0.08,,2058.51,33056,1709325300,2084.4,25.889999999999873,0.16,25.729999999999876,63,signal
33252,1709560800,1,1.0,2091.68,signal,0.08,,2091.68,33333,1709585100,2118.03,26.350000000000364,0.16,26.190000000000367,81,signal
33521,1709645400,1,1.0,2131.76,signal,0.08,,2131.76,33604,1709670300,2130.29,-1.4700000000002547,0.16,-1.6300000000002548,83,signal
33809,1709735700,1,1.0,2144.33,signal,0.08,,2144.33,33883,1709757900,2145.69,1.3600000000001273,0.16,1.2000000000001272,74,signal
34067,1709817000,1,1.0,2158.47,signal,0.08,,2158.47,34150,1709841900,2159.27,0.8000000000001819,0.16,0.640000000000182,83,signal
34347,1709904900,1,1.0,2178.27,signal,0.08,,2178.27,34430,1709929800,2176.82,-1.449999999999818,0.16,-1.6099999999998182,83,signal
35185,1710340800,1,1.0,2169.44,signal,0.08,,2169.44,35258,1710362700,2173.13,3.6900000000000546,0.16,3.5300000000000544,73,signal
36565,1710947100,1,1.0,2163.41,signal,0.08,,2163.41,36633,1710967500,2182.58,19.170000000000073,0.16,19.010000000000076,68,signal
37094,1711113600,1,1.0,2172.73,signal,0.08,,2172.73,37177,1711138500,2162.57,-10.159999999999854,0.16,-10.319999999999855,83,signal
38246,1711647600,1,1.0,2224.98,signal,0.08,,2224.98,38283,1711658700,2219.0,-5.980000000000018,0.16,-6.140000000000018,37,signal
38310,1711929900,1,1.0,2237.36,signal,0.08,,2237.36,38329,1711935600,2253.89,16.529999999999745,0.16,16.36999999999975,19,signal
38814,1712085000,1,1.0,2270.91,signal,0.08,,2270.91,38833,1712090700,2276.5,5.5900000000001455,0.16,5.430000000000145,19,signal
38860,1712102700,1,1.0,2283.56,signal,0.08,,2283.56,38897,1712113800,2284.11,0.5500000000001819,0.16,0.39000000000018187,37,signal
39596,1712331300,1,1.0,2317.25,signal,0.08,,2317.25,39656,1712349300,2323.44,6.190000000000055,0.16,6.030000000000054,60,signal
39918,1712604600,1,1.0,2341.75,signal,0.08,,2341.75,39933,1712609100,2338.83,-2.9200000000000728,0.16,-3.080000000000073,15,signal
39960,1712621100,1,1.0,2338.85,signal,0.08,,2338.85,40001,1712633400,2342.37,3.519999999999982,0.16,3.3599999999999817,41,signal
40730,1712859900,1,1.0,2355.77,signal,0.08,,2355.77,40758,1712868300,2370.05,14.2800000000002,0.16,14.1200000000002,28,signal
40785,1712880300,1,1.0,2374.53,signal,0.08,,2374.53,40813,1712888700,2383.19,8.659999999999854,0.16,8.499999999999854,28,signal
41299,1713211200,1,1.0,2375.98,signal,0.08,,2375.98,41308,1713213900,2382.59,6.610000000000127,0.16,6.450000000000127,9,signal
41335,1713225900,1,1.0,2385.16,signal,0.08,,2385.16,41382,1713240000,2386.17,1.0100000000002183,0.16,0.8500000000002184,47,signal
42872,1713879600,1,1.0,2313.25,signal,0.08,,2313.25,42955,1713904500,2322.59,9.340000000000146,0.16,9.180000000000145,83,signal
43176,1713974700,1,1.0,2336.18,signal,0.08,,2336.18,43232,1713991500,2319.46,-16.7199999999998,0.16,-16.879999999999797,56,signal
43446,1714059600,1,1.0,2342.62,signal,0.08,,2342.62,43507,1714077900,2334.26,-8.359999999999673,0.16,-8.519999999999673,61,signal
44539,1714576200,1,1.0,2307.35,signal,0.08,,2307.35,44606,1714596300,2314.99,7.639999999999873,0.16,7.4799999999998725,67,signal
45070,1714743300,1,1.0,2315.22,signal,0.08,,2315.22,45153,1714768200,2298.73,-16.48999999999978,0.16,-16.64999999999978,83,signal
45346,1715003100,1,1.0,2324.62,signal,0.08,,2324.62,45429,1715028000,2325.24,0.6199999999998909,0.16,0.4599999999998909,83,signal
46167,1715261100,1,1.0,2318.82,signal,0.08,,2318.82,46250,1715286000,2336.12,17.299999999999727,0.16,17.13999999999973,83,signal
46254,1715287200,1,1.0,2341.41,signal,0.08,,2341.41,46255,1715287500,2340.92,-0.4899999999997817,0.16,-0.6499999999997816,1,signal
46282,1715299500,1,1.0,2346.93,signal,0.08,,2346.93,46337,1715316000,2352.38,5.450000000000273,0.16,5.290000000000273,55,signal
47268,1715780100,1,1.0,2370.83,signal,0.08,,2370.83,47351,1715805000,2386.29,15.460000000000036,0.16,15.300000000000036,83,signal
47824,1715954700,1,1.0,2396.94,signal,0.08,,2396.94,47902,1715978100,2415.87,18.929999999999836,0.16,18.76999999999984,78,signal
48365,1716297900,1,1.0,2426.9,signal,0.08,,2426.9,48448,1716322800,2423.89,-3.0100000000002183,0.16,-3.1700000000002184,83,signal
49481,1716821400,1,1.0,2355.19,signal,0.08,,2355.19,49537,1716851100,2352.22,-2.9700000000002547,0.16,-3.130000000000255,56,session
49549,1716854700,1,1.0,2351.58,signal,0.08,,2351.58,49564,1716859200,2352.7,1.1199999999998909,0.16,0.9599999999998908,15,signal
49707,1716902100,1,1.0,2350.52,signal,0.08,,2350.52,49790,1716927000,2357.08,6.559999999999945,0.16,6.399999999999945,83,signal
50536,1717162500,1,1.0,2349.39,signal,0.08,,2349.39,50619,1717187400,2321.54,-27.84999999999991,0.16,-28.009999999999906,83,signal
50809,1717421400,1,1.0,2331.88,signal,0.08,,2331.88,50892,1717446300,2346.47,14.58999999999969,0.16,14.42999999999969,83,signal
51364,1717595700,1,1.0,2343.09,signal,0.08,,2343.09,51446,1717620300,2353.48,10.389999999999873,0.16,10.229999999999873,82,signal
51670,1717691400,1,1.0,2374.82,signal,0.08,,2374.82,51721,1717706700,2372.98,-1.8400000000001455,0.16,-2.0000000000001457,51,signal
51748,1717718700,1,1.0,2377.08,signal,0.08,,2377.08,51753,1717720200,2377.16,0.07999999999992724,0.16,-0.08000000000007276,5,signal
52177,1718024400,1,1.0,2305.1,signal,0.08,,2305.1,52260,1718049300,2310.39,5.289999999999964,0.16,5.1299999999999635,83,signal
52453,1718111100,1,1.0,2309.62,signal,0.08,,2309.62,52536,1718136000,2313.81,4.190000000000055,0.16,4.030000000000054,83,signal
52734,1718199300,1,1.0,2325.03,signal,0.08,,2325.03,52817,1718224200,2316.68,-8.350000000000364,0.16,-8.510000000000364,83,signal
53009,1718285700,1,1.0,2319.97,signal,0.08,,2319.97,53092,1718310600,2303.52,-16.449999999999818,0.16,-16.609999999999815,83,signal
53833,1718717700,1,1.0,2317.04,signal,0.08,,2317.04,53916,1718742600,2329.45,12.409999999999854,0.16,12.249999999999854,83,signal
54370,1718895600,1,1.0,2349.36,signal,0.08,,2349.36,54439,1718916300,2358.8,9.440000000000055,0.16,9.280000000000054,69,signal
54622,1718975100,1,1.0,2367.82,signal,0.08,,2367.82,54705,1719000000,2322.2,-45.620000000000346,0.16,-45.78000000000034,83,signal
55722,1719493800,1,1.0,2319.95,signal,0.08,,2319.95,55805,1719518700,2327.61,7.660000000000309,0.16,7.500000000000309,83,signal
56631,1719951300,1,1.0,2329.04,signal,0.08,,2329.04,56637,1719953100,2329.53,0.49000000000023647,0.16,0.33000000000023644,6,signal
56664,1719965100,1,1.0,2330.98,signal,0.08,,2330.98,56714,1719980100,2329.01,-1.9699999999998,0.16,-2.1299999999998,50,signal
56826,1720013700,1,1.0,2352.37,signal,0.08,,2352.37,56909,1720038600,2354.93,2.5599999999999454,0.16,2.3999999999999453,83,signal
58164,1720616700,1,1.0,2378.38,signal,0.08,,2378.38,58247,1720641600,2372.68,-5.700000000000273,0.16,-5.860000000000273,83,signal
58445,1720704900,1,1.0,2399.63,signal,0.08,,2399.63,58528,1720729800,2417.13,17.5,0.16,17.340000000000003,83,signal
59022,1721058900,1,1.0,2429.9,signal,0.08,,2429.9,59080,1721076300,2422.7,-7.200000000000273,0.16,-7.360000000000273,58,signal
59300,1721146200,1,1.0,2455.98,signal,0.08,,2455.98,59355,1721162700,2466.8,10.820000000000164,0.16,10.660000000000164,55,signal
59382,1721174700,1,1.0,2469.61,signal,0.08,,2469.61,59383,1721175000,2469.2,-0.41000000000030923,0.16,-0.5700000000003093,1,signal
59843,1721316900,-1,1.0,2460.83,signal,0.08,,2460.83,59905,1721335500,2441.32,19.509999999999764,0.16,19.349999999999767,62,signal
60481,1721693100,1,1.0,2395.49,signal,0.08,,2395.49,60539,1721710500,2398.91,3.4200000000000728,0.16,3.2600000000000726,58,signal
60923,1721829600,1,1.0,2421.48,signal,0.08,,2421.48,61004,1721853900,2404.98,-16.5,0.16,-16.659999999999997,81,signal
61827,1722285600,1,1.0,2384.94,signal,0.08,,2384.94,61828,1722285900,2384.3,-0.6399999999998727,0.16,-0.7999999999998726,1,signal
61855,1722297900,1,1.0,2384.15,signal,0.08,,2384.15,61910,1722314400,2384.18,0.02999999999974534,0.16,-0.13000000000025466,55,signal
62028,1722349800,1,1.0,2394.56,signal,0.08,,2394.56,62103,1722372300,2406.24,11.679999999999836,0.16,11.519999999999836,75,signal
62377,1722458400,1,1.0,2449.79,signal,0.08,,2449.79,62378,1722458700,2447.54,-2.25,0.16,-2.41,1,signal
62405,1722470700,1,1.0,2447.47,signal,0.08,,2447.47,62460,1722487200,2443.86,-3.6099999999996726,0.16,-3.7699999999996727,55,signal
62565,1722518700,1,1.0,2445.17,signal,0.08,,2445.17,62648,1722543600,2440.44,-4.730000000000018,0.16,-4.890000000000018,83,signal
62842,1722605700,1,1.0,2473.57,signal,0.08,,2473.57,62925,1722630600,2431.96,-41.61000000000013,0.16,-41.770000000000124,83,signal
64504,1723473900,1,1.0,2452.04,signal,0.08,,2452.04,64576,1723495500,2471.32,19.2800000000002,0.16,19.120000000000203,72,signal
64765,1723556100,1,1.0,2470.37,signal,0.08,,2470.37,64848,1723581000,2465.75,-4.619999999999891,0.16,-4.779999999999891,83,signal
65310,1723727400,1,1.0,2465.63,signal,0.08,,2465.63,65393,1723752300,2459.38,-6.25,0.16,-6.41,83,signal
65583,1723813200,1,1.0,2472.21,signal,0.08,,2472.21,65666,1723838100,2504.13,31.920000000000073,0.16,31.760000000000076,83,signal
66483,1724268000,1,1.0,2518.91,signal,0.08,,2518.91,66500,1724273100,2514.71,-4.199999999999818,0.16,-4.359999999999818,17,signal
66527,1724285100,1,1.0,2514.09,signal,0.08,,2514.09,66566,1724296800,2506.11,-7.980000000000018,0.16,-8.140000000000018,39,signal
66982,1724425500,1,1.0,2510.87,signal,0.08,,2510.87,67048,1724445300,2510.91,0.03999999999996362,0.16,-0.12000000000003638,66,signal
67259,1724685600,-1,1.0,2516.04,signal,0.08,,2516.04,67292,1724695500,2522.36,-6.320000000000164,0.16,-6.480000000000164,33,signal
67292,1724695500,1,1.0,2522.36,signal,0.08,,2522.36,67324,1724705100,2519.43,-2.930000000000291,0.16,-3.090000000000291,32,signal
67351,1724717100,1,1.0,2517.15,signal,0.08,,2517.15,67375,1724724300,2512.81,-4.3400000000001455,0.16,-4.500000000000146,24,signal
67583,1724786700,1,1.0,2523.34,signal,0.08,,2523.34,67599,1724791500,2524.66,1.319999999999709,0.16,1.1599999999997088,16,signal
67626,1724803500,1,1.0,2527.12,signal,0.08,,2527.12,67666,1724815500,2517.06,-10.059999999999945,0.16,-10.219999999999946,40,signal
67799,1724855400,1,1.0,2510.16,signal,0.08,,2510.16,67874,1724877900,2507.92,-2.2399999999997817,0.16,-2.399999999999782,75,signal
68853,1725369300,1,1.0,2498.02,signal,0.08,,2498.02,68936,1725394200,2491.87,-6.150000000000091,0.16,-6.310000000000091,83,signal
68937,1725394500,1,1.0,2491.84,signal,0.08,,2491.84,68943,1725396300,2492.42,0.5799999999999272,0.16,0.4199999999999272,6,signal
68970,1725408300,1,1.0,2492.58,signal,0.08,,2492.58,69020,1725423300,2495.65,3.0700000000001637,0.16,2.9100000000001636,50,signal
69150,1725462300,1,1.0,2493.06,signal,0.08,,2493.06,69218,1725482700,2491.96,-1.099999999999909,0.16,-1.2599999999999092,68,signal
69682,1725629700,1,1.0,2524.39,signal,0.08,,2524.39,69765,1725654600,2494.5,-29.889999999999873,0.16,-30.04999999999987,83,signal
69956,1725888900,1,1.0,2503.53,signal,0.08,,2503.53,70039,1725913800,2503.85,0.31999999999970896,0.16,0.15999999999970893,83,signal
70236,1725976800,1,1.0,2513.88,signal,0.08,,2513.88,70317,1726001100,2514.58,0.6999999999998181,0.16,0.5399999999998182,81,signal
70783,1726148700,1,1.0,2527.61,signal,0.08,,2527.61,70866,1726173600,2557.18,29.56999999999971,0.16,29.409999999999712,83,signal
71065,1726237200,1,1.0,2580.23,signal,0.08,,2580.23,71140,1726259700,2581.98,1.75,0.16,1.5899999999999999,75,signal
71946,1726686300,1,1.0,2582.89,signal,0.08,,2582.89,71966,1726692300,2552.65,-30.23999999999978,0.16,-30.39999999999978,20,signal
71993,1726704300,1,1.0,2558.93,signal,0.08,,2558.93,72029,1726715100,2557.92,-1.0099999999997635,0.16,-1.1699999999997637,36,signal
73029,1727199900,1,1.0,2653.99,signal,0.08,,2653.99,73065,1727210700,2663.76,9.770000000000437,0.16,9.610000000000436,36,signal
73092,1727222700,1,1.0,2657.22,signal,0.08,,2657.22,73112,1727228700,2659.52,2.300000000000182,0.16,2.1400000000001818,20,signal
73261,1727273400,1,1.0,2664.19,signal,0.08,,2664.19,73340,1727297100,2659.65,-4.539999999999964,0.16,-4.699999999999964,79,signal
74365,1727793300,1,1.0,2663.53,signal,0.08,,2663.53,74439,1727815500,2660.38,-3.150000000000091,0.16,-3.310000000000091,74,signal
75123,1728032400,-1,1.0,2661.07,signal,0.08,,2661.07,75206,1728057300,2658.91,2.1600000000003092,0.16,2.000000000000309,83,signal
75375,1728285000,-1,1.0,2640.92,signal,0.08,,2640.92,75458,1728309900,2643.46,-2.5399999999999636,0.16,-2.6999999999999638,83,signal
75840,1728432300,1,1.0,2622.6,signal,0.08,,2622.6,75898,1728449700,2617.04,-5.559999999999945,0.16,-5.719999999999946,58,signal
76547,1728652200,1,1.0,2645.94,signal,0.08,,2645.94,76630,1728677100,2658.1,12.159999999999854,0.16,11.999999999999854,83,signal
77100,1728999000,1,1.0,2655.44,signal,0.08,,2655.44,77183,1729023900,2666.12,10.679999999999836,0.16,10.519999999999836,83,signal
78239,1729529400,-1,1.0,2723.05,signal,0.08,,2723.05,78286,1729543500,2718.8,4.25,0.16,4.09,47,signal
78313,1729555500,-1,1.0,2720.41,signal,0.08,,2720.41,78322,1729558200,2721.43,-1.0199999999999818,0.16,-1.179999999999982,9,signal
78728,1729683900,-1,1.0,2750.84,signal,0.08,,2750.84,78811,1729708800,2714.56,36.2800000000002,0.16,36.1200000000002,83,signal
79013,1729773300,-1,1.0,2737.63,signal,0.08,,2737.63,79096,1729798200,2737.49,0.14000000000032742,0.16,-0.019999999999672585,83,signal
79320,1729869300,1,1.0,2737.72,signal,0.08,,2737.72,79384,1729888500,2742.17,4.450000000000273,0.16,4.290000000000273,64,signal
79835,1730204700,-1,1.0,2748.55,signal,0.08,,2748.55,79864,1730213400,2762.93,-14.379999999999654,0.16,-14.539999999999655,29,signal
79864,1730213400,1,1.0,2762.93,signal,0.08,,2762.93,79935,1730234700,2772.47,9.539999999999964,0.16,9.379999999999963,71,signal
80079,1730281800,-1,1.0,2780.52,signal,0.08,,2780.52,80162,1730306700,2784.0,-3.480000000000018,0.16,-3.6400000000000183,83,signal
80337,1730363100,-1,1.0,2781.39,signal,0.08,,2781.39,80420,1730388000,2756.36,25.029999999999745,0.16,24.86999999999975,83,signal
80622,1730452500,-1,1.0,2752.46,signal,0.08,,2752.46,80705,1730477400,2745.11,7.349999999999909,0.16,7.189999999999909,83,signal
80707,1730478000,-1,1.0,2748.56,signal,0.08,,2748.56,80758,1730493300,2734.76,13.799999999999727,0.16,13.639999999999727,51,signal
80786,1730678700,-1,1.0,2739.8,signal,0.08,,2739.8,80790,1730679900,2739.01,0.7899999999999636,0.16,0.6299999999999637,4,signal
80896,1730711700,-1,1.0,2733.84,signal,0.08,,2733.84,81034,1730753100,2737.32,-3.480000000000018,0.16,-3.6400000000000183,138,signal
81061,1730765100,-1,1.0,2735.77,signal,0.08,,2735.77,81062,1730765400,2734.45,1.3200000000001637,0.16,1.1600000000001636,1,signal
81196,1730805600,-1,1.0,2739.57,signal,0.08,,2739.57,81279,1730830500,2741.93,-2.3599999999996726,0.16,-2.5199999999996727,83,signal
81420,1730876700,-1,1.0,2712.14,signal,0.08,,2712.14,81503,1730901600,2664.23,47.909999999999854,0.16,47.74999999999986,83,signal
81768,1730985000,1,1.0,2676.82,signal,0.08,,2676.82,81851,1731009900,2699.47,22.649999999999636,0.16,22.48999999999964,83,signal
81855,1731011100,1,1.0,2709.83,signal,0.08,,2709.83,81859,1731012300,2703.63,-6.199999999999818,0.16,-6.359999999999818,4,signal
81886,1731024300,1,1.0,2707.9,signal,0.08,,2707.9,81938,1731039900,2694.18,-13.720000000000255,0.16,-13.880000000000255,52,signal
82052,1731074100,1,1.0,2700.57,signal,0.08,,2700.57,82132,1731098100,2687.56,-13.010000000000218,0.16,-13.170000000000218,80,signal
82388,1731351900,1,1.0,2620.03,signal,0.08,,2620.03,82408,1731357900,2625.26,5.230000000000018,0.16,5.070000000000018,20,signal
82435,1731369900,1,1.0,2622.93,signal,0.08,,2622.93,82471,1731380700,2622.98,0.0500000000001819,0.16,-0.1099999999998181,36,signal
82872,1731504900,1,1.0,2612.05,signal,0.08,,2612.05,82955,1731529800,2575.85,-36.20000000000027,0.16,-36.36000000000027,83,signal
83696,1731936900,1,1.0,2601.45,signal,0.08,,2601.45,83779,1731961800,2610.36,8.91000000000031,0.16,8.750000000000309,83,signal
84240,1732107900,1,1.0,2632.98,signal,0.08,,2632.98,84323,1732132800,2650.92,17.940000000000055,0.16,17.780000000000058,83,signal
85340,1732626600,1,1.0,2638.75,signal,0.08,,2638.75,85423,1732651500,2628.75,-10.0,0.16,-10.16,83,signal
86472,1733171700,1,1.0,2643.61,signal,0.08,,2643.61,86474,1733172300,2641.67,-1.9400000000000546,0.16,-2.1000000000000547,2,signal
86501,1733184300,1,1.0,2642.55,signal,0.08,,2642.55,86555,1733200500,2641.71,-0.8400000000001455,0.16,-1.0000000000001454,54,signal
86666,1733233800,1,1.0,2650.09,signal,0.08,,2650.09,86749,1733258700,2642.82,-7.269999999999982,0.16,-7.429999999999982,83,signal
87776,1733755500,1,1.0,2672.5,signal,0.08,,2672.5,87848,1733777100,2657.91,-14.590000000000146,0.16,-14.750000000000146,72,signal
90258,1734708300,1,1.0,2624.98,signal,0.08,,2624.98,90320,1734726900,2625.39,0.4099999999998545,0.16,0.24999999999985445,62,signal
90832,1735061400,1,1.0,2619.21,signal,0.08,,2619.21,90847,1735167900,2616.83,-2.380000000000109,0.16,-2.5400000000001093,15,session
90859,1735171500,1,1.0,2619.12,signal,0.08,,2619.12,90915,1735188300,2628.77,9.650000000000091,0.16,9.49000000000009,56,signal
91040,1735225800,1,1.0,2633.52,signal,0.08,,2633.52,91107,1735245900,2634.32,0.8000000000001819,0.16,0.640000000000182,67,signal
91858,1735656000,1,1.0,2616.66,signal,0.08,,2616.66,91931,1735677900,2622.78,6.120000000000346,0.16,5.9600000000003455,73,signal
92938,1736255100,1,1.0,2652.94,signal,0.08,,2652.94,93021,1736280000,2649.35,-3.5900000000001455,0.16,-3.7500000000001457,83,signal
94391,1736883600,1,1.0,2676.0,signal,0.08,,2676.0,94404,1736887500,2673.71,-2.2899999999999636,0.16,-2.4499999999999638,13,signal
94431,1736899500,1,1.0,2675.08,signal,0.08,,2675.08,94474,1736912400,2675.72,0.6399999999998727,0.16,0.4799999999998727,43,signal
94593,1736948100,1,1.0,2687.75,signal,0.08,,2687.75,94676,1736973000,2695.54,7.789999999999964,0.16,7.6299999999999635,83,signal
94868,1737034500,1,1.0,2713.58,signal,0.08,,2713.58,94951,1737059400,2715.66,2.0799999999999272,0.16,1.919999999999927,83,signal
95870,1737532800,-1,1.0,2748.72,signal,0.08,,2748.72,95953,1737557700,2755.53,-6.8100000000004,0.16,-6.9700000000004,83,signal
95955,1737558300,-1,1.0,2752.7,signal,0.08,,2752.7,96023,1737578700,2755.95,-3.25,0.16,-3.41,68,signal
96151,1737621000,-1,1.0,2754.15,signal,0.08,,2754.15,96234,1737645900,2744.83,9.320000000000164,0.16,9.160000000000164,83,signal
96424,1737706800,-1,1.0,2770.9,signal,0.08,,2770.9,96507,1737731700,2783.4,-12.5,0.16,-12.66,83,signal
96682,1737961200,-1,1.0,2754.71,signal,0.08,,2754.71,96765,1737986100,2756.96,-2.25,0.16,-2.41,83,signal
96766,1737986400,-1,1.0,2757.27,signal,0.08,,2757.27,96847,1738010700,2741.59,15.679999999999836,0.16,15.519999999999836,81,signal
97580,1738242300,1,1.0,2782.23,signal,0.08,,2782.23,97663,1738267200,2793.4,11.170000000000073,0.16,11.010000000000073,83,signal
97785,1738307700,-1,1.0,2796.05,signal,0.08,,2796.05,97868,1738332600,2805.22,-9.169999999999618,0.16,-9.329999999999618,83,signal
97881,1738336500,1,1.0,2815.35,signal,0.08,,2815.35,97945,1738355700,2796.63,-18.7199999999998,0.16,-18.879999999999797,64,signal
98129,1738587900,1,1.0,2809.87,signal,0.08,,2809.87,98212,1738612800,2818.31,8.440000000000055,0.16,8.280000000000054,83,signal
98408,1738675500,1,1.0,2832.27,signal,0.08,,2832.27,98491,1738700400,2841.75,9.480000000000018,0.16,9.320000000000018,83,signal
98673,1738758900,-1,1.0,2869.91,signal,0.08,,2869.91,98756,1738783800,2866.97,2.9400000000000546,0.16,2.7800000000000544,83,signal
98900,1738830900,-1,1.0,2852.69,signal,0.08,,2852.69,98983,1738855800,2844.77,7.920000000000073,0.16,7.760000000000073,83,signal
98985,1738856400,-1,1.0,2849.04,signal,0.08,,2849.04,99039,1738872600,2856.9,-7.860000000000127,0.16,-8.020000000000127,54,signal
99039,1738872600,1,1.0,2856.9,signal,0.08,,2856.9,99046,1738874700,2855.65,-1.25,0.16,-1.4100000000000001,7,signal
99073,1738886700,1,1.0,2859.33,signal,0.08,,2859.33,99122,1738901400,2868.13,8.800000000000182,0.16,8.640000000000182,49,signal
99156,1738911600,-1,1.0,2860.7,signal,0.08,,2860.7,99239,1738936500,2862.05,-1.3500000000003638,0.16,-1.510000000000364,83,signal
99719,1739261400,-1,1.0,2912.48,signal,0.08,,2912.48,99802,1739286300,2892.89,19.590000000000146,0.16,19.43000000000015,83,signal
100096,1739378400,-1,1.0,2896.4,signal,0.08,,2896.4,100103,1739380500,2908.76,-12.360000000000127,0.16,-12.520000000000127,7,signal
100103,1739380500,1,1.0,2908.76,signal,0.08,,2908.76,100145,1739393100,2900.6,-8.16000000000031,0.16,-8.32000000000031,42,signal
100172,1739405100,1,1.0,2906.86,signal,0.08,,2906.86,100186,1739409300,2905.67,-1.1900000000000546,0.16,-1.3500000000000547,14,signal
100261,1739431800,-1,1.0,2916.27,signal,0.08,,2916.27,100344,1739456700,2912.38,3.8899999999998727,0.16,3.7299999999998725,83,signal
100348,1739457900,-1,1.0,2914.38,signal,0.08,,2914.38,100420,1739479500,2928.05,-13.670000000000073,0.16,-13.830000000000073,72,signal
100598,1739536800,-1,1.0,2929.57,signal,0.08,,2929.57,100681,1739561700,2882.52,47.05000000000018,0.16,46.890000000000185,83,signal
105263,1741704000,1,1.0,2919.05,signal,0.08,,2919.05,105336,1741725900,2921.28,2.230000000000018,0.16,2.070000000000018,73,signal
105525,1741786500,1,1.0,2920.83,signal,0.08,,2920.83,105608,1741811400,2934.64,13.809999999999945,0.16,13.649999999999945,83,signal
105826,1741880700,1,1.0,2964.89,signal,0.08,,2964.89,105886,1741898700,2981.54,16.65000000000009,0.16,16.490000000000094,60,signal
106973,1742413500,1,1.0,3047.97,signal,0.08,,3047.97,106985,1742417100,3047.07,-0.8999999999996362,0.16,-1.0599999999996361,12,signal
107012,1742429100,1,1.0,3049.25,signal,0.08,,3049.25,107056,1742442300,3047.85,-1.400000000000091,0.16,-1.560000000000091,44,signal
108016,1742915100,1,1.0,3033.77,signal,0.08,,3033.77,108084,1742935500,3020.14,-13.63000000000011,0.16,-13.79000000000011,68,signal
109045,1743412500,-1,1.0,3124.88,signal,0.08,,3124.88,109128,1743437400,3122.83,2.050000000000182,0.16,1.8900000000001818,83,signal
109313,1743496800,-1,1.0,3128.02,signal,0.08,,3128.02,109396,1743521700,3126.61,1.4099999999998545,0.16,1.2499999999998543,83,signal
109404,1743524100,-1,1.0,3131.05,signal,0.08,,3131.05,109458,1743540300,3116.88,14.170000000000073,0.16,14.010000000000073,54,signal
109485,1743552300,-1,1.0,3113.62,signal,0.08,,3113.62,109487,1743552900,3111.97,1.650000000000091,0.16,1.4900000000000908,2,signal
109569,1743577500,-1,1.0,3117.91,signal,0.08,,3117.91,109652,1743602400,3122.47,-4.559999999999945,0.16,-4.719999999999946,83,signal
109684,1743612000,-1,1.0,3126.94,signal,0.08,,3126.94,109733,1743626700,3126.54,0.40000000000009095,0.16,0.24000000000009092,49,signal
109760,1743638700,-1,1.0,3148.72,signal,0.08,,3148.72,109767,1743640800,3159.82,-11.100000000000364,0.16,-11.260000000000364,7,signal
109845,1743664200,-1,1.0,3130.85,signal,0.08,,3130.85,109928,1743689100,3068.12,62.73000000000002,0.16,62.57000000000002,83,signal
109941,1743693000,1,1.0,3106.0,signal,0.08,,3106.0,110008,1743713100,3104.62,-1.3800000000001091,0.16,-1.5400000000001093,67,signal
111331,1744302600,1,1.0,3170.73,signal,0.08,,3170.73,111382,1744317900,3174.19,3.4600000000000364,0.16,3.3000000000000362,51,signal
111410,1744329900,1,1.0,3189.77,signal,0.08,,3189.77,111414,1744331100,3184.6,-5.170000000000073,0.16,-5.330000000000073,4,signal
111797,1744623000,-1,1.0,3224.66,signal,0.08,,3224.66,111880,1744647900,3207.75,16.909999999999854,0.16,16.749999999999858,83,signal
112183,1744742700,1,1.0,3228.84,signal,0.08,,3228.84,112207,1744749900,3227.94,-0.900000000000091,0.16,-1.0600000000000909,24,signal
112234,1744761900,1,1.0,3240.19,signal,0.08,,3240.19,112266,1744771500,3265.86,25.670000000000073,0.16,25.510000000000076,32,signal
112369,1744802400,-1,1.0,3302.33,signal,0.08,,3302.33,112452,1744827300,3326.79,-24.460000000000036,0.16,-24.620000000000033,83,signal
112605,1744877100,-1,1.0,3329.75,signal,0.08,,3329.75,112667,1744895700,3336.43,-6.679999999999836,0.16,-6.839999999999836,62,signal
112667,1744895700,1,1.0,3336.43,signal,0.08,,3336.43,112750,1744920600,3316.44,-19.98999999999978,0.16,-20.14999999999978,83,signal
112954,1745244300,1,1.0,3421.13,signal,0.08,,3421.13,113034,1745268300,3418.38,-2.75,0.16,-2.91,80,signal
113172,1745313600,-1,1.0,3466.96,signal,0.08,,3466.96,113255,1745338500,3426.16,40.80000000000018,0.16,40.640000000000185,83,signal
113258,1745339400,-1,1.0,3412.65,signal,0.08,,3412.65,113309,1745354700,3374.87,37.7800000000002,0.16,37.6200000000002,51,signal
113336,1745366700,-1,1.0,3335.24,signal,0.08,,3335.24,113341,1745368200,3339.62,-4.380000000000109,0.16,-4.540000000000109,5,signal
113885,1745539500,1,1.0,3359.49,signal,0.08,,3359.49,113943,1745556900,3336.39,-23.09999999999991,0.16,-23.259999999999906,58,signal
114159,1745798700,1,1.0,3312.23,signal,0.08,,3312.23,114215,1745815500,3293.43,-18.800000000000182,0.16,-18.96000000000018,56,signal
114343,1745853900,1,1.0,3313.3,signal,0.08,,3313.3,114407,1745873100,3349.91,36.60999999999967,0.16,36.449999999999676,64,signal
114884,1746024000,1,1.0,3319.26,signal,0.08,,3319.26,114957,1746045900,3293.16,-26.100000000000364,0.16,-26.26000000000036,73,signal
115778,1746477000,1,1.0,3336.37,signal,0.08,,3336.37,115781,1746477900,3334.64,-1.7300000000000182,0.16,-1.8900000000000183,3,signal
115808,1746489900,1,1.0,3333.07,signal,0.08,,3333.07,115861,1746505800,3362.7,29.629999999999654,0.16,29.469999999999658,53,signal
115978,1746540900,1,1.0,3394.5,signal,0.08,,3394.5,116056,1746564300,3418.38,23.88000000000011,0.16,23.720000000000113,78,signal
116206,1746613200,-1,1.0,3378.46,signal,0.08,,3378.46,116289,1746638100,3383.34,-4.880000000000109,0.16,-5.040000000000109,83,signal
116441,1746687600,-1,1.0,3355.55,signal,0.08,,3355.55,116524,1746712500,3351.14,4.410000000000309,0.16,4.250000000000309,83,signal
116557,1746722400,-1,1.0,3345.02,signal,0.08,,3345.02,116606,1746737100,3302.33,42.690000000000055,0.16,42.53000000000006,49,signal
116633,1746749100,-1,1.0,3318.49,signal,0.08,,3318.49,116640,1746751200,3315.37,3.119999999999891,0.16,2.9599999999998907,7,signal
116755,1746785700,-1,1.0,3327.15,signal,0.08,,3327.15,116838,1746810600,3344.45,-17.299999999999727,0.16,-17.459999999999724,83,signal
116991,1747033500,-1,1.0,3278.22,signal,0.08,,3278.22,117074,1747058400,3233.79,44.429999999999836,0.16,44.26999999999984,83,signal
117076,1747059000,1,1.0,3241.31,signal,0.08,,3241.31,117155,1747082700,3234.96,-6.349999999999909,0.16,-6.509999999999909,79,signal
118718,1747748100,1,1.0,3248.16,signal,0.08,,3248.16,118801,1747773000,3289.68,41.51999999999998,0.16,41.359999999999985,83,signal
119537,1748005500,1,1.0,3348.94,signal,0.08,,3348.94,119620,1748030400,3362.09,13.150000000000091,0.16,12.99000000000009,83,signal
120609,1748524800,1,1.0,3308.84,signal,0.08,,3308.84,120692,1748549700,3319.56,10.7199999999998,0.16,10.5599999999998,83,signal
121736,1749051600,1,1.0,3378.65,signal,0.08,,3378.65,121797,1749069900,3372.14,-6.510000000000218,0.16,-6.670000000000218,61,signal
122581,1749489900,1,1.0,3334.33,signal,0.08,,3334.33,122621,1749501900,3328.13,-6.199999999999818,0.16,-6.359999999999818,40,signal
122648,1749513900,1,1.0,3324.78,signal,0.08,,3324.78,122664,1749518700,3322.78,-2.0,0.16,-2.16,16,signal
122894,1749587700,1,1.0,3333.49,signal,0.08,,3333.49,122896,1749588300,3333.56,0.07000000000016371,0.16,-0.0899999999998363,2,signal
122923,1749600300,1,1.0,3324.1,signal,0.08,,3324.1,122977,1749616500,3341.07,16.970000000000255,0.16,16.810000000000258,54,signal
123085,1749648900,1,1.0,3355.67,signal,0.08,,3355.67,123168,1749673800,3345.13,-10.539999999999964,0.16,-10.699999999999964,83,signal
123641,1749823500,1,1.0,3439.19,signal,0.08,,3439.19,123719,1749846900,3434.69,-4.5,0.16,-4.66,78,signal
124992,1750430400,1,1.0,3364.26,signal,0.08,,3364.26,125063,1750451700,3368.24,3.9799999999995634,0.16,3.8199999999995633,71,signal
125246,1750683600,1,1.0,3380.76,signal,0.08,,3380.76,125329,1750708500,3380.39,-0.3700000000003456,0.16,-0.5300000000003456,83,signal
125613,1750797600,1,1.0,3323.82,signal,0.08,,3323.82,125614,1750797900,3324.68,0.8599999999996726,0.16,0.6999999999996727,1,signal
125641,1750809900,1,1.0,3322.51,signal,0.08,,3322.51,125696,1750826400,3328.73,6.2199999999998,0.16,6.0599999999998,55,signal
126077,1750944600,1,1.0,3342.99,signal,0.08,,3342.99,126160,1750969500,3329.65,-13.33999999999969,0.16,-13.499999999999691,83,signal
126707,1751314500,1,1.0,3303.15,signal,0.08,,3303.15,126713,1751316300,3305.9,2.75,0.16,2.59,6,signal
126740,1751328300,1,1.0,3310.23,signal,0.08,,3310.23,126790,1751343300,3317.39,7.1599999999998545,0.16,6.999999999999854,50,signal
127255,1751486700,1,1.0,3356.37,signal,0.08,,3356.37,127263,1751489100,3356.81,0.44000000000005457,0.16,0.28000000000005454,8,signal
127290,1751501100,1,1.0,3358.99,signal,0.08,,3358.99,127338,1751515500,3350.38,-8.609999999999673,0.16,-8.769999999999673,48,signal
128010,1751912100,1,1.0,3331.23,signal,0.08,,3331.23,128040,1751921100,3339.7,8.4699999999998,0.16,8.3099999999998,30,signal
128067,1751933100,1,1.0,3336.63,signal,0.08,,3336.63,128093,1751940900,3331.54,-5.0900000000001455,0.16,-5.250000000000146,26,signal
128857,1752177900,1,1.0,3322.61,signal,0.08,,3322.61,128865,1752180300,3323.4,0.7899999999999636,0.16,0.6299999999999637,8,signal
128892,1752192300,1,1.0,3323.68,signal,0.08,,3323.68,128940,1752206700,3333.42,9.740000000000236,0.16,9.580000000000236,48,signal
129909,1752682200,1,1.0,3351.39,signal,0.08,,3351.39,129964,1752698700,3347.07,-4.319999999999709,0.16,-4.479999999999709,55,signal
129991,1752710700,1,1.0,3349.25,signal,0.08,,3349.25,129992,1752711000,3349.11,-0.13999999999987267,0.16,-0.2999999999998727,1,signal
130695,1753102800,1,1.0,3375.38,signal,0.08,,3375.38,130778,1753127700,3394.46,19.079999999999927,0.16,18.91999999999993,83,signal
130975,1753190700,1,1.0,3400.08,signal,0.08,,3400.08,131058,1753215600,3431.66,31.579999999999927,0.16,31.41999999999993,83,signal
132189,1753747500,1,1.0,3313.18,signal,0.08,,3313.18,132247,1753764900,3314.21,1.0300000000002,0.16,0.8700000000002002,58,signal
133176,1754055300,1,1.0,3328.13,signal,0.08,,3328.13,133259,1754080200,3351.12,22.98999999999978,0.16,22.829999999999785,83,signal
133288,1754265900,1,1.0,3358.73,signal,0.08,,3358.73,133343,1754282400,3357.02,-1.7100000000000364,0.16,-1.8700000000000365,55,signal
133465,1754319000,1,1.0,3381.63,signal,0.08,,3381.63,133536,1754340300,3376.09,-5.539999999999964,0.16,-5.699999999999964,71,signal
133737,1754404500,1,1.0,3376.13,signal,0.08,,3376.13,133811,1754426700,3379.61,3.480000000000018,0.16,3.320000000000018,74,signal
134359,1754598900,1,1.0,3396.83,signal,0.08,,3396.83,134361,1754599500,3399.57,2.7400000000002365,0.16,2.5800000000002363,2,signal
134388,1754611500,1,1.0,3402.21,signal,0.08,,3402.21,134442,1754627700,3392.96,-9.25,0.16,-9.41,54,signal
134550,1754660100,1,1.0,3398.88,signal,0.08,,3398.88,134633,1754685000,3394.28,-4.599999999999909,0.16,-4.759999999999909,83,signal
135134,1755016200,1,1.0,3354.77,signal,0.08,,3354.77,135185,1755031500,3347.88,-6.889999999999873,0.16,-7.049999999999873,51,signal
135212,1755043500,1,1.0,3351.19,signal,0.08,,3351.19,135217,1755045000,3351.46,0.2699999999999818,0.16,0.10999999999998179,5,signal
136742,1755695100,1,1.0,3334.52,signal,0.08,,3334.52,136825,1755720000,3345.77,11.25,0.16,11.09,83,signal
137018,1755781800,1,1.0,3341.0,signal,0.08,,3341.0,137101,1755806700,3339.3,-1.699999999999818,0.16,-1.8599999999998182,83,signal
137316,1755875100,1,1.0,3348.03,signal,0.08,,3348.03,137382,1755894900,3369.74,21.70999999999958,0.16,21.549999999999585,66,signal
137926,1756239000,1,1.0,3387.79,signal,0.08,,3387.79,137933,1756241100,3389.04,1.25,0.16,1.0899999999999999,7,signal
137960,1756253100,1,1.0,3390.99,signal,0.08,,3390.99,138009,1756267800,3384.02,-6.9699999999998,0.16,-7.1299999999998,49,signal
138171,1756316400,1,1.0,3394.88,signal,0.08,,3394.88,138208,1756327500,3395.5,0.6199999999998909,0.16,0.4599999999998909,37,signal
138235,1756339500,1,1.0,3398.14,signal,0.08,,3398.14,138254,1756345200,3396.06,-2.0799999999999272,0.16,-2.2399999999999274,19,signal
138392,1756386600,1,1.0,3408.11,signal,0.08,,3408.11,138475,1756411500,3419.94,11.829999999999927,0.16,11.669999999999927,83,signal
138678,1756476300,1,1.0,3417.43,signal,0.08,,3417.43,138756,1756499700,3446.14,28.710000000000036,0.16,28.55000000000004,78,signal
139185,1756818300,1,1.0,3493.23,signal,0.08,,3493.23,139268,1756843200,3528.4,35.17000000000007,0.16,35.010000000000076,83,signal
139271,1756844100,1,1.0,3535.94,signal,0.08,,3535.94,139277,1756845900,3539.06,3.119999999999891,0.16,2.9599999999998907,6,signal
139304,1756857900,1,1.0,3530.25,signal,0.08,,3530.25,139354,1756872900,3530.92,0.6700000000000728,0.16,0.5100000000000728,50,signal
139738,1756992000,1,1.0,3547.63,signal,0.08,,3547.63,139821,1757016900,3547.47,-0.16000000000030923,0.16,-0.32000000000030926,83,signal
140016,1757079300,1,1.0,3577.24,signal,0.08,,3577.24,140099,1757104200,3593.67,16.43000000000029,0.16,16.270000000000294,83,signal
140296,1757340300,1,1.0,3625.86,signal,0.08,,3625.86,140376,1757364300,3635.77,9.909999999999854,0.16,9.749999999999854,80,signal
141115,1757597700,1,1.0,3638.95,signal,0.08,,3638.95,141198,1757622600,3634.79,-4.1599999999998545,0.16,-4.319999999999855,83,signal
141677,1757947200,1,1.0,3661.85,signal,0.08,,3661.85,141750,1757969100,3682.16,20.309999999999945,0.16,20.14999999999995,73,signal
142827,1758307800,1,1.0,3676.77,signal,0.08,,3676.77,142848,1758314100,3681.76,4.9900000000002365,0.16,4.830000000000236,21,signal
142876,1758499500,1,1.0,3688.56,signal,0.08,,3688.56,142910,1758509700,3687.64,-0.9200000000000728,0.16,-1.080000000000073,34,signal
143554,1758710700,-1,1.0,3767.86,signal,0.08,,3767.86,143637,1758735600,3739.82,28.039999999999964,0.16,27.879999999999967,83,signal
143936,1758829200,1,1.0,3755.18,signal,0.08,,3755.18,143949,1758833100,3747.48,-7.699999999999818,0.16,-7.859999999999818,13,signal
143976,1758845100,1,1.0,3749.51,signal,0.08,,3749.51,144019,1758858000,3741.7,-7.8100000000004,0.16,-7.9700000000004,43,signal
144087,1758878400,-1,1.0,3750.13,signal,0.08,,3750.13,144157,1758899400,3774.38,-24.25,0.16,-24.409999999999997,70,signal
144157,1758899400,1,1.0,3774.38,signal,0.08,,3774.38,144222,1758918900,3770.91,-3.4700000000002547,0.16,-3.630000000000255,65,signal
144366,1759139100,-1,1.0,3816.34,signal,0.08,,3816.34,144405,1759150800,3828.95,-12.609999999999673,0.16,-12.769999999999673,39,signal
144405,1759150800,1,1.0,3828.95,signal,0.08,,3828.95,144429,1759158000,3821.42,-7.529999999999745,0.16,-7.6899999999997455,24,signal
144429,1759158000,-1,1.0,3821.42,signal,0.08,,3821.42,144498,1759178700,3829.49,-8.069999999999709,0.16,-8.229999999999709,69,signal
144635,1759223700,-1,1.0,3837.94,signal,0.08,,3837.94,144707,1759245300,3843.8,-5.860000000000127,0.16,-6.0200000000001275,72,signal
144707,1759245300,1,1.0,3843.8,signal,0.08,,3843.8,144773,1759265100,3855.09,11.289999999999964,0.16,11.129999999999963,66,signal
144896,1759305900,-1,1.0,3861.23,signal,0.08,,3861.23,144979,1759330800,3872.94,-11.710000000000036,0.16,-11.870000000000037,83,signal
144983,1759332000,-1,1.0,3872.99,signal,0.08,,3872.99,145048,1759351500,3869.17,3.819999999999709,0.16,3.659999999999709,65,signal
145273,1759422900,-1,1.0,3828.74,signal,0.08,,3828.74,145323,1759437900,3856.24,-27.5,0.16,-27.659999999999997,50,signal
145350,1759449900,-1,1.0,3858.22,signal,0.08,,3858.22,145356,1759451700,3859.93,-1.7100000000000364,0.16,-1.8700000000000365,6,signal
145522,1759501500,1,1.0,3882.53,signal,0.08,,3882.53,145551,1759510200,3887.03,4.5,0.16,4.34,29,signal
145551,1759510200,-1,1.0,3887.03,signal,0.08,,3887.03,145596,1759523700,3887.84,-0.8099999999999454,0.16,-0.9699999999999454,45,signal
145624,1759709100,-1,1.0,3918.18,signal,0.08,,3918.18,145634,1759712100,3908.95,9.230000000000018,0.16,9.070000000000018,10,signal
145722,1759738500,-1,1.0,3934.87,signal,0.08,,3934.87,145805,1759763400,3948.41,-13.539999999999964,0.16,-13.699999999999964,83,signal
145992,1759823400,-1,1.0,3959.66,signal,0.08,,3959.66,146068,1759846200,3984.64,-24.980000000000018,0.16,-25.140000000000015,76,signal
146068,1759846200,1,1.0,3984.64,signal,0.08,,3984.64,146147,1759869900,3980.75,-3.8899999999998727,0.16,-4.049999999999873,79,signal
146329,1759928400,-1,1.0,4038.07,signal,0.08,,4038.07,146412,1759953300,4049.03,-10.960000000000036,0.16,-11.120000000000037,83,signal
146551,1759998900,-1,1.0,4028.67,signal,0.08,,4028.67,146634,1760023800,4006.66,22.01000000000022,0.16,21.85000000000022,83,signal
146643,1760026500,-1,1.0,4025.37,signal,0.08,,4025.37,146697,1760042700,3979.09,46.279999999999745,0.16,46.11999999999975,54,signal
146724,1760054700,-1,1.0,3975.64,signal,0.08,,3975.64,146726,1760055300,3975.05,0.5899999999996908,0.16,0.4299999999996908,2,signal
146824,1760084700,-1,1.0,3963.18,signal,0.08,,3963.18,146907,1760109600,3984.56,-21.38000000000011,0.16,-21.540000000000106,83,signal
147101,1760344800,-1,1.0,4072.19,signal,0.08,,4072.19,147184,1760369700,4097.34,-25.15000000000009,0.16,-25.310000000000088,83,signal
147204,1760375700,1,1.0,4115.77,signal,0.08,,4115.77,147246,1760388300,4105.15,-10.6200000000008,0.16,-10.7800000000008,42,signal
147273,1760400300,1,1.0,4115.07,signal,0.08,,4115.07,147287,1760404500,4123.28,8.210000000000036,0.16,8.050000000000036,14,signal
147373,1760430300,-1,1.0,4121.59,signal,0.08,,4121.59,147456,1760455200,4130.36,-8.769999999999527,0.16,-8.929999999999527,83,signal
147683,1760527200,-1,1.0,4202.8,signal,0.08,,4202.8,147766,1760552100,4185.5,17.300000000000182,0.16,17.140000000000185,83,signal
147914,1760600400,-1,1.0,4222.46,signal,0.08,,4222.46,147997,1760625300,4248.19,-25.729999999999563,0.16,-25.88999999999956,83,signal
148194,1760688300,-1,1.0,4353.3,signal,0.08,,4353.3,148277,1760713200,4273.8,79.5,0.16,79.34,83,signal
148288,1760716500,-1,1.0,4259.87,signal,0.08,,4259.87,148344,1760733300,4227.04,32.82999999999993,0.16,32.66999999999993,56,signal
148464,1760946300,-1,1.0,4234.19,signal,0.08,,4234.19,148531,1760966400,4293.16,-58.970000000000255,0.16,-59.13000000000025,67,signal
148531,1760966400,1,1.0,4293.16,signal,0.08,,4293.16,148614,1760991300,4366.33,73.17000000000007,0.16,73.01000000000008,83,signal
148730,1761030000,-1,1.0,4323.17,signal,0.08,,4323.17,148813,1761054900,4207.77,115.39999999999964,0.16,115.23999999999964,83,signal
148818,1761056400,-1,1.0,4203.8,signal,0.08,,4203.8,148895,1761079500,4110.54,93.26000000000022,0.16,93.10000000000022,77,signal
149041,1761127200,-1,1.0,4070.54,signal,0.08,,4070.54,149124,1761152100,4038.48,32.059999999999945,0.16,31.89999999999995,83,signal
149167,1761165000,1,1.0,4105.46,signal,0.08,,4105.46,149170,1761165900,4103.3,-2.1599999999998545,0.16,-2.3199999999998546,3,signal
149197,1761177900,1,1.0,4101.55,signal,0.08,,4101.55,149250,1761193800,4095.42,-6.130000000000109,0.16,-6.290000000000109,53,signal
149307,1761210900,-1,1.0,4111.33,signal,0.08,,4111.33,149370,1761229800,4147.29,-35.960000000000036,0.16,-36.12000000000003,63,signal
149370,1761229800,1,1.0,4147.29,signal,0.08,,4147.29,149445,1761252300,4119.78,-27.51000000000022,0.16,-27.670000000000215,75,signal
149555,1761289200,-1,1.0,4104.44,signal,0.08,,4104.44,149634,1761312900,4089.39,15.049999999999727,0.16,14.889999999999727,79,signal
149634,1761312900,1,1.0,4089.39,signal,0.08,,4089.39,149717,1761337800,4113.05,23.66000000000031,0.16,23.500000000000313,83,signal
149855,1761556200,-1,1.0,4065.97,signal,0.08,,4065.97,149938,1761581100,3980.24,85.73000000000002,0.16,85.57000000000002,83,signal
150812,1761855000,1,1.0,4025.09,signal,0.08,,4025.09,150819,1761857100,4024.73,-0.36000000000012733,0.16,-0.5200000000001274,7,signal
150846,1761869100,1,1.0,4032.1,signal,0.08,,4032.1,150895,1761883800,4007.43,-24.670000000000073,0.16,-24.83000000000007,49,signal
151009,1761918000,1,1.0,4026.05,signal,0.08,,4026.05,151092,1761942900,3998.01,-28.039999999999964,0.16,-28.19999999999996,83,signal
152418,1762533300,1,1.0,4017.99,signal,0.08,,4017.99,152466,1762547700,3997.66,-20.329999999999927,0.16,-20.489999999999924,48,signal
152494,1762733100,1,1.0,4016.85,signal,0.08,,4016.85,152501,1762735200,4012.55,-4.299999999999727,0.16,-4.459999999999727,7,signal
152650,1762779900,1,1.0,4104.94,signal,0.08,,4104.94,152733,1762804800,4113.22,8.280000000000655,0.16,8.120000000000655,83,signal
153226,1762960500,1,1.0,4161.84,signal,0.08,,4161.84,153292,1762980300,4195.62,33.779999999999745,0.16,33.61999999999975,66,signal
154306,1763473200,1,1.0,4065.91,signal,0.08,,4065.91,154389,1763498100,4071.81,5.900000000000091,0.16,5.740000000000091,83,signal
154849,1763643900,1,1.0,4087.77,signal,0.08,,4087.77,154932,1763668800,4084.73,-3.0399999999999636,0.16,-3.1999999999999638,83,signal
155170,1763744100,1,1.0,4093.75,signal,0.08,,4093.75,155214,1763757300,4063.54,-30.210000000000036,0.16,-30.370000000000033,44,signal
155242,1763942700,1,1.0,4069.66,signal,0.08,,4069.66,155253,1763946000,4067.54,-2.119999999999891,0.16,-2.279999999999891,11,signal
155465,1764009600,1,1.0,4111.68,signal,0.08,,4111.68,155490,1764017100,4131.51,19.829999999999927,0.16,19.66999999999993,25,signal
155517,1764029100,1,1.0,4139.64,signal,0.08,,4139.64,155548,1764038400,4148.96,9.319999999999709,0.16,9.159999999999709,31,signal
156475,1764338400,1,1.0,4182.49,signal,0.08,,4182.49,156544,1764543900,4209.19,26.699999999999818,0.16,26.53999999999982,69,session
156556,1764547500,1,1.0,4221.56,signal,0.08,,4221.56,156558,1764548100,4223.01,1.449999999999818,0.16,1.289999999999818,2,signal
156987,1764680700,1,1.0,4211.52,signal,0.08,,4211.52,157070,1764705600,4196.6,-14.920000000000073,0.16,-15.080000000000073,83,signal
157078,1764708000,1,1.0,4210.18,signal,0.08,,4210.18,157079,1764708300,4210.09,-0.09000000000014552,0.16,-0.25000000000014555,1,signal
157106,1764720300,1,1.0,4209.83,signal,0.08,,4209.83,157161,1764736800,4222.81,12.980000000000473,0.16,12.820000000000473,55,signal
157266,1764768300,1,1.0,4220.23,signal,0.08,,4220.23,157349,1764793200,4210.35,-9.8799999999992,0.16,-10.0399999999992,83,signal
157817,1764941400,1,1.0,4232.99,signal,0.08,,4232.99,157900,1764966300,4206.49,-26.5,0.16,-26.659999999999997,83,signal
158708,1765393500,1,1.0,4206.4,signal,0.08,,4206.4,158728,1765399500,4232.62,26.220000000000255,0.16,26.060000000000258,20,signal
158755,1765411500,1,1.0,4235.2,signal,0.08,,4235.2,158791,1765422300,4220.9,-14.300000000000182,0.16,-14.460000000000182,36,signal
158930,1765464000,1,1.0,4239.79,signal,0.08,,4239.79,159003,1765485900,4273.59,33.80000000000018,0.16,33.640000000000185,73,signal
159734,1765890000,1,1.0,4294.54,signal,0.08,,4294.54,159817,1765914900,4313.26,18.720000000000255,0.16,18.560000000000258,83,signal
160012,1765977300,1,1.0,4323.25,signal,0.08,,4323.25,160095,1766002200,4336.76,13.510000000000218,0.16,13.350000000000218,83,signal
160291,1766064900,1,1.0,4329.65,signal,0.08,,4329.65,160374,1766089800,4332.46,2.8100000000004,0.16,2.6500000000004,83,signal
160834,1766408700,1,1.0,4417.93,signal,0.08,,4417.93,160917,1766433600,4433.69,15.759999999999309,0.16,15.599999999999309,83,signal
161109,1766495100,1,1.0,4493.08,signal,0.08,,4493.08,161192,1766520000,4490.88,-2.199999999999818,0.16,-2.3599999999998182,83,signal
162453,1767189000,1,1.0,4339.61,signal,0.08,,4339.61,162536,1767213900,4321.09,-18.519999999999527,0.16,-18.679999999999524,83,signal
163017,1767625500,1,1.0,4452.04,signal,0.08,,4452.04,163085,1767645900,4438.09,-13.949999999999818,0.16,-14.109999999999818,68,signal
163907,1767904200,1,1.0,4470.72,signal,0.08,,4470.72,163910,1767905100,4473.68,2.9600000000000364,0.16,2.8000000000000362,3,signal
163938,1767917100,1,1.0,4474.74,signal,0.08,,4474.74,163990,1767932700,4463.98,-10.760000000000218,0.16,-10.920000000000218,52,signal
164370,1768223400,1,1.0,4601.28,signal,0.08,,4601.28,164453,1768248300,4604.13,2.850000000000364,0.16,2.6900000000003637,83,signal
164644,1768309200,1,1.0,4593.47,signal,0.08,,4593.47,164727,1768334100,4596.0,2.5299999999997453,0.16,2.369999999999745,83,signal
166563,1769092500,1,1.0,4842.49,signal,0.08,,4842.49,166637,1769114700,4922.77,80.28000000000065,0.16,80.12000000000066,74,signal
167457,1769544300,1,1.0,5119.05,signal,0.08,,5119.05,167465,1769546700,5142.41,23.359999999999673,0.16,23.199999999999676,8,signal
167493,1769558700,1,1.0,5159.89,signal,0.08,,5159.89,167540,1769572800,5235.14,75.25,0.16,75.09,47,signal
167619,1769596500,-1,1.0,5273.72,signal,0.08,,5273.72,167702,1769621400,5302.75,-29.029999999999745,0.16,-29.189999999999742,83,signal
167739,1769632500,1,1.0,5358.89,signal,0.08,,5358.89,167741,1769633100,5384.22,25.329999999999927,0.16,25.16999999999993,2,signal
167769,1769645100,1,1.0,5484.87,signal,0.08,,5484.87,167822,1769661000,5546.88,62.01000000000022,0.16,61.85000000000022,53,signal
167869,1769675100,-1,1.0,5530.28,signal,0.08,,5530.28,167952,1769700000,5333.23,197.05000000000018,0.16,196.89000000000016,83,signal
167966,1769704200,-1,1.0,5289.97,signal,0.08,,5289.97,168017,1769719500,5353.83,-63.85999999999967,0.16,-64.01999999999967,51,signal
168045,1769731500,-1,1.0,5435.46,signal,0.08,,5435.46,168049,1769732700,5438.03,-2.569999999999709,0.16,-2.729999999999709,4,signal
168133,1769757900,-1,1.0,5179.01,signal,0.08,,5179.01,168216,1769782800,5054.51,124.5,0.16,124.34,83,signal
168498,1770043800,-1,1.0,4732.8,signal,0.08,,4732.8,168569,1770065100,4680.26,52.539999999999964,0.16,52.37999999999997,71,signal
168993,1770199500,-1,1.0,5051.48,signal,0.08,,5051.48,169076,1770224400,4904.07,147.40999999999985,0.16,147.24999999999983,83,signal
169581,1770383100,1,1.0,4926.38,signal,0.08,,4926.38,169664,1770408000,4956.49,30.109999999999673,0.16,29.949999999999676,83,signal
170253,1770768300,1,1.0,5039.23,signal,0.08,,5039.23,170309,1770785100,5052.23,13.0,0.16,12.84,56,signal
170363,1770801300,-1,1.0,5051.67,signal,0.08,,5051.67,170446,1770826200,5053.84,-2.1700000000000728,0.16,-2.330000000000073,83,signal
170615,1770880500,-1,1.0,5063.04,signal,0.08,,5063.04,170698,1770905400,5075.7,-12.659999999999854,0.16,-12.819999999999855,83,signal
170720,1770912000,-1,1.0,5060.42,signal,0.08,,5060.42,170774,1770929100,4921.52,138.89999999999964,0.16,138.7399999999996,54,signal
170802,1770941100,-1,1.0,4926.28,signal,0.08,,4926.28,170803,1770941400,4943.45,-17.170000000000073,0.16,-17.33000000000007,1,signal
170891,1770967800,-1,1.0,4968.5,signal,0.08,,4968.5,170974,1770992700,5001.42,-32.92000000000007,0.16,-33.08000000000007,83,signal
171222,1771243500,-1,1.0,5002.8,signal,0.08,,5002.8,171305,1771268400,4994.68,8.11999999999989,0.16,7.959999999999891,83,signal
171408,1771311900,-1,1.0,4910.96,signal,0.08,,4910.96,171491,1771336800,4869.9,41.0600000000004,0.16,40.900000000000404,83,signal
171495,1771338000,-1,1.0,4893.28,signal,0.08,,4893.28,171572,1771361100,4879.17,14.109999999999673,0.16,13.949999999999672,77,signal
171710,1771406100,-1,1.0,4917.11,signal,0.08,,4917.11,171755,1771419600,4943.52,-26.410000000000764,0.16,-26.57000000000076,45,signal
171755,1771419600,1,1.0,4943.52,signal,0.08,,4943.52,171838,1771444500,4980.45,36.92999999999938,0.16,36.769999999999385,83,signal
172005,1771498200,-1,1.0,4990.16,signal,0.08,,4990.16,172088,1771523100,4993.15,-2.9899999999997817,0.16,-3.149999999999782,83,signal
172603,1771857600,1,1.0,5184.08,signal,0.08,,5184.08,172676,1771879500,5227.66,43.57999999999993,0.16,43.41999999999993,73,signal
172920,1771956300,1,1.0,5167.29,signal,0.08,,5167.29,172952,1771965900,5172.03,4.739999999999782,0.16,4.579999999999782,32,signal
172980,1771977900,1,1.0,5140.33,signal,0.08,,5140.33,173003,1771984800,5176.86,36.529999999999745,0.16,36.36999999999975,23,signal
173689,1772197800,1,1.0,5211.51,signal,0.08,,5211.51,173772,1772222700,5248.93,37.42000000000007,0.16,37.260000000000076,83,signal
175074,1772804100,1,1.0,5123.9,signal,0.08,,5123.9,175157,1772829000,5153.88,29.980000000000473,0.16,29.820000000000476,83,signal
175424,1773081900,1,1.0,5118.08,signal,0.08,,5118.08,175448,1773089100,5139.28,21.199999999999818,0.16,21.03999999999982,24,signal
175476,1773101100,1,1.0,5134.33,signal,0.08,,5134.33,175507,1773110400,5179.21,44.88000000000011,0.16,44.72000000000011,31,signal
175632,1773147900,1,1.0,5195.66,signal,0.08,,5195.66,175715,1773172800,5198.53,2.869999999999891,0.16,2.7099999999998907,83,signal
176805,1773687000,1,1.0,5015.6,signal,0.08,,5015.6,176828,1773693900,5008.89,-6.710000000000036,0.16,-6.8700000000000365,23,signal
176856,1773705900,1,1.0,5006.91,signal,0.08,,5006.91,176888,1773715500,5029.07,22.159999999999854,0.16,21.999999999999858,32,signal
177636,1773947100,1,1.0,4635.22,signal,0.08,,4635.22,177656,1773953100,4654.7,19.479999999999563,0.16,19.319999999999567,20,signal
177684,1773965100,1,1.0,4651.9,signal,0.08,,4651.9,177719,1773975600,4698.46,46.5600000000004,0.16,46.400000000000404,35,signal
178480,1774383900,1,1.0,4464.16,signal,0.08,,4464.16,178484,1774385100,4460.28,-3.880000000000109,0.16,-4.040000000000109,4,signal
178512,1774397100,1,1.0,4553.39,signal,0.08,,4553.39,178563,1774413300,4571.32,17.92999999999938,0.16,17.769999999999385,51,signal
179027,1774556100,1,1.0,4397.29,signal,0.08,,4397.29,179033,1774557900,4405.92,8.63000000000011,0.16,8.470000000000109,6,signal
179061,1774569900,1,1.0,4409.03,signal,0.08,,4409.03,179110,1774584600,4434.32,25.289999999999964,0.16,25.129999999999967,49,signal
179229,1774620300,1,1.0,4457.72,signal,0.08,,4457.72,179307,1774643700,4506.36,48.63999999999942,0.16,48.47999999999942,78,signal
179781,1774965900,1,1.0,4614.04,signal,0.08,,4614.04,179861,1774989900,4668.14,54.100000000000364,0.16,53.94000000000037,80,signal
180928,1775583600,1,1.0,4679.14,signal,0.08,,4679.14,180965,1775594700,4708.13,28.98999999999978,0.16,28.829999999999785,37,signal
180993,1775606700,1,1.0,4845.88,signal,0.08,,4845.88,181011,1775612100,4799.56,-46.31999999999971,0.16,-46.479999999999706,18,signal
181433,1775742300,1,1.0,4775.81,signal,0.08,,4775.81,181516,1775767200,4764.44,-11.3700000000008,0.16,-11.5300000000008,83,signal
182302,1776186600,1,1.0,4829.55,signal,0.08,,4829.55,182345,1776199500,4842.32,12.769999999999527,0.16,12.609999999999527,43,signal
182373,1776211500,1,1.0,4838.34,signal,0.08,,4838.34,182385,1776215100,4834.41,-3.930000000000291,0.16,-4.090000000000291,12,signal
183080,1776430800,1,1.0,4846.66,signal,0.08,,4846.66,183163,1776455700,4855.21,8.550000000000182,0.16,8.390000000000182,83,signal
184475,1777040100,1,1.0,4731.21,signal,0.08,,4731.21,184551,1777062900,4705.47,-25.73999999999978,0.16,-25.89999999999978,76,signal
185852,1777644000,1,1.0,4625.75,signal,0.08,,4625.75,185931,1777667700,4614.56,-11.1899999999996,0.16,-11.3499999999996,79,signal
187496,1778504400,1,1.0,4700.05,signal,0.08,,4700.05,187579,1778529300,4734.09,34.039999999999964,0.16,33.87999999999997,83,signal
187841,1778611500,1,1.0,4695.44,signal,0.08,,4695.44,187865,1778618700,4714.85,19.410000000000764,0.16,19.250000000000767,24,signal
187893,1778630700,1,1.0,4724.78,signal,0.08,,4724.78,187924,1778640000,4695.0,-29.779999999999745,0.16,-29.939999999999742,31,signal
189447,1779287700,1,1.0,4524.76,signal,0.08,,4524.76,189521,1779309900,4543.51,18.75,0.16,18.590000000000003,74,signal
189755,1779383700,1,1.0,4526.51,signal,0.08,,4526.51,189797,1779396300,4540.81,14.300000000000182,0.16,14.140000000000182,42,signal
189825,1779408300,1,1.0,4532.13,signal,0.08,,4532.13,189838,1779412200,4525.52,-6.609999999999673,0.16,-6.769999999999673,13,signal
191054,1779973200,1,1.0,4432.2,signal,0.08,,4432.2,191137,1779998100,4499.01,66.8100000000004,0.16,66.6500000000004,83,signal
191353,1780066500,1,1.0,4556.99,signal,0.08,,4556.99,191421,1780086900,4543.39,-13.599999999999454,0.16,-13.759999999999454,68,signal
191663,1780335900,1,1.0,4491.62,signal,0.08,,4491.62,191699,1780346700,4482.61,-9.010000000000218,0.16,-9.170000000000218,36,signal
191727,1780358700,1,1.0,4484.56,signal,0.08,,4484.56,191746,1780364400,4482.09,-2.4700000000002547,0.16,-2.630000000000255,19,signal
193272,1781013000,1,1.0,4352.15,signal,0.08,,4352.15,193355,1781037900,4261.4,-90.75,0.16,-90.91,83,signal
193869,1781199300,1,1.0,4148.73,signal,0.08,,4148.73,193907,1781210700,4209.77,61.04000000000087,0.16,60.88000000000088,38,signal
193935,1781222700,1,1.0,4218.61,signal,0.08,,4218.61,193952,1781227800,4180.84,-37.76999999999953,0.16,-37.929999999999524,17,signal
194155,1781288700,1,1.0,4229.09,signal,0.08,,4229.09,194181,1781296500,4213.82,-15.270000000000437,0.16,-15.430000000000437,26,signal
194211,1781481900,1,1.0,4294.55,signal,0.08,,4294.55,194238,1781490000,4325.24,30.6899999999996,0.16,30.529999999999603,27,signal
194935,1781706300,1,1.0,4358.3,signal,0.08,,4358.3,195011,1781729100,4260.14,-98.15999999999985,0.16,-98.31999999999985,76,signal
195201,1781789700,1,1.0,4272.32,signal,0.08,,4272.32,195284,1781814600,4219.04,-53.279999999999745,0.16,-53.43999999999974,83,signal
195470,1781874000,1,1.0,4179.11,signal,0.08,,4179.11,195518,1782079200,4156.8,-22.30999999999949,0.16,-22.469999999999487,48,session
195543,1782086700,1,1.0,4147.06,signal,0.08,,4147.06,195553,1782089700,4188.35,41.289999999999964,0.16,41.12999999999997,10,signal
196527,1782392700,1,1.0,4029.26,signal,0.08,,4029.26,196610,1782417600,4026.73,-2.5300000000002,0.16,-2.6900000000002002,83,signal
196814,1782482400,1,1.0,4073.66,signal,0.08,,4073.66,196893,1782506100,4069.93,-3.730000000000018,0.16,-3.8900000000000183,79,signal
197371,1782829500,1,1.0,4062.67,signal,0.08,,4062.67,197447,1782852300,4011.2,-51.470000000000255,0.16,-51.63000000000025,76,signal
197638,1782913200,1,1.0,4071.31,signal,0.08,,4071.31,197721,1782938100,4036.59,-34.7199999999998,0.16,-34.8799999999998,83,signal
197906,1782997200,1,1.0,4117.54,signal,0.08,,4117.54,197989,1783022100,4123.85,6.3100000000004,0.16,6.1500000000004,83,signal
199032,1783536600,1,1.0,4090.75,signal,0.08,,4090.75,199055,1783543500,4074.93,-15.820000000000164,0.16,-15.980000000000164,23,signal
199083,1783555500,1,1.0,4080.69,signal,0.08,,4080.69,199115,1783565100,4070.89,-9.800000000000182,0.16,-9.960000000000182,32,signal
199242,1783603200,1,1.0,4120.51,signal,0.08,,4120.51,199325,1783628100,4121.39,0.8800000000001091,0.16,0.7200000000001092,83,signal
199599,1783713900,1,1.0,4113.52,signal,0.08,,4113.52,199605,1783715700,4111.61,-1.910000000000764,0.16,-2.070000000000764,6,signal
199635,1783901100,1,1.0,4084.1,signal,0.08,,4084.1,199682,1783915200,4060.58,-23.519999999999982,0.16,-23.67999999999998,47,signal
200066,1784034000,1,1.0,4076.22,signal,0.08,,4076.22,200149,1784058900,4055.52,-20.699999999999818,0.16,-20.859999999999815,83,signal
200342,1784120400,1,1.0,4067.86,signal,0.08,,4067.86,200425,1784145300,4053.45,-14.41000000000031,0.16,-14.57000000000031,83,signal
201511,1784658300,1,1.0,4081.32,signal,0.08,,4081.32,201539,1784666700,4081.09,-0.2300000000000182,0.16,-0.3900000000000182,28,signal
201567,1784678700,1,1.0,4082.82,signal,0.08,,4082.82,201594,1784686800,4120.52,37.70000000000027,0.16,37.540000000000276,27,signal
201729,1784727300,1,1.0,4142.26,signal,0.08,,4142.26,201812,1784752200,4136.64,-5.619999999999891,0.16,-5.779999999999891,83,signal
202302,1784906400,1,1.0,4077.25,signal,0.08,,4077.25,202365,1784925300,4052.44,-24.809999999999945,0.16,-24.969999999999942,63,signal
202627,1785180300,1,1.0,4085.21,signal,0.08,,4085.21,202643,1785185100,4077.18,-8.0300000000002,0.16,-8.1900000000002,16,signal
202671,1785197100,1,1.0,4065.62,signal,0.08,,4065.62,202710,1785208800,4049.17,-16.449999999999818,0.16,-16.609999999999815,39,signal
203150,1785344400,1,1.0,4027.35,signal,0.08,,4027.35,203195,1785357900,4067.11,39.76000000000022,0.16,39.60000000000022,45,signal
203223,1785369900,1,1.0,4080.81,signal,0.08,,4080.81,203233,1785372900,4067.86,-12.949999999999818,0.16,-13.109999999999818,10,signal
204003,1785783900,1,1.0,4048.13,signal,0.08,,4048.13,204023,1785789900,4056.35,8.2199999999998,0.16,8.0599999999998,20,signal
204051,1785801900,1,1.0,4059.69,signal,0.08,,4059.69,204086,1785812400,4059.02,-0.6700000000000728,0.16,-0.8300000000000727,35,signal
204211,1785849900,1,1.0,4081.54,signal,0.08,,4081.54,204294,1785874800,4075.54,-6.0,0.16,-6.16,83,signal
204496,1785939000,1,1.0,4227.65,signal,0.08,,4227.65,204575,1785962700,4245.49,17.840000000000146,0.16,17.68000000000015,79,signal
205377,1786386900,1,1.0,4379.64,signal,0.08,,4379.64,205403,1786394700,4389.92,10.279999999999745,0.16,10.119999999999745,26,signal
205431,1786406700,1,1.0,4404.27,signal,0.08,,4404.27,205460,1786415400,4428.54,24.269999999999527,0.16,24.10999999999953,29,signal
206422,1786714800,1,1.0,4395.4,signal,0.08,,4395.4,206505,1786739700,4374.09,-21.30999999999949,0.16,-21.469999999999487,83,signal
206702,1786975200,1,1.0,4408.75,signal,0.08,,4408.75,206783,1786999500,4415.5,6.75,0.16,6.59,81,signal
207242,1787144400,1,1.0,4438.82,signal,0.08,,4438.82,207325,1787169300,4511.46,72.64000000000033,0.16,72.48000000000033,83,signal
207543,1787238300,1,1.0,4535.77,signal,0.08,,4535.77,207611,1787258700,4518.24,-17.530000000000655,0.16,-17.69000000000065,68,signal
208422,1787685600,1,1.0,4666.45,signal,0.08,,4666.45,208439,1787690700,4661.57,-4.880000000000109,0.16,-5.040000000000109,17,signal
208467,1787702700,1,1.0,4652.52,signal,0.08,,4652.52,208505,1787714100,4648.29,-4.230000000000473,0.16,-4.390000000000473,38,signal
209532,1788205800,1,1.0,4448.79,signal,0.08,,4448.79,209543,1788209100,4448.2,-0.5900000000001455,0.16,-0.7500000000001454,11,signal
209571,1788221100,1,1.0,4454.05,signal,0.08,,4454.05,209615,1788234300,4438.64,-15.409999999999854,0.16,-15.569999999999855,44,signal
210009,1788356100,1,1.0,4364.87,signal,0.08,,4364.87,210092,1788381000,4386.25,21.38000000000011,0.16,21.220000000000113,83,signal
210278,1788440400,1,1.0,4493.51,signal,0.08,,4493.51,210361,1788465300,4477.81,-15.699999999999818,0.16,-15.859999999999818,83,signal
210852,1788792600,1,1.0,4413.98,signal,0.08,,4413.98,210896,1788818400,4412.7,-1.2799999999997453,0.16,-1.4399999999997455,44,session
210921,1788825900,1,1.0,4419.44,signal,0.08,,4419.44,210935,1788830100,4428.52,9.080000000000837,0.16,8.920000000000837,14,signal
