factor,h,ic_mean,ic_std,icir,t,pos_pct,is_spr,oos_spr,months
close_vs_sma10,12,-0.02661,0.03063,-0.869,-4.43,0.115,-0.02109,-0.00439,26
close_vs_sma10,84,-0.00995,0.04162,-0.239,-1.22,0.5,0.00231,0.00296,26
close_vs_sma10,288,-0.00306,0.0264,-0.116,-0.59,0.346,0.01038,0.00966,26
close_vs_sma20,12,-0.0323,0.04181,-0.773,-3.94,0.192,-0.02399,-0.00841,26
close_vs_sma20,84,-0.01252,0.05989,-0.209,-1.07,0.462,0.00428,0.00191,26
close_vs_sma20,288,-0.00085,0.03984,-0.021,-0.11,0.385,0.01728,0.01241,26
close_vs_sma50,12,-0.02446,0.04649,-0.526,-2.68,0.269,-0.01346,-0.00876,26
close_vs_sma50,84,-0.01732,0.08777,-0.197,-1.01,0.462,0.00639,-0.0012,26
close_vs_sma50,288,0.00454,0.06163,0.074,0.38,0.5,0.02749,0.01637,26
close_vs_sma200,12,-0.02139,0.04567,-0.468,-2.39,0.346,-0.00754,-0.00275,26
close_vs_sma200,84,-0.0107,0.10181,-0.105,-0.54,0.423,0.01344,0.03382,26
close_vs_sma200,288,0.00744,0.125,0.06,0.3,0.577,0.03383,0.01745,26
close_vs_ema9,12,-0.02878,0.03285,-0.876,-4.47,0.154,-0.02234,-0.0064,26
close_vs_ema9,84,-0.01107,0.04721,-0.235,-1.2,0.462,0.00266,0.00292,26
close_vs_ema9,288,-0.00183,0.03042,-0.06,-0.31,0.462,0.01306,0.01062,26
close_vs_ema12,12,-0.03045,0.03675,-0.829,-4.23,0.192,-0.02293,-0.00782,26
close_vs_ema12,84,-0.01236,0.05428,-0.228,-1.16,0.462,0.00336,0.0027,26
close_vs_ema12,288,-0.0011,0.03581,-0.031,-0.16,0.462,0.01575,0.01191,26
close_vs_ema21,12,-0.03134,0.04193,-0.747,-3.81,0.115,-0.02201,-0.01051,26
close_vs_ema21,84,-0.01486,0.06969,-0.213,-1.09,0.462,0.00469,0.0003,26
close_vs_ema21,288,0.0015,0.04717,0.032,0.16,0.385,0.02172,0.01446,26
close_vs_ema26,12,-0.03073,0.0432,-0.711,-3.63,0.115,-0.02079,-0.01131,26
close_vs_ema26,84,-0.01569,0.07591,-0.207,-1.05,0.462,0.00543,-0.00048,26
close_vs_ema26,288,0.00261,0.05198,0.05,0.26,0.423,0.02403,0.01564,26
close_vs_ema50,12,-0.02839,0.04482,-0.634,-3.23,0.154,-0.01695,-0.01053,26
close_vs_ema50,84,-0.01699,0.09229,-0.184,-0.94,0.462,0.00731,-1e-05,26
close_vs_ema50,288,0.00535,0.0708,0.076,0.39,0.462,0.02899,0.01901,26
close_vs_ema200,12,-0.02258,0.04142,-0.545,-2.78,0.269,-0.00796,-0.00368,26
close_vs_ema200,84,-0.01361,0.09477,-0.144,-0.73,0.423,0.01378,0.01455,26
close_vs_ema200,288,-0.00126,0.13257,-0.009,-0.05,0.577,0.03326,0.00751,26
close_vs_wma20,12,-0.0305,0.03776,-0.808,-4.12,0.192,-0.02315,-0.00672,26
close_vs_wma20,84,-0.01177,0.05252,-0.224,-1.14,0.462,0.00335,0.00344,26
close_vs_wma20,288,-0.00206,0.03469,-0.059,-0.3,0.423,0.01436,0.01165,26
macd_dif_pct,12,-0.02414,0.04741,-0.509,-2.6,0.308,-0.0133,-0.01009,26
macd_dif_pct,84,-0.01676,0.08771,-0.191,-0.97,0.462,0.00646,-0.00119,26
macd_dif_pct,288,0.00548,0.06287,0.087,0.44,0.5,0.02882,0.01672,26
macd_dea_pct,12,-0.01793,0.0483,-0.371,-1.89,0.308,-0.00754,-0.00896,26
macd_dea_pct,84,-0.01679,0.08978,-0.187,-0.95,0.462,0.00646,-0.00247,26
macd_dea_pct,288,0.00648,0.06664,0.097,0.5,0.5,0.02922,0.01505,26
macd_hist_pct,12,-0.0244,0.04545,-0.537,-2.74,0.231,-0.02198,-0.00026,26
macd_hist_pct,84,-0.00344,0.03356,-0.103,-0.52,0.577,-0.00081,0.00367,26
macd_hist_pct,288,-0.00735,0.02163,-0.34,-1.73,0.385,-0.00291,0.00518,26
rsi_6,12,-0.02858,0.03568,-0.801,-4.08,0.192,-0.02261,-0.00631,26
rsi_6,84,-0.01129,0.05495,-0.206,-1.05,0.462,0.00149,-0.00118,26
rsi_6,288,0.00031,0.03768,0.008,0.04,0.5,0.01483,0.01146,26
rsi_14,12,-0.03025,0.04365,-0.693,-3.53,0.154,-0.02188,-0.00984,26
rsi_14,84,-0.01503,0.07755,-0.194,-0.99,0.462,0.00235,-0.00545,26
rsi_14,288,0.00519,0.05441,0.095,0.49,0.538,0.02462,0.01637,26
rsi_24,12,-0.02788,0.04578,-0.609,-3.11,0.192,-0.01826,-0.01126,26
rsi_24,84,-0.01604,0.09115,-0.176,-0.9,0.5,0.00354,-0.00428,26
rsi_24,288,0.00838,0.06834,0.123,0.62,0.538,0.03093,0.01968,26
stoch_k_14,12,-0.02792,0.03723,-0.75,-3.82,0.269,-0.02194,-0.0091,26
stoch_k_14,84,-0.01384,0.05423,-0.255,-1.3,0.462,0.00034,-0.00145,26
stoch_k_14,288,-0.00731,0.03509,-0.208,-1.06,0.423,0.00827,0.01085,26
stoch_d_14,12,-0.02791,0.0395,-0.707,-3.6,0.269,-0.0217,-0.00797,26
stoch_d_14,84,-0.01518,0.05865,-0.259,-1.32,0.462,-0.00025,-0.00233,26
stoch_d_14,288,-0.00733,0.03801,-0.193,-0.98,0.423,0.00917,0.01158,26
stochrsi_k,12,-0.01827,0.03567,-0.512,-2.61,0.308,-0.0163,0.00091,26
stochrsi_k,84,-0.00363,0.02795,-0.13,-0.66,0.5,0.00035,0.00326,26
stochrsi_k,288,-0.00884,0.02167,-0.408,-2.08,0.423,-0.00361,0.00296,26
stochrsi_d,12,-0.01753,0.03706,-0.473,-2.41,0.346,-0.01559,0.00143,26
stochrsi_d,84,-0.00404,0.02931,-0.138,-0.7,0.538,-0.00015,0.00321,26
stochrsi_d,288,-0.0087,0.02331,-0.373,-1.9,0.423,-0.00336,0.00316,26
kdj_k,12,-0.02696,0.03708,-0.727,-3.71,0.192,-0.0208,-0.00601,26
kdj_k,84,-0.01803,0.0554,-0.325,-1.66,0.462,-0.0036,-0.00286,26
kdj_k,288,-0.0097,0.03579,-0.271,-1.38,0.423,0.00632,0.00497,26
kdj_d,12,-0.02672,0.03948,-0.677,-3.45,0.269,-0.0199,-0.00677,26
kdj_d,84,-0.01989,0.06202,-0.321,-1.64,0.462,-0.00394,-0.00443,26
kdj_d,288,-0.00979,0.04088,-0.239,-1.22,0.423,0.00788,0.00557,26
kdj_j,12,-0.02179,0.03006,-0.725,-3.7,0.154,-0.01773,-0.00454,26
kdj_j,84,-0.01187,0.0372,-0.319,-1.63,0.462,-0.00197,-0.00081,26
kdj_j,288,-0.00769,0.02348,-0.328,-1.67,0.385,0.00332,0.00315,26
cci_14,12,-0.02674,0.03347,-0.799,-4.07,0.192,-0.02181,-0.00859,26
cci_14,84,-0.00862,0.04763,-0.181,-0.92,0.462,0.0029,0.00167,26
cci_14,288,-0.0031,0.03336,-0.093,-0.47,0.385,0.01025,0.01196,26
williams_r_14,12,-0.02792,0.03723,-0.75,-3.82,0.269,-0.02194,-0.0091,26
williams_r_14,84,-0.01384,0.05423,-0.255,-1.3,0.462,0.00034,-0.00145,26
williams_r_14,288,-0.00731,0.03509,-0.208,-1.06,0.423,0.00827,0.01085,26
roc_12,12,-0.02983,0.03903,-0.764,-3.9,0.231,-0.02343,-0.0068,26
roc_12,84,-0.01148,0.05345,-0.215,-1.09,0.462,0.00311,0.00259,26
roc_12,288,-0.00164,0.03505,-0.047,-0.24,0.423,0.01432,0.01232,26
momentum_10_pct,12,-0.02845,0.03512,-0.81,-4.13,0.192,-0.02231,-0.00641,26
momentum_10_pct,84,-0.01129,0.04868,-0.232,-1.18,0.462,0.00195,0.00358,26
momentum_10_pct,288,-0.00274,0.03215,-0.085,-0.43,0.423,0.01208,0.01149,26
tr_pct,12,0.00461,0.0469,0.098,0.5,0.692,0.01758,0.02193,26
tr_pct,84,-0.01798,0.06145,-0.293,-1.49,0.423,0.00273,0.01321,26
tr_pct,288,-0.02685,0.07361,-0.365,-1.86,0.308,-0.00805,0.00964,26
atr_7_pct,12,0.00332,0.06146,0.054,0.28,0.615,0.021,0.0222,26
atr_7_pct,84,-0.02369,0.08044,-0.294,-1.5,0.5,0.00428,0.01665,26
atr_7_pct,288,-0.03681,0.10283,-0.358,-1.83,0.308,-0.01265,0.00998,26
natr_14,12,0.00096,0.06127,0.016,0.08,0.577,0.01968,0.01797,26
natr_14,84,-0.02192,0.08443,-0.26,-1.32,0.423,0.00621,0.01437,26
natr_14,288,-0.04041,0.11624,-0.348,-1.77,0.346,-0.01519,0.00876,26
atr_28_pct,12,-0.00129,0.05557,-0.023,-0.12,0.538,0.01808,0.0136,26
atr_28_pct,84,-0.01921,0.08937,-0.215,-1.1,0.385,0.00825,0.00896,26
atr_28_pct,288,-0.04696,0.13392,-0.351,-1.79,0.308,-0.01918,0.0078,26
bb_width,12,0.01134,0.04802,0.236,1.2,0.615,0.02327,0.03088,26
bb_width,84,-0.01019,0.07853,-0.13,-0.66,0.5,0.0115,0.01626,26
bb_width,288,-0.02647,0.08138,-0.325,-1.66,0.423,-0.00481,0.01544,26
bb_pct_b,12,-0.0297,0.03771,-0.788,-4.02,0.231,-0.02355,-0.00854,26
bb_pct_b,84,-0.00856,0.05501,-0.156,-0.79,0.462,0.00463,0.00012,26
bb_pct_b,288,-0.0016,0.03988,-0.04,-0.21,0.423,0.01323,0.01502,26
kc_pos,12,-0.03107,0.04049,-0.767,-3.91,0.192,-0.02338,-0.00893,26
kc_pos,84,-0.01459,0.06905,-0.211,-1.08,0.462,0.00148,-0.00329,26
kc_pos,288,0.00192,0.0473,0.041,0.21,0.462,0.02001,0.01465,26
donchian_pos,12,-0.03115,0.04093,-0.761,-3.88,0.231,-0.0241,-0.01315,26
donchian_pos,84,-0.01451,0.06221,-0.233,-1.19,0.462,0.0015,-0.00432,26
donchian_pos,288,-0.00552,0.04198,-0.132,-0.67,0.423,0.01169,0.01444,26
adx_14,12,0.01065,0.04172,0.255,1.3,0.654,0.01255,0.01334,26
adx_14,84,-0.02269,0.08537,-0.266,-1.36,0.462,-0.01519,-0.0105,26
adx_14,288,-0.0082,0.0727,-0.113,-0.57,0.462,-0.00873,-0.00717,26
plus_di_14,12,-0.02507,0.04059,-0.618,-3.15,0.231,-0.01888,0.00256,26
plus_di_14,84,-0.00741,0.07651,-0.097,-0.49,0.462,0.00579,-0.00381,26
plus_di_14,288,0.00928,0.06245,0.149,0.76,0.654,0.02461,0.01579,26
minus_di_14,12,0.02196,0.04075,0.539,2.75,0.654,0.01623,0.01651,26
minus_di_14,84,0.00151,0.0746,0.02,0.1,0.423,-0.01133,-0.00208,26
minus_di_14,288,-0.01774,0.068,-0.261,-1.33,0.462,-0.02963,-0.0225,26
aroon_up_25,12,-0.02058,0.03856,-0.534,-2.72,0.308,-0.0151,-0.01028,26
aroon_up_25,84,-0.0127,0.06211,-0.204,-1.04,0.462,0.00243,0.0009,26
aroon_up_25,288,-0.00135,0.05001,-0.027,-0.14,0.423,0.0142,0.014,26
aroon_down_25,12,0.01436,0.04216,0.341,1.74,0.577,0.00841,0.01173,26
aroon_down_25,84,0.00367,0.05588,0.066,0.34,0.5,-0.00792,0.00676,26
aroon_down_25,288,0.00128,0.04533,0.028,0.14,0.5,-0.01339,-0.01534,26
psar_dist_pct,12,-0.02321,0.02963,-0.783,-3.99,0.192,-0.02028,-0.00332,26
psar_dist_pct,84,-0.00722,0.03377,-0.214,-1.09,0.538,0.00346,0.00051,26
psar_dist_pct,288,-0.00865,0.02285,-0.378,-1.93,0.308,0.00256,0.0046,26
zscore_20,12,-0.0297,0.03771,-0.788,-4.02,0.231,-0.02355,-0.00854,26
zscore_20,84,-0.00856,0.05501,-0.156,-0.79,0.462,0.00463,0.00012,26
zscore_20,288,-0.0016,0.03988,-0.04,-0.21,0.423,0.01323,0.01502,26
linreg_slope_20,12,-0.02957,0.04432,-0.667,-3.4,0.269,-0.02165,-0.00902,26
linreg_slope_20,84,-0.01232,0.06307,-0.195,-1.0,0.462,0.00462,-0.00089,26
linreg_slope_20,288,-0.00035,0.04291,-0.008,-0.04,0.385,0.01849,0.01418,26
hv_20,12,0.00481,0.05847,0.082,0.42,0.654,0.02251,0.02393,26
hv_20,84,-0.02378,0.08519,-0.279,-1.42,0.462,0.00359,0.01997,26
hv_20,288,-0.0438,0.10042,-0.436,-2.22,0.269,-0.01635,0.01735,26
hv_96,12,0.00325,0.04016,0.081,0.41,0.692,0.01938,0.00868,26
hv_96,84,-0.00817,0.1071,-0.076,-0.39,0.5,0.01176,0.00093,26
hv_96,288,-0.0513,0.14116,-0.363,-1.85,0.346,-0.02214,0.01964,26
hv_ratio,12,0.00489,0.05605,0.087,0.44,0.538,0.00761,0.02383,26
hv_ratio,84,-0.01373,0.08322,-0.165,-0.84,0.462,-0.00617,0.02618,26
hv_ratio,288,0.00191,0.04417,0.043,0.22,0.5,0.00325,0.0006,26
choppiness_14,12,0.00108,0.03565,0.03,0.15,0.538,0.00035,-0.02428,26
choppiness_14,84,0.00173,0.05247,0.033,0.17,0.423,-0.0034,-0.00238,26
choppiness_14,288,0.00693,0.03827,0.181,0.92,0.538,0.00167,-0.00363,26
candle_body_pct,12,-0.01138,0.01338,-0.85,-4.34,0.231,-0.00913,-0.00726,26
candle_body_pct,84,-0.00376,0.01765,-0.213,-1.09,0.462,0.00083,0.00063,26
candle_body_pct,288,-0.00094,0.01238,-0.076,-0.39,0.385,0.00439,0.00419,26
upper_shadow_pct,12,0.00123,0.01111,0.11,0.56,0.538,0.0008,-0.00207,26
upper_shadow_pct,84,0.00668,0.01468,0.455,2.32,0.654,0.00657,0.00436,26
upper_shadow_pct,288,0.01091,0.01595,0.684,3.49,0.654,0.00927,0.00429,26
lower_shadow_pct,12,0.00014,0.01434,0.01,0.05,0.462,0.00074,-0.00308,26
lower_shadow_pct,84,-0.00429,0.01449,-0.296,-1.51,0.385,-0.00281,-0.00471,26
lower_shadow_pct,288,-0.00229,0.01398,-0.164,-0.83,0.462,-0.00261,-0.00783,26
hl_range_pct,12,0.0045,0.04677,0.096,0.49,0.654,0.01751,0.02179,26
hl_range_pct,84,-0.01792,0.06139,-0.292,-1.49,0.423,0.00286,0.01293,26
hl_range_pct,288,-0.02693,0.07356,-0.366,-1.87,0.308,-0.00809,0.00921,26
gap_pct,12,-0.00264,0.01325,-0.199,-1.02,0.462,-0.00422,-0.00523,26
gap_pct,84,-0.00107,0.0148,-0.073,-0.37,0.5,-0.00219,-0.00189,26
gap_pct,288,-0.00337,0.01368,-0.247,-1.26,0.462,-0.00402,-0.00099,26
clv,12,-0.01033,0.01231,-0.839,-4.28,0.154,-0.00791,-0.00751,26
clv,84,-0.00743,0.01485,-0.501,-2.55,0.269,-0.00277,-0.00248,26
clv,288,-0.00542,0.01082,-0.5,-2.55,0.385,-0.0003,-0.0009,26
close_vs_ema200_pct,12,-0.02258,0.04142,-0.545,-2.78,0.269,-0.00796,-0.00368,26
close_vs_ema200_pct,84,-0.01361,0.09477,-0.144,-0.73,0.423,0.01378,0.01455,26
close_vs_ema200_pct,288,-0.00126,0.13257,-0.009,-0.05,0.577,0.03326,0.00751,26
close_vs_sma20_pct,12,-0.0323,0.04181,-0.773,-3.94,0.192,-0.02399,-0.00841,26
close_vs_sma20_pct,84,-0.01252,0.05989,-0.209,-1.07,0.462,0.00428,0.00191,26
close_vs_sma20_pct,288,-0.00085,0.03983,-0.021,-0.11,0.385,0.01728,0.01241,26
