factor,win,thr,long_when,hold,is_sharpe,is_pnl,is_trades,is_avg_usd,is_pf,is_maxdd,oos_sharpe,oos_pnl,oos_trades,oos_avg_usd,oos_pf,all_trades,all_pnl,all_avg_usd,all_pf
close_vs_sma10,672,1.5,high,4,-0.88,-329.0,1562,-0.21,0.919,-758.0,-0.34,-167.0,671,-0.25,0.959,2233,-496.0,-0.22,0.939
close_vs_sma10,672,1.5,high,28,-1.07,-556.0,708,-0.79,0.859,-773.0,1.19,799.0,336,2.38,1.238,1044,243.0,0.23,1.033
close_vs_sma10,672,1.5,low,4,-0.46,-171.0,1562,-0.11,0.957,-406.0,-0.1,-47.0,671,-0.07,0.988,2233,-218.0,-0.1,0.973
close_vs_sma10,672,1.5,low,28,0.64,329.0,708,0.47,1.094,-321.0,-1.35,-907.0,336,-2.7,0.785,1044,-578.0,-0.55,0.925
close_vs_sma10,672,2.5,high,4,0.09,24.0,501,0.05,1.016,-193.0,-1.05,-402.0,204,-1.97,0.796,705,-379.0,-0.54,0.891
close_vs_sma10,672,2.5,high,28,-0.71,-269.0,323,-0.83,0.859,-351.0,1.51,814.0,146,5.57,1.556,469,545.0,1.16,1.161
close_vs_sma10,672,2.5,low,4,-0.71,-184.0,501,-0.37,0.885,-300.0,0.88,337.0,204,1.65,1.211,705,153.0,0.22,1.048
close_vs_sma10,672,2.5,low,28,0.44,166.0,323,0.51,1.098,-284.0,-1.6,-861.0,146,-5.89,0.626,469,-695.0,-1.48,0.826
close_vs_sma10,2016,1.5,high,4,-1.08,-397.0,1487,-0.27,0.903,-663.0,-0.6,-316.0,679,-0.46,0.926,2166,-712.0,-0.33,0.914
close_vs_sma10,2016,1.5,high,28,-0.6,-311.0,677,-0.46,0.915,-661.0,0.38,261.0,318,0.82,1.068,995,-50.0,-0.05,0.993
close_vs_sma10,2016,1.5,low,4,-0.21,-79.0,1487,-0.05,0.98,-288.0,0.19,98.0,679,0.14,1.024,2166,19.0,0.01,1.002
close_vs_sma10,2016,1.5,low,28,0.18,95.0,677,0.14,1.027,-393.0,-0.53,-363.0,318,-1.14,0.913,995,-268.0,-0.27,0.965
close_vs_sma10,2016,2.5,high,4,-0.15,-39.0,490,-0.08,0.976,-236.0,-0.52,-222.0,214,-1.04,0.896,704,-261.0,-0.37,0.93
close_vs_sma10,2016,2.5,high,28,-0.97,-374.0,313,-1.19,0.812,-435.0,1.78,1022.0,145,7.05,1.628,458,648.0,1.41,1.179
close_vs_sma10,2016,2.5,low,4,-0.45,-118.0,490,-0.24,0.928,-306.0,0.36,153.0,214,0.72,1.079,704,36.0,0.05,1.01
close_vs_sma10,2016,2.5,low,28,0.71,273.0,313,0.87,1.165,-237.0,-1.87,-1068.0,145,-7.37,0.601,458,-795.0,-1.73,0.817
close_vs_sma20,672,1.5,high,4,-0.39,-139.0,1440,-0.1,0.96,-352.0,-0.7,-345.0,616,-0.56,0.91,2056,-484.0,-0.24,0.934
close_vs_sma20,672,1.5,high,28,-0.8,-393.0,607,-0.65,0.885,-749.0,0.78,505.0,287,1.76,1.153,894,111.0,0.12,1.017
close_vs_sma20,672,1.5,low,4,-0.91,-322.0,1440,-0.22,0.91,-346.0,0.3,147.0,616,0.24,1.041,2056,-174.0,-0.08,0.976
close_vs_sma20,672,1.5,low,28,0.41,199.0,607,0.33,1.064,-391.0,-0.92,-596.0,287,-2.08,0.845,894,-397.0,-0.44,0.943
close_vs_sma20,672,2.5,high,4,-0.61,-141.0,422,-0.33,0.891,-258.0,-1.84,-669.0,189,-3.54,0.638,611,-809.0,-1.32,0.742
close_vs_sma20,672,2.5,high,28,-0.37,-123.0,251,-0.49,0.91,-296.0,1.25,656.0,120,5.47,1.451,371,533.0,1.44,1.189
close_vs_sma20,672,2.5,low,4,0.02,6.0,422,0.01,1.005,-191.0,1.67,608.0,189,3.22,1.505,611,614.0,1.0,1.254
close_vs_sma20,672,2.5,low,28,0.13,43.0,251,0.17,1.033,-267.0,-1.32,-695.0,120,-5.79,0.674,371,-652.0,-1.76,0.809
close_vs_sma20,2016,1.5,high,4,-0.38,-135.0,1359,-0.1,0.962,-449.0,-0.14,-73.0,580,-0.13,0.981,1939,-208.0,-0.11,0.972
close_vs_sma20,2016,1.5,high,28,-0.08,-36.0,575,-0.04,0.993,-590.0,1.57,1028.0,269,3.77,1.329,844,991.0,1.17,1.162
close_vs_sma20,2016,1.5,low,4,-0.84,-300.0,1359,-0.22,0.916,-403.0,-0.22,-113.0,580,-0.19,0.971,1939,-412.0,-0.21,0.945
close_vs_sma20,2016,1.5,low,28,-0.3,-147.0,575,-0.28,0.948,-470.0,-1.7,-1114.0,269,-4.09,0.734,844,-1261.0,-1.49,0.826
close_vs_sma20,2016,2.5,high,4,-0.99,-227.0,396,-0.57,0.828,-281.0,-0.81,-339.0,184,-1.84,0.832,580,-566.0,-0.98,0.83
close_vs_sma20,2016,2.5,high,28,-0.36,-124.0,234,-0.53,0.915,-327.0,0.89,492.0,106,4.64,1.287,340,368.0,1.08,1.116
close_vs_sma20,2016,2.5,low,4,0.44,101.0,396,0.25,1.087,-173.0,0.67,280.0,184,1.52,1.164,580,381.0,0.66,1.133
close_vs_sma20,2016,2.5,low,28,0.14,49.0,234,0.21,1.036,-242.0,-0.95,-526.0,106,-4.96,0.763,340,-477.0,-1.4,0.867
close_vs_sma50,672,1.5,high,4,-0.62,-199.0,1352,-0.15,0.937,-297.0,0.02,11.0,588,0.02,1.003,1940,-188.0,-0.1,0.972
close_vs_sma50,672,1.5,high,28,0.04,15.0,465,0.03,1.006,-372.0,1.91,1124.0,212,5.3,1.563,677,1139.0,1.68,1.257
close_vs_sma50,672,1.5,low,4,-0.72,-234.0,1352,-0.17,0.927,-345.0,-0.42,-199.0,588,-0.34,0.945,1940,-432.0,-0.22,0.936
close_vs_sma50,672,1.5,low,28,-0.38,-164.0,465,-0.35,0.935,-504.0,-2.03,-1192.0,212,-5.62,0.622,677,-1356.0,-2.0,0.762
close_vs_sma50,672,2.5,high,4,-0.28,-55.0,351,-0.16,0.943,-132.0,-0.78,-287.0,157,-1.83,0.825,508,-342.0,-0.67,0.869
close_vs_sma50,672,2.5,high,28,0.02,6.0,162,0.04,1.006,-207.0,1.31,591.0,72,8.21,1.913,234,597.0,2.55,1.387
close_vs_sma50,672,2.5,low,4,-0.29,-57.0,351,-0.16,0.941,-182.0,0.65,237.0,157,1.51,1.172,508,179.0,0.35,1.076
close_vs_sma50,672,2.5,low,28,-0.21,-58.0,162,-0.36,0.938,-231.0,-1.37,-614.0,72,-8.53,0.509,234,-672.0,-2.87,0.691
close_vs_sma50,2016,1.5,high,4,-0.16,-54.0,1256,-0.04,0.982,-250.0,0.48,242.0,543,0.44,1.065,1799,188.0,0.1,1.028
close_vs_sma50,2016,1.5,high,28,0.26,113.0,447,0.25,1.049,-248.0,1.81,1076.0,202,5.33,1.52,649,1189.0,1.83,1.271
close_vs_sma50,2016,1.5,low,4,-1.07,-348.0,1256,-0.28,0.89,-481.0,-0.83,-415.0,543,-0.76,0.897,1799,-764.0,-0.42,0.894
close_vs_sma50,2016,1.5,low,28,-0.59,-256.0,447,-0.57,0.897,-462.0,-1.92,-1140.0,202,-5.65,0.641,649,-1396.0,-2.15,0.754
close_vs_sma50,2016,2.5,high,4,-0.43,-87.0,311,-0.28,0.913,-212.0,-0.33,-130.0,156,-0.83,0.923,467,-217.0,-0.46,0.92
close_vs_sma50,2016,2.5,high,28,-0.1,-28.0,130,-0.21,0.968,-256.0,1.19,594.0,70,8.48,1.598,200,566.0,2.83,1.304
close_vs_sma50,2016,2.5,low,4,-0.06,-12.0,311,-0.04,0.987,-211.0,0.2,80.0,156,0.51,1.05,467,67.0,0.14,1.026
close_vs_sma50,2016,2.5,low,28,-0.05,-14.0,130,-0.11,0.984,-193.0,-1.24,-616.0,70,-8.8,0.615,200,-630.0,-3.15,0.744
close_vs_sma200,672,1.5,high,4,0.78,257.0,1687,0.15,1.078,-190.0,0.09,48.0,712,0.07,1.011,2399,305.0,0.13,1.04
close_vs_sma200,672,1.5,high,28,1.21,491.0,449,1.09,1.258,-162.0,1.31,716.0,197,3.64,1.335,646,1208.0,1.87,1.299
close_vs_sma200,672,1.5,low,4,-2.41,-796.0,1687,-0.47,0.791,-830.0,-0.54,-276.0,712,-0.39,0.939,2399,-1073.0,-0.45,0.871
close_vs_sma200,672,1.5,low,28,-1.57,-635.0,449,-1.41,0.743,-801.0,-1.42,-779.0,197,-3.96,0.73,646,-1414.0,-2.19,0.736
close_vs_sma200,672,2.5,high,4,-1.44,-261.0,360,-0.72,0.742,-290.0,1.06,384.0,160,2.4,1.265,520,123.0,0.24,1.05
close_vs_sma200,672,2.5,high,28,-0.33,-77.0,124,-0.62,0.879,-180.0,1.71,747.0,54,13.83,2.095,178,670.0,3.76,1.508
close_vs_sma200,672,2.5,low,4,0.81,146.0,360,0.4,1.181,-89.0,-1.2,-435.0,160,-2.72,0.766,520,-290.0,-0.56,0.891
close_vs_sma200,672,2.5,low,28,0.16,38.0,124,0.3,1.065,-137.0,-1.75,-764.0,54,-14.15,0.469,178,-727.0,-4.08,0.64
close_vs_sma200,2016,1.5,high,4,-0.06,-18.0,1279,-0.01,0.993,-312.0,0.64,282.0,569,0.5,1.089,1848,265.0,0.14,1.045
close_vs_sma200,2016,1.5,high,28,0.87,323.0,344,0.94,1.219,-151.0,0.98,537.0,151,3.55,1.318,495,859.0,1.74,1.272
close_vs_sma200,2016,1.5,low,4,-1.31,-391.0,1279,-0.31,0.862,-543.0,-1.06,-464.0,569,-0.82,0.87,1848,-856.0,-0.46,0.866
close_vs_sma200,2016,1.5,low,28,-1.16,-433.0,344,-1.26,0.766,-609.0,-1.07,-585.0,151,-3.87,0.74,495,-1018.0,-2.06,0.752
close_vs_sma200,2016,2.5,high,4,-0.87,-154.0,247,-0.62,0.783,-187.0,-0.25,-92.0,114,-0.81,0.947,361,-246.0,-0.68,0.899
close_vs_sma200,2016,2.5,high,28,-0.41,-94.0,83,-1.13,0.827,-200.0,0.84,360.0,39,9.23,1.479,122,266.0,2.18,1.206
close_vs_sma200,2016,2.5,low,4,0.42,75.0,247,0.3,1.126,-63.0,0.15,56.0,114,0.49,1.034,361,130.0,0.36,1.058
close_vs_sma200,2016,2.5,low,28,0.29,67.0,83,0.81,1.145,-121.0,-0.87,-372.0,39,-9.55,0.666,122,-305.0,-2.5,0.807
close_vs_ema9,672,1.5,high,4,-0.8,-304.0,1635,-0.19,0.927,-785.0,-0.07,-35.0,712,-0.05,0.992,2347,-339.0,-0.14,0.96
close_vs_ema9,672,1.5,high,28,-0.69,-366.0,729,-0.5,0.906,-503.0,1.43,975.0,348,2.8,1.275,1077,609.0,0.57,1.082
close_vs_ema9,672,1.5,low,4,-0.58,-219.0,1635,-0.13,0.947,-522.0,-0.37,-193.0,712,-0.27,0.956,2347,-412.0,-0.18,0.951
close_vs_ema9,672,1.5,low,28,0.25,133.0,729,0.18,1.036,-242.0,-1.59,-1087.0,348,-3.12,0.763,1077,-954.0,-0.89,0.884
close_vs_ema9,672,2.5,high,4,0.27,72.0,544,0.13,1.046,-131.0,-0.8,-295.0,211,-1.4,0.839,755,-223.0,-0.3,0.934
close_vs_ema9,672,2.5,high,28,-1.2,-468.0,350,-1.34,0.788,-521.0,1.08,551.0,152,3.62,1.38,502,83.0,0.16,1.023
close_vs_ema9,672,2.5,low,4,-0.92,-246.0,544,-0.45,0.857,-288.0,0.61,228.0,211,1.08,1.145,755,-18.0,-0.02,0.994
close_vs_ema9,672,2.5,low,28,0.91,356.0,350,1.02,1.199,-275.0,-1.18,-600.0,152,-3.94,0.704,502,-243.0,-0.48,0.936
close_vs_ema9,2016,1.5,high,4,-0.79,-299.0,1559,-0.19,0.929,-621.0,-0.7,-371.0,725,-0.51,0.92,2284,-670.0,-0.29,0.925
close_vs_ema9,2016,1.5,high,28,-0.97,-506.0,703,-0.72,0.872,-609.0,0.45,309.0,332,0.93,1.078,1035,-197.0,-0.19,0.975
close_vs_ema9,2016,1.5,low,4,-0.53,-200.0,1559,-0.13,0.952,-330.0,0.26,139.0,725,0.19,1.032,2284,-61.0,-0.03,0.993
close_vs_ema9,2016,1.5,low,28,0.54,281.0,703,0.4,1.079,-248.0,-0.6,-415.0,332,-1.25,0.904,1035,-134.0,-0.13,0.983
close_vs_ema9,2016,2.5,high,4,-0.55,-149.0,550,-0.27,0.917,-248.0,-0.14,-64.0,231,-0.28,0.97,781,-213.0,-0.27,0.945
close_vs_ema9,2016,2.5,high,28,-0.86,-343.0,338,-1.01,0.841,-460.0,1.97,1159.0,160,7.25,1.662,498,817.0,1.64,1.209
close_vs_ema9,2016,2.5,low,4,-0.1,-27.0,550,-0.05,0.984,-193.0,-0.02,-10.0,231,-0.04,0.995,781,-37.0,-0.05,0.99
close_vs_ema9,2016,2.5,low,28,0.59,235.0,338,0.69,1.126,-233.0,-2.05,-1210.0,160,-7.57,0.588,498,-976.0,-1.96,0.797
close_vs_ema12,672,1.5,high,4,-1.05,-394.0,1581,-0.25,0.904,-837.0,0.35,178.0,664,0.27,1.046,2245,-215.0,-0.1,0.973
close_vs_ema12,672,1.5,high,28,-0.92,-475.0,693,-0.69,0.878,-791.0,1.64,1094.0,325,3.37,1.313,1018,619.0,0.61,1.084
close_vs_ema12,672,1.5,low,4,-0.3,-112.0,1581,-0.07,0.972,-450.0,-0.78,-391.0,664,-0.59,0.906,2245,-503.0,-0.22,0.938
close_vs_ema12,672,1.5,low,28,0.49,253.0,693,0.37,1.072,-355.0,-1.79,-1198.0,325,-3.69,0.742,1018,-945.0,-0.93,0.884
close_vs_ema12,672,2.5,high,4,-0.2,-51.0,501,-0.1,0.966,-184.0,-1.01,-384.0,203,-1.89,0.796,704,-435.0,-0.62,0.872
close_vs_ema12,672,2.5,high,28,-0.89,-329.0,316,-1.04,0.828,-417.0,1.74,916.0,142,6.45,1.619,458,587.0,1.28,1.173
close_vs_ema12,672,2.5,low,4,-0.43,-109.0,501,-0.22,0.929,-263.0,0.84,319.0,203,1.57,1.208,704,210.0,0.3,1.068
close_vs_ema12,672,2.5,low,28,0.61,228.0,316,0.72,1.139,-277.0,-1.82,-962.0,142,-6.77,0.603,458,-734.0,-1.6,0.819
close_vs_ema12,2016,1.5,high,4,-1.25,-468.0,1504,-0.31,0.888,-612.0,0.09,49.0,685,0.07,1.012,2189,-419.0,-0.19,0.95
close_vs_ema12,2016,1.5,high,28,-0.68,-349.0,675,-0.52,0.907,-592.0,1.32,905.0,316,2.87,1.248,991,556.0,0.56,1.075
close_vs_ema12,2016,1.5,low,4,-0.04,-14.0,1504,-0.01,0.997,-252.0,-0.51,-268.0,685,-0.39,0.939,2189,-281.0,-0.13,0.966
close_vs_ema12,2016,1.5,low,28,0.26,133.0,675,0.2,1.038,-307.0,-1.47,-1007.0,316,-3.19,0.782,991,-873.0,-0.88,0.892
close_vs_ema12,2016,2.5,high,4,-0.25,-64.0,498,-0.13,0.96,-197.0,-0.56,-241.0,218,-1.1,0.888,716,-304.0,-0.43,0.919
close_vs_ema12,2016,2.5,high,28,-0.54,-209.0,306,-0.68,0.889,-394.0,1.64,952.0,142,6.7,1.563,448,742.0,1.66,1.208
close_vs_ema12,2016,2.5,low,4,-0.37,-96.0,498,-0.19,0.941,-189.0,0.39,171.0,218,0.78,1.088,716,75.0,0.11,1.021
close_vs_ema12,2016,2.5,low,28,0.29,111.0,306,0.36,1.065,-196.0,-1.72,-997.0,142,-7.02,0.626,448,-886.0,-1.98,0.798
close_vs_ema21,672,1.5,high,4,-0.41,-149.0,1489,-0.1,0.96,-409.0,0.01,7.0,642,0.01,1.002,2131,-142.0,-0.07,0.981
close_vs_ema21,672,1.5,high,28,-0.57,-283.0,617,-0.46,0.917,-676.0,1.46,946.0,297,3.19,1.289,914,663.0,0.73,1.099
close_vs_ema21,672,1.5,low,4,-0.91,-328.0,1489,-0.22,0.914,-352.0,-0.42,-213.0,642,-0.33,0.946,2131,-540.0,-0.25,0.93
close_vs_ema21,672,1.5,low,28,0.17,85.0,617,0.14,1.026,-414.0,-1.61,-1041.0,297,-3.51,0.756,914,-956.0,-1.05,0.872
close_vs_ema21,672,2.5,high,4,-0.81,-196.0,447,-0.44,0.859,-249.0,-1.25,-485.0,194,-2.5,0.776,641,-681.0,-1.06,0.808
close_vs_ema21,672,2.5,high,28,-0.52,-177.0,263,-0.67,0.883,-312.0,1.2,617.0,121,5.1,1.442,384,441.0,1.15,1.152
close_vs_ema21,672,2.5,low,4,0.22,53.0,447,0.12,1.042,-197.0,1.09,423.0,194,2.18,1.247,641,475.0,0.74,1.16
close_vs_ema21,672,2.5,low,28,0.27,92.0,263,0.35,1.067,-230.0,-1.27,-656.0,121,-5.42,0.677,384,-564.0,-1.47,0.835
close_vs_ema21,2016,1.5,high,4,-0.74,-267.0,1424,-0.19,0.929,-414.0,0.24,124.0,607,0.2,1.031,2031,-143.0,-0.07,0.981
close_vs_ema21,2016,1.5,high,28,-0.07,-34.0,590,-0.06,0.989,-461.0,1.42,931.0,276,3.37,1.29,866,896.0,1.04,1.141
close_vs_ema21,2016,1.5,low,4,-0.52,-189.0,1424,-0.13,0.949,-243.0,-0.61,-318.0,607,-0.52,0.923,2031,-507.0,-0.25,0.936
close_vs_ema21,2016,1.5,low,28,-0.31,-155.0,590,-0.26,0.951,-442.0,-1.55,-1019.0,276,-3.69,0.757,866,-1174.0,-1.36,0.841
close_vs_ema21,2016,2.5,high,4,-0.15,-37.0,408,-0.09,0.971,-199.0,-0.38,-162.0,192,-0.85,0.918,600,-199.0,-0.33,0.939
close_vs_ema21,2016,2.5,high,28,-0.48,-168.0,242,-0.69,0.888,-308.0,1.68,926.0,113,8.19,1.618,355,758.0,2.13,1.253
close_vs_ema21,2016,2.5,low,4,-0.39,-94.0,408,-0.23,0.928,-208.0,0.24,101.0,192,0.53,1.054,600,7.0,0.01,1.002
close_vs_ema21,2016,2.5,low,28,0.26,90.0,242,0.37,1.066,-247.0,-1.75,-962.0,113,-8.51,0.606,355,-872.0,-2.45,0.771
close_vs_ema26,672,1.5,high,4,-0.63,-222.0,1451,-0.15,0.939,-362.0,-0.22,-108.0,648,-0.17,0.971,2099,-330.0,-0.16,0.955
close_vs_ema26,672,1.5,high,28,-0.46,-223.0,583,-0.38,0.93,-574.0,1.2,767.0,285,2.69,1.246,868,543.0,0.63,1.086
close_vs_ema26,672,1.5,low,4,-0.69,-242.0,1451,-0.17,0.933,-262.0,-0.2,-99.0,648,-0.15,0.974,2099,-342.0,-0.16,0.954
close_vs_ema26,672,1.5,low,28,0.08,37.0,583,0.06,1.012,-411.0,-1.34,-858.0,285,-3.01,0.782,868,-821.0,-0.95,0.882
close_vs_ema26,672,2.5,high,4,-0.93,-220.0,426,-0.52,0.837,-268.0,-0.99,-366.0,182,-2.01,0.808,608,-585.0,-0.96,0.82
close_vs_ema26,672,2.5,high,28,-0.52,-176.0,243,-0.72,0.879,-321.0,1.1,533.0,110,4.84,1.484,353,357.0,1.01,1.14
close_vs_ema26,672,2.5,low,4,0.35,83.0,426,0.2,1.07,-177.0,0.83,307.0,182,1.69,1.197,608,391.0,0.64,1.142
close_vs_ema26,672,2.5,low,28,0.29,98.0,243,0.4,1.075,-252.0,-1.17,-568.0,110,-5.16,0.656,353,-470.0,-1.33,0.841
close_vs_ema26,2016,1.5,high,4,-0.47,-165.0,1384,-0.12,0.954,-403.0,0.03,18.0,586,0.03,1.005,1970,-147.0,-0.07,0.98
close_vs_ema26,2016,1.5,high,28,0.02,12.0,555,0.02,1.004,-422.0,1.39,893.0,257,3.47,1.297,812,905.0,1.11,1.151
close_vs_ema26,2016,1.5,low,4,-0.79,-278.0,1384,-0.2,0.923,-323.0,-0.4,-205.0,586,-0.35,0.949,1970,-483.0,-0.25,0.937
close_vs_ema26,2016,1.5,low,28,-0.39,-189.0,555,-0.34,0.939,-427.0,-1.51,-975.0,257,-3.79,0.753,812,-1165.0,-1.43,0.834
close_vs_ema26,2016,2.5,high,4,-0.39,-88.0,383,-0.23,0.927,-196.0,-1.0,-428.0,187,-2.29,0.799,570,-516.0,-0.9,0.845
close_vs_ema26,2016,2.5,high,28,-0.01,-3.0,215,-0.02,0.997,-214.0,1.15,615.0,100,6.15,1.446,315,612.0,1.94,1.231
close_vs_ema26,2016,2.5,low,4,-0.15,-35.0,383,-0.09,0.97,-181.0,0.86,368.0,187,1.97,1.213,570,333.0,0.58,1.115
close_vs_ema26,2016,2.5,low,28,-0.2,-66.0,215,-0.3,0.95,-268.0,-1.21,-647.0,100,-6.47,0.678,315,-713.0,-2.26,0.785
close_vs_ema50,672,1.5,high,4,-0.02,-6.0,1412,-0.0,0.998,-290.0,0.25,126.0,612,0.21,1.036,2024,120.0,0.06,1.018
close_vs_ema50,672,1.5,high,28,-0.03,-14.0,511,-0.03,0.995,-380.0,0.9,545.0,235,2.32,1.203,746,530.0,0.71,1.099
close_vs_ema50,672,1.5,low,4,-1.33,-446.0,1412,-0.32,0.873,-464.0,-0.65,-322.0,612,-0.53,0.914,2024,-767.0,-0.38,0.894
close_vs_ema50,672,1.5,low,28,-0.33,-149.0,511,-0.29,0.945,-466.0,-1.03,-620.0,235,-2.64,0.81,746,-769.0,-1.03,0.872
close_vs_ema50,672,2.5,high,4,-0.29,-60.0,386,-0.16,0.943,-151.0,-1.03,-379.0,167,-2.27,0.789,553,-439.0,-0.79,0.846
close_vs_ema50,672,2.5,high,28,-0.98,-300.0,192,-1.56,0.766,-346.0,0.91,425.0,86,4.94,1.441,278,125.0,0.45,1.055
close_vs_ema50,672,2.5,low,4,-0.3,-63.0,386,-0.16,0.94,-198.0,0.89,325.0,167,1.95,1.226,553,262.0,0.47,1.105
close_vs_ema50,672,2.5,low,28,0.78,239.0,192,1.24,1.236,-170.0,-0.97,-453.0,86,-5.26,0.677,278,-214.0,-0.77,0.912
close_vs_ema50,2016,1.5,high,4,-0.06,-19.0,1315,-0.01,0.994,-178.0,-0.29,-149.0,581,-0.26,0.963,1896,-167.0,-0.09,0.977
close_vs_ema50,2016,1.5,high,28,0.66,297.0,479,0.62,1.13,-251.0,1.95,1195.0,228,5.24,1.524,707,1491.0,2.11,1.326
close_vs_ema50,2016,1.5,low,4,-1.18,-402.0,1315,-0.31,0.88,-521.0,-0.07,-37.0,581,-0.06,0.991,1896,-439.0,-0.23,0.94
close_vs_ema50,2016,1.5,low,28,-1.01,-450.0,479,-0.94,0.831,-511.0,-2.07,-1268.0,228,-5.56,0.639,707,-1718.0,-2.43,0.722
close_vs_ema50,2016,2.5,high,4,-0.3,-60.0,325,-0.18,0.94,-174.0,-0.2,-81.0,167,-0.49,0.953,492,-141.0,-0.29,0.948
close_vs_ema50,2016,2.5,high,28,0.27,82.0,149,0.55,1.091,-206.0,0.98,503.0,78,6.45,1.459,227,585.0,2.57,1.293
close_vs_ema50,2016,2.5,low,4,-0.22,-44.0,325,-0.14,0.956,-219.0,0.07,28.0,167,0.17,1.017,492,-16.0,-0.03,0.994
close_vs_ema50,2016,2.5,low,28,-0.43,-129.0,149,-0.87,0.871,-312.0,-1.03,-528.0,78,-6.77,0.672,227,-657.0,-2.89,0.749
close_vs_ema200,672,1.5,high,4,-0.1,-35.0,1724,-0.02,0.99,-301.0,-0.19,-90.0,723,-0.12,0.979,2447,-125.0,-0.05,0.984
close_vs_ema200,672,1.5,high,28,1.05,443.0,492,0.9,1.211,-158.0,1.49,822.0,207,3.97,1.399,699,1265.0,1.81,1.304
close_vs_ema200,672,1.5,low,4,-1.52,-516.0,1724,-0.3,0.863,-567.0,-0.29,-141.0,723,-0.2,0.967,2447,-658.0,-0.27,0.918
close_vs_ema200,672,1.5,low,28,-1.42,-600.0,492,-1.22,0.771,-741.0,-1.61,-888.0,207,-4.29,0.695,699,-1488.0,-2.13,0.731
close_vs_ema200,672,2.5,high,4,-1.09,-206.0,383,-0.54,0.807,-233.0,0.59,223.0,168,1.33,1.125,551,17.0,0.03,1.006
close_vs_ema200,672,2.5,high,28,-0.27,-68.0,139,-0.49,0.908,-220.0,1.46,647.0,63,10.27,1.813,202,579.0,2.87,1.378
close_vs_ema200,672,2.5,low,4,0.44,83.0,383,0.22,1.09,-112.0,-0.73,-277.0,168,-1.65,0.863,551,-194.0,-0.35,0.934
close_vs_ema200,672,2.5,low,28,0.09,23.0,139,0.17,1.033,-143.0,-1.5,-667.0,63,-10.59,0.541,202,-644.0,-3.19,0.7
close_vs_ema200,2016,1.5,high,4,-0.53,-166.0,1380,-0.12,0.944,-268.0,-0.14,-62.0,586,-0.11,0.983,1966,-228.0,-0.12,0.965
close_vs_ema200,2016,1.5,high,28,0.76,301.0,390,0.77,1.171,-151.0,0.99,563.0,163,3.46,1.31,553,865.0,1.56,1.242
close_vs_ema200,2016,1.5,low,4,-0.89,-276.0,1380,-0.2,0.908,-460.0,-0.28,-125.0,586,-0.21,0.966,1966,-401.0,-0.2,0.94
close_vs_ema200,2016,1.5,low,28,-1.08,-426.0,390,-1.09,0.8,-563.0,-1.08,-616.0,163,-3.78,0.744,553,-1041.0,-1.88,0.77
close_vs_ema200,2016,2.5,high,4,-0.94,-161.0,260,-0.62,0.783,-185.0,0.1,38.0,122,0.31,1.024,382,-124.0,-0.32,0.947
close_vs_ema200,2016,2.5,high,28,0.18,42.0,87,0.48,1.089,-102.0,0.87,377.0,47,8.02,1.502,134,418.0,3.12,1.344
close_vs_ema200,2016,2.5,low,4,0.46,78.0,260,0.3,1.126,-91.0,-0.21,-77.0,122,-0.63,0.953,382,2.0,0.0,1.001
close_vs_ema200,2016,2.5,low,28,-0.3,-69.0,87,-0.8,0.867,-177.0,-0.91,-392.0,47,-8.34,0.655,134,-461.0,-3.44,0.721
close_vs_wma20,672,1.5,high,4,-0.7,-257.0,1516,-0.17,0.933,-697.0,0.45,231.0,636,0.36,1.062,2152,-27.0,-0.01,0.996
close_vs_wma20,672,1.5,high,28,-0.98,-500.0,669,-0.75,0.868,-836.0,1.26,851.0,316,2.69,1.242,985,351.0,0.36,1.048
close_vs_wma20,672,1.5,low,4,-0.62,-228.0,1516,-0.15,0.941,-442.0,-0.85,-434.0,636,-0.68,0.893,2152,-662.0,-0.31,0.916
close_vs_wma20,672,1.5,low,28,0.56,286.0,669,0.43,1.084,-393.0,-1.41,-952.0,316,-3.01,0.785,985,-667.0,-0.68,0.915
close_vs_wma20,672,2.5,high,4,-1.28,-327.0,480,-0.68,0.8,-366.0,-1.33,-503.0,200,-2.51,0.741,680,-829.0,-1.22,0.768
close_vs_wma20,672,2.5,high,28,-1.0,-363.0,291,-1.25,0.797,-455.0,1.19,636.0,138,4.61,1.409,429,273.0,0.64,1.082
close_vs_wma20,672,2.5,low,4,0.68,173.0,480,0.36,1.126,-202.0,1.16,439.0,200,2.19,1.299,680,611.0,0.9,1.215
close_vs_wma20,672,2.5,low,28,0.74,270.0,291,0.93,1.184,-245.0,-1.27,-680.0,138,-4.93,0.693,429,-410.0,-0.96,0.889
close_vs_wma20,2016,1.5,high,4,-0.81,-296.0,1442,-0.21,0.924,-542.0,-0.05,-24.0,634,-0.04,0.994,2076,-320.0,-0.15,0.959
close_vs_wma20,2016,1.5,high,28,-0.51,-257.0,638,-0.4,0.926,-547.0,0.94,631.0,298,2.12,1.173,936,375.0,0.4,1.053
close_vs_wma20,2016,1.5,low,4,-0.45,-166.0,1442,-0.11,0.957,-322.0,-0.35,-179.0,634,-0.28,0.956,2076,-344.0,-0.17,0.956
close_vs_wma20,2016,1.5,low,28,0.1,53.0,638,0.08,1.016,-343.0,-1.08,-727.0,298,-2.44,0.832,936,-674.0,-0.72,0.912
close_vs_wma20,2016,2.5,high,4,-0.7,-174.0,457,-0.38,0.886,-218.0,-1.4,-588.0,203,-2.9,0.754,660,-762.0,-1.16,0.806
close_vs_wma20,2016,2.5,high,28,-0.7,-257.0,282,-0.91,0.853,-313.0,1.22,678.0,130,5.21,1.411,412,421.0,1.02,1.124
close_vs_wma20,2016,2.5,low,4,0.11,28.0,457,0.06,1.02,-173.0,1.24,523.0,203,2.58,1.285,660,551.0,0.84,1.169
close_vs_wma20,2016,2.5,low,28,0.45,166.0,282,0.59,1.109,-222.0,-1.29,-719.0,130,-5.53,0.694,412,-553.0,-1.34,0.857
macd_dif_pct,672,1.5,high,4,-0.79,-226.0,1152,-0.2,0.914,-268.0,-0.12,-55.0,508,-0.11,0.983,1660,-281.0,-0.17,0.951
macd_dif_pct,672,1.5,high,28,-0.02,-8.0,384,-0.02,0.996,-336.0,1.07,579.0,177,3.27,1.293,561,571.0,1.02,1.147
macd_dif_pct,672,1.5,low,4,-0.5,-142.0,1152,-0.12,0.945,-290.0,-0.23,-108.0,508,-0.21,0.966,1660,-250.0,-0.15,0.957
macd_dif_pct,672,1.5,low,28,-0.3,-115.0,384,-0.3,0.941,-509.0,-1.17,-635.0,177,-3.59,0.754,561,-750.0,-1.34,0.835
macd_dif_pct,672,2.5,high,4,-0.65,-112.0,289,-0.39,0.851,-169.0,-0.45,-124.0,135,-0.92,0.88,424,-236.0,-0.56,0.868
macd_dif_pct,672,2.5,high,28,0.04,10.0,120,0.08,1.015,-185.0,1.71,649.0,52,12.48,2.322,172,659.0,3.83,1.575
macd_dif_pct,672,2.5,low,4,0.11,19.0,289,0.07,1.028,-125.0,0.3,81.0,135,0.6,1.087,424,100.0,0.24,1.062
macd_dif_pct,672,2.5,low,28,-0.21,-48.0,120,-0.4,0.929,-198.0,-1.75,-666.0,52,-12.8,0.421,172,-714.0,-4.15,0.61
macd_dif_pct,2016,1.5,high,4,-1.07,-303.0,1054,-0.29,0.877,-408.0,-0.46,-200.0,466,-0.43,0.941,1520,-503.0,-0.33,0.914
macd_dif_pct,2016,1.5,high,28,-0.45,-168.0,362,-0.46,0.911,-356.0,1.53,810.0,156,5.2,1.442,518,642.0,1.24,1.173
macd_dif_pct,2016,1.5,low,4,-0.12,-34.0,1054,-0.03,0.985,-272.0,0.12,51.0,466,0.11,1.016,1520,17.0,0.01,1.003
macd_dif_pct,2016,1.5,low,28,0.14,52.0,362,0.14,1.029,-279.0,-1.62,-860.0,156,-5.52,0.678,518,-808.0,-1.56,0.818
macd_dif_pct,2016,2.5,high,4,-0.14,-24.0,261,-0.09,0.968,-126.0,-0.38,-127.0,137,-0.93,0.916,398,-151.0,-0.38,0.933
macd_dif_pct,2016,2.5,high,28,1.08,260.0,101,2.57,1.62,-126.0,1.12,479.0,49,9.77,1.61,150,739.0,4.92,1.613
macd_dif_pct,2016,2.5,low,4,-0.35,-60.0,261,-0.23,0.921,-164.0,0.25,83.0,137,0.61,1.059,398,24.0,0.06,1.011
macd_dif_pct,2016,2.5,low,28,-1.21,-292.0,101,-2.89,0.581,-326.0,-1.16,-494.0,49,-10.09,0.611,150,-787.0,-5.24,0.601
macd_dea_pct,672,1.5,high,4,-0.36,-99.0,1117,-0.09,0.955,-189.0,1.25,519.0,490,1.06,1.183,1607,420.0,0.26,1.084
macd_dea_pct,672,1.5,high,28,0.59,209.0,351,0.6,1.144,-184.0,1.92,949.0,158,6.0,1.627,509,1158.0,2.27,1.391
macd_dea_pct,672,1.5,low,4,-0.95,-259.0,1117,-0.23,0.885,-373.0,-1.63,-676.0,490,-1.38,0.804,1607,-934.0,-0.58,0.836
macd_dea_pct,672,1.5,low,28,-0.9,-322.0,351,-0.92,0.812,-516.0,-2.02,-999.0,158,-6.32,0.599,509,-1321.0,-2.59,0.686
macd_dea_pct,672,2.5,high,4,-0.15,-23.0,262,-0.09,0.961,-121.0,-0.95,-265.0,124,-2.14,0.774,386,-288.0,-0.75,0.835
macd_dea_pct,672,2.5,high,28,0.27,51.0,91,0.56,1.13,-127.0,0.33,117.0,44,2.67,1.138,135,168.0,1.25,1.135
macd_dea_pct,672,2.5,low,4,-0.42,-61.0,262,-0.23,0.897,-165.0,0.81,226.0,124,1.82,1.243,386,164.0,0.43,1.108
macd_dea_pct,672,2.5,low,28,-0.42,-80.0,91,-0.88,0.825,-129.0,-0.37,-131.0,44,-2.99,0.865,135,-211.0,-1.57,0.852
macd_dea_pct,2016,1.5,high,4,-0.11,-29.0,1011,-0.03,0.986,-239.0,0.01,4.0,448,0.01,1.001,1459,-24.0,-0.02,0.995
macd_dea_pct,2016,1.5,high,28,0.66,226.0,333,0.68,1.159,-224.0,1.44,725.0,142,5.11,1.469,475,952.0,2.0,1.32
macd_dea_pct,2016,1.5,low,4,-1.1,-295.0,1011,-0.29,0.867,-309.0,-0.34,-148.0,448,-0.33,0.956,1459,-443.0,-0.3,0.921
macd_dea_pct,2016,1.5,low,28,-0.97,-333.0,333,-1.0,0.805,-460.0,-1.53,-771.0,142,-5.43,0.664,475,-1104.0,-2.32,0.724
macd_dea_pct,2016,2.5,high,4,-0.13,-20.0,225,-0.09,0.964,-122.0,0.58,191.0,126,1.52,1.143,351,172.0,0.49,1.091
macd_dea_pct,2016,2.5,high,28,0.76,154.0,79,1.95,1.561,-154.0,1.34,514.0,44,11.68,1.737,123,668.0,5.43,1.688
macd_dea_pct,2016,2.5,low,4,-0.34,-52.0,225,-0.23,0.907,-148.0,-0.7,-232.0,126,-1.84,0.85,351,-284.0,-0.81,0.866
macd_dea_pct,2016,2.5,low,28,-0.89,-179.0,79,-2.27,0.595,-199.0,-1.37,-528.0,44,-12.0,0.567,123,-707.0,-5.75,0.574
macd_hist_pct,672,1.5,high,4,-1.42,-453.0,1230,-0.37,0.854,-727.0,-1.92,-880.0,552,-1.59,0.757,1782,-1334.0,-0.75,0.802
macd_hist_pct,672,1.5,high,28,-0.89,-403.0,564,-0.71,0.867,-698.0,0.44,266.0,263,1.01,1.091,827,-136.0,-0.16,0.977
macd_hist_pct,672,1.5,low,4,0.19,60.0,1230,0.05,1.021,-222.0,1.54,704.0,552,1.27,1.249,1782,763.0,0.43,1.134
macd_hist_pct,672,1.5,low,28,0.49,222.0,564,0.39,1.082,-288.0,-0.58,-351.0,263,-1.33,0.892,827,-128.0,-0.16,0.979
macd_hist_pct,672,2.5,high,4,-1.74,-357.0,323,-1.1,0.708,-446.0,-2.11,-685.0,130,-5.27,0.552,453,-1042.0,-2.3,0.621
macd_hist_pct,672,2.5,high,28,-2.14,-638.0,201,-3.11,0.603,-774.0,-1.0,-460.0,81,-5.85,0.728,282,-1099.0,-3.9,0.668
macd_hist_pct,672,2.5,low,4,1.23,253.0,323,0.78,1.278,-110.0,1.98,644.0,130,4.95,1.748,453,897.0,1.98,1.507
macd_hist_pct,672,2.5,low,28,1.93,574.0,201,2.79,1.574,-152.0,0.95,434.0,81,5.53,1.35,282,1008.0,3.58,1.447
macd_hist_pct,2016,1.5,high,4,-1.19,-381.0,1180,-0.32,0.873,-586.0,-2.57,-1214.0,520,-2.33,0.686,1700,-1594.0,-0.94,0.767
macd_hist_pct,2016,1.5,high,28,-0.62,-280.0,540,-0.51,0.904,-618.0,0.15,93.0,245,0.36,1.032,785,-187.0,-0.24,0.967
macd_hist_pct,2016,1.5,low,4,0.01,3.0,1180,0.0,1.001,-236.0,2.22,1047.0,520,2.01,1.384,1700,1050.0,0.62,1.19
macd_hist_pct,2016,1.5,low,28,0.24,107.0,540,0.19,1.038,-344.0,-0.28,-171.0,245,-0.68,0.942,785,-64.0,-0.08,0.988
macd_hist_pct,2016,2.5,high,4,-1.93,-409.0,317,-1.29,0.664,-466.0,-2.37,-916.0,138,-6.64,0.555,455,-1325.0,-2.91,0.595
macd_hist_pct,2016,2.5,high,28,-2.11,-632.0,185,-3.41,0.566,-732.0,-0.78,-390.0,86,-4.53,0.75,271,-1021.0,-3.77,0.661
macd_hist_pct,2016,2.5,low,4,1.45,308.0,317,0.97,1.361,-90.0,2.25,872.0,138,6.32,1.752,455,1180.0,2.59,1.586
macd_hist_pct,2016,2.5,low,28,1.91,572.0,185,3.09,1.674,-133.0,0.73,362.0,86,4.21,1.307,271,934.0,3.45,1.46
rsi_6,672,1.5,high,4,0.05,20.0,2193,0.01,1.004,-272.0,-0.01,-6.0,915,-0.0,1.0,3108,14.0,0.0,1.002
rsi_6,672,1.5,high,28,-0.21,-115.0,948,-0.13,0.973,-611.0,0.99,687.0,408,1.7,1.163,1356,572.0,0.42,1.065
rsi_6,672,1.5,low,4,-1.93,-722.0,2193,-0.33,0.848,-758.0,-0.59,-287.0,915,-0.32,0.935,3108,-1009.0,-0.32,0.89
rsi_6,672,1.5,low,28,-0.34,-188.0,948,-0.19,0.96,-563.0,-1.18,-818.0,408,-2.02,0.836,1356,-1006.0,-0.74,0.895
rsi_6,672,2.5,high,4,0.15,15.0,95,0.15,1.068,-59.0,-2.38,-640.0,46,-13.92,0.344,141,-626.0,-4.44,0.474
rsi_6,672,2.5,high,28,0.35,60.0,82,0.74,1.157,-100.0,0.09,32.0,37,0.86,1.038,119,92.0,0.77,1.076
rsi_6,672,2.5,low,4,-0.45,-45.0,95,-0.47,0.817,-71.0,2.33,626.0,46,13.6,2.839,141,581.0,4.12,1.99
rsi_6,672,2.5,low,28,-0.51,-87.0,82,-1.06,0.811,-184.0,-0.12,-44.0,37,-1.18,0.95,119,-130.0,-1.09,0.902
rsi_6,2016,1.5,high,4,-0.46,-167.0,2129,-0.08,0.961,-423.0,-0.34,-164.0,888,-0.18,0.963,3017,-331.0,-0.11,0.962
rsi_6,2016,1.5,high,28,-0.43,-231.0,915,-0.26,0.947,-758.0,0.96,674.0,406,1.67,1.157,1321,443.0,0.34,1.05
rsi_6,2016,1.5,low,4,-1.41,-514.0,2129,-0.24,0.888,-576.0,-0.25,-120.0,888,-0.14,0.971,3017,-635.0,-0.21,0.929
rsi_6,2016,1.5,low,28,-0.11,-62.0,915,-0.06,0.987,-463.0,-1.15,-804.0,406,-1.99,0.841,1321,-866.0,-0.66,0.908
rsi_6,2016,2.5,high,4,-0.33,-29.0,57,-0.51,0.855,-78.0,-3.92,-783.0,34,-23.02,0.126,91,-812.0,-8.92,0.259
rsi_6,2016,2.5,high,28,-0.24,-37.0,52,-0.72,0.859,-125.0,-2.23,-710.0,31,-22.91,0.35,83,-748.0,-9.01,0.449
rsi_6,2016,2.5,low,4,0.12,11.0,57,0.19,1.06,-47.0,3.86,772.0,34,22.7,7.633,91,782.0,8.6,3.665
rsi_6,2016,2.5,low,28,0.13,21.0,52,0.4,1.088,-103.0,2.2,700.0,31,22.59,2.814,83,721.0,8.69,2.16
rsi_14,672,1.5,high,4,0.15,53.0,1833,0.03,1.013,-151.0,-1.06,-501.0,752,-0.66,0.885,2585,-448.0,-0.17,0.945
rsi_14,672,1.5,high,28,0.11,56.0,765,0.06,1.013,-331.0,1.33,842.0,320,2.66,1.262,1085,897.0,0.83,1.128
rsi_14,672,1.5,low,4,-1.84,-640.0,1833,-0.35,0.845,-692.0,0.55,260.0,752,0.34,1.065,2585,-380.0,-0.15,0.953
rsi_14,672,1.5,low,28,-0.59,-301.0,765,-0.38,0.926,-528.0,-1.49,-944.0,320,-2.98,0.771,1085,-1245.0,-1.15,0.846
rsi_14,672,2.5,high,4,-0.19,-27.0,240,-0.11,0.955,-113.0,-1.39,-396.0,95,-4.17,0.572,335,-423.0,-1.26,0.722
rsi_14,672,2.5,high,28,0.49,120.0,168,0.71,1.154,-133.0,-0.03,-12.0,64,-0.19,0.987,232,108.0,0.46,1.064
rsi_14,672,2.5,low,4,-0.36,-50.0,240,-0.21,0.917,-104.0,1.29,366.0,95,3.85,1.673,335,316.0,0.94,1.275
rsi_14,672,2.5,low,28,-0.71,-174.0,168,-1.03,0.812,-250.0,-0.02,-8.0,64,-0.13,0.991,232,-182.0,-0.78,0.901
rsi_14,2016,1.5,high,4,-0.7,-243.0,1739,-0.14,0.936,-334.0,-1.71,-767.0,693,-1.1,0.816,2432,-1010.0,-0.42,0.874
rsi_14,2016,1.5,high,28,-0.13,-66.0,735,-0.11,0.979,-382.0,0.57,358.0,315,1.17,1.105,1050,291.0,0.28,1.04
rsi_14,2016,1.5,low,4,-0.9,-313.0,1739,-0.18,0.921,-394.0,1.21,545.0,693,0.78,1.155,2432,232.0,0.1,1.031
rsi_14,2016,1.5,low,28,-0.34,-169.0,735,-0.21,0.958,-402.0,-0.73,-459.0,315,-1.49,0.88,1050,-627.0,-0.6,0.918
rsi_14,2016,2.5,high,4,-0.39,-55.0,207,-0.26,0.903,-154.0,-3.49,-818.0,92,-8.9,0.296,299,-873.0,-2.92,0.493
rsi_14,2016,2.5,high,28,0.48,123.0,149,0.83,1.169,-178.0,-1.67,-611.0,65,-9.4,0.562,214,-487.0,-2.28,0.77
rsi_14,2016,2.5,low,4,-0.08,-12.0,207,-0.06,0.979,-102.0,3.36,789.0,92,8.58,3.22,299,777.0,2.6,1.869
rsi_14,2016,2.5,low,28,-0.67,-171.0,149,-1.15,0.805,-293.0,1.61,590.0,65,9.08,1.743,214,419.0,1.96,1.251
rsi_24,672,1.5,high,4,-0.38,-129.0,1705,-0.07,0.966,-336.0,-0.05,-24.0,678,-0.04,0.992,2383,-154.0,-0.06,0.979
rsi_24,672,1.5,high,28,0.11,52.0,641,0.06,1.013,-400.0,1.5,895.0,269,3.37,1.365,910,946.0,1.04,1.166
rsi_24,672,1.5,low,4,-1.22,-416.0,1705,-0.25,0.89,-456.0,-0.42,-193.0,678,-0.28,0.95,2383,-609.0,-0.26,0.92
rsi_24,672,1.5,low,28,-0.53,-256.0,641,-0.38,0.927,-593.0,-1.64,-981.0,269,-3.69,0.711,910,-1237.0,-1.36,0.818
rsi_24,672,2.5,high,4,-0.5,-77.0,256,-0.3,0.885,-154.0,-0.72,-201.0,103,-1.95,0.745,359,-278.0,-0.77,0.809
rsi_24,672,2.5,high,28,0.53,132.0,151,0.87,1.189,-170.0,0.6,212.0,60,3.54,1.362,211,344.0,1.63,1.268
rsi_24,672,2.5,low,4,-0.03,-5.0,256,-0.02,0.993,-109.0,0.6,168.0,103,1.63,1.279,359,163.0,0.45,1.132
rsi_24,672,2.5,low,28,-0.73,-180.0,151,-1.19,0.789,-263.0,-0.66,-231.0,60,-3.86,0.714,211,-412.0,-1.95,0.752
rsi_24,2016,1.5,high,4,-0.17,-57.0,1577,-0.03,0.984,-266.0,-0.67,-303.0,633,-0.48,0.919,2210,-360.0,-0.16,0.95
rsi_24,2016,1.5,high,28,0.02,9.0,602,-0.0,0.999,-385.0,0.66,378.0,265,1.47,1.144,867,386.0,0.45,1.067
rsi_24,2016,1.5,low,4,-1.34,-447.0,1577,-0.29,0.876,-516.0,0.22,100.0,633,0.16,1.029,2210,-347.0,-0.16,0.952
rsi_24,2016,1.5,low,28,-0.43,-201.0,602,-0.32,0.94,-443.0,-0.8,-463.0,265,-1.79,0.849,867,-664.0,-0.77,0.895
rsi_24,2016,2.5,high,4,-1.28,-188.0,204,-0.92,0.706,-259.0,-3.18,-780.0,94,-8.3,0.345,298,-968.0,-3.25,0.471
rsi_24,2016,2.5,high,28,-0.51,-119.0,124,-0.96,0.837,-205.0,-1.73,-631.0,56,-11.26,0.483,180,-750.0,-4.16,0.615
rsi_24,2016,2.5,low,4,0.84,123.0,204,0.6,1.256,-94.0,3.06,750.0,94,7.98,2.771,298,873.0,2.93,1.967
rsi_24,2016,2.5,low,28,0.34,79.0,124,0.64,1.126,-221.0,1.68,613.0,56,10.94,2.027,180,692.0,3.84,1.565
stoch_k_14,672,1.5,high,4,-0.8,-287.0,2151,-0.14,0.931,-511.0,-0.39,-184.0,903,-0.2,0.959,3054,-471.0,-0.15,0.945
stoch_k_14,672,1.5,high,28,-0.64,-346.0,955,-0.37,0.922,-633.0,-0.89,-587.0,406,-1.43,0.873,1361,-933.0,-0.69,0.897
stoch_k_14,672,1.5,low,4,-1.12,-401.0,2151,-0.18,0.907,-431.0,-0.22,-105.0,903,-0.12,0.975,3054,-507.0,-0.17,0.941
stoch_k_14,672,1.5,low,28,0.08,41.0,955,0.05,1.011,-382.0,0.7,457.0,406,1.11,1.111,1361,498.0,0.37,1.059
stoch_k_14,672,2.5,high,4,,,0,,,,-1.9,-108.0,5,-21.62,0.0,5,-108.0,-21.62,0.0
stoch_k_14,672,2.5,high,28,,,0,,,,2.14,496.0,3,165.36,inf,3,496.0,165.36,inf
stoch_k_14,672,2.5,low,4,,,0,,,,1.88,106.0,5,21.3,inf,5,106.0,21.3,inf
stoch_k_14,672,2.5,low,28,,,0,,,,-2.14,-497.0,3,-165.68,0.0,3,-497.0,-165.68,0.0
stoch_k_14,2016,1.5,high,4,-1.44,-506.0,2155,-0.23,0.882,-628.0,-1.23,-569.0,884,-0.64,0.872,3039,-1074.0,-0.35,0.877
stoch_k_14,2016,1.5,high,28,-0.88,-468.0,951,-0.49,0.898,-643.0,-0.26,-176.0,405,-0.43,0.96,1356,-644.0,-0.47,0.928
stoch_k_14,2016,1.5,low,4,-0.53,-184.0,2155,-0.09,0.955,-274.0,0.62,286.0,884,0.32,1.071,3039,102.0,0.03,1.013
stoch_k_14,2016,1.5,low,28,0.31,164.0,951,0.17,1.038,-328.0,0.07,46.0,405,0.11,1.011,1356,210.0,0.15,1.025
stoch_d_14,672,1.5,high,4,-0.46,-134.0,1463,-0.09,0.953,-351.0,-1.18,-516.0,629,-0.82,0.849,2092,-650.0,-0.31,0.896
stoch_d_14,672,1.5,high,28,0.44,206.0,745,0.28,1.064,-372.0,-0.61,-387.0,341,-1.13,0.906,1086,-181.0,-0.17,0.975
stoch_d_14,672,1.5,low,4,-1.14,-334.0,1463,-0.23,0.886,-365.0,0.72,314.0,629,0.5,1.105,2092,-20.0,-0.01,0.997
stoch_d_14,672,1.5,low,28,-0.95,-444.0,745,-0.6,0.874,-531.0,0.44,278.0,341,0.81,1.073,1086,-166.0,-0.15,0.977
stoch_d_14,672,2.5,high,4,-2.71,-11.0,1,-10.75,0.0,-13.0,-0.87,-16.0,1,-16.33,0.0,2,-27.0,-13.54,0.0
stoch_d_14,672,2.5,high,28,1.42,26.0,1,26.25,inf,-22.0,-0.6,-17.0,1,-16.96,0.0,2,9.0,4.65,1.548
stoch_d_14,672,2.5,low,4,2.67,10.0,1,10.43,inf,-2.0,0.85,16.0,1,16.01,inf,2,26.0,13.22,inf
stoch_d_14,672,2.5,low,28,-1.43,-27.0,1,-26.57,0.0,-54.0,0.59,17.0,1,16.64,inf,2,-10.0,-4.97,0.626
stoch_d_14,2016,1.5,high,4,-0.3,-85.0,1409,-0.06,0.969,-320.0,-2.01,-825.0,620,-1.33,0.761,2029,-910.0,-0.45,0.852
stoch_d_14,2016,1.5,high,28,-0.29,-135.0,743,-0.18,0.961,-464.0,-0.71,-438.0,335,-1.31,0.89,1078,-573.0,-0.53,0.923
stoch_d_14,2016,1.5,low,4,-1.31,-366.0,1409,-0.26,0.871,-385.0,1.52,627.0,620,1.01,1.23,2029,260.0,0.13,1.047
stoch_d_14,2016,1.5,low,28,-0.22,-103.0,743,-0.14,0.97,-260.0,0.53,330.0,335,0.99,1.092,1078,228.0,0.21,1.033
stochrsi_k,672,1.5,high,4,-0.37,-100.0,1312,-0.08,0.959,-313.0,-2.81,-990.0,643,-1.54,0.714,1955,-1090.0,-0.56,0.815
stochrsi_k,672,1.5,high,28,-0.64,-304.0,753,-0.4,0.914,-516.0,-0.76,-451.0,340,-1.33,0.886,1093,-755.0,-0.69,0.899
stochrsi_k,672,1.5,low,4,-1.2,-320.0,1312,-0.24,0.874,-423.0,2.23,784.0,643,1.22,1.305,1955,464.0,0.24,1.091
stochrsi_k,672,1.5,low,28,0.13,64.0,753,0.08,1.019,-337.0,0.58,342.0,340,1.01,1.096,1093,405.0,0.37,1.059
stochrsi_k,2016,1.5,high,4,-1.41,-372.0,1324,-0.28,0.855,-512.0,-2.89,-1070.0,660,-1.62,0.702,1984,-1442.0,-0.73,0.766
stochrsi_k,2016,1.5,high,28,-0.65,-310.0,756,-0.41,0.912,-471.0,-0.97,-588.0,357,-1.65,0.859,1113,-898.0,-0.81,0.883
stochrsi_k,2016,1.5,low,4,-0.2,-52.0,1324,-0.04,0.978,-208.0,2.32,858.0,660,1.3,1.327,1984,807.0,0.41,1.161
stochrsi_k,2016,1.5,low,28,0.14,68.0,756,0.09,1.02,-393.0,0.78,474.0,357,1.33,1.13,1113,542.0,0.49,1.078
stochrsi_d,672,1.5,high,4,-0.21,-52.0,1201,-0.04,0.975,-237.0,-2.33,-762.0,571,-1.34,0.727,1772,-815.0,-0.46,0.832
stochrsi_d,672,1.5,high,28,-0.1,-46.0,711,-0.07,0.985,-313.0,-1.9,-1052.0,314,-3.35,0.744,1025,-1099.0,-1.07,0.849
stochrsi_d,672,1.5,low,4,-1.34,-332.0,1201,-0.28,0.849,-369.0,1.77,580.0,571,1.02,1.273,1772,248.0,0.14,1.057
stochrsi_d,672,1.5,low,28,-0.4,-181.0,711,-0.25,0.944,-431.0,1.72,952.0,314,3.03,1.306,1025,771.0,0.75,1.122
stochrsi_d,2016,1.5,high,4,-1.47,-368.0,1185,-0.31,0.837,-434.0,-2.08,-702.0,593,-1.18,0.765,1778,-1070.0,-0.6,0.796
stochrsi_d,2016,1.5,high,28,-1.42,-652.0,702,-0.93,0.815,-789.0,-2.59,-1503.0,335,-4.49,0.673,1037,-2155.0,-2.08,0.735
stochrsi_d,2016,1.5,low,4,-0.05,-11.0,1185,-0.01,0.994,-233.0,1.51,512.0,593,0.86,1.216,1778,501.0,0.28,1.113
stochrsi_d,2016,1.5,low,28,0.93,427.0,702,0.61,1.143,-277.0,2.4,1396.0,335,4.17,1.444,1037,1823.0,1.76,1.298
kdj_k,672,1.5,high,4,-0.33,-95.0,1519,-0.06,0.966,-378.0,-1.54,-660.0,660,-1.0,0.815,2179,-755.0,-0.35,0.881
kdj_k,672,1.5,high,28,-0.09,-43.0,784,-0.06,0.987,-445.0,-0.31,-183.0,343,-0.53,0.95,1127,-226.0,-0.2,0.968
kdj_k,672,1.5,low,4,-1.36,-391.0,1519,-0.26,0.867,-402.0,1.05,449.0,660,0.68,1.149,2179,58.0,0.03,1.01
kdj_k,672,1.5,low,28,-0.44,-208.0,784,-0.26,0.94,-443.0,0.12,73.0,343,0.21,1.021,1127,-135.0,-0.12,0.981
kdj_k,672,2.5,high,4,-2.71,-11.0,1,-10.75,0.0,-13.0,-1.33,-69.0,2,-34.46,0.0,3,-80.0,-26.56,0.0
kdj_k,672,2.5,high,28,1.42,26.0,1,26.25,inf,-22.0,0.46,42.0,2,21.19,5.607,3,69.0,22.88,8.46
kdj_k,672,2.5,low,4,2.67,10.0,1,10.43,inf,-2.0,1.32,68.0,2,34.14,inf,3,79.0,26.24,inf
kdj_k,672,2.5,low,28,-1.43,-27.0,1,-26.57,0.0,-54.0,-0.46,-43.0,2,-21.51,0.171,3,-70.0,-23.2,0.113
kdj_k,2016,1.5,high,4,-1.33,-362.0,1505,-0.24,0.873,-464.0,-1.63,-635.0,647,-0.98,0.818,2152,-997.0,-0.46,0.843
kdj_k,2016,1.5,high,28,-0.16,-75.0,775,-0.1,0.978,-420.0,-0.52,-329.0,340,-0.97,0.923,1115,-404.0,-0.36,0.947
kdj_k,2016,1.5,low,4,-0.44,-120.0,1505,-0.08,0.956,-208.0,1.1,428.0,647,0.66,1.145,2152,309.0,0.14,1.055
kdj_k,2016,1.5,low,28,-0.38,-173.0,775,-0.22,0.949,-328.0,0.35,220.0,340,0.65,1.055,1115,47.0,0.04,1.006
kdj_d,672,1.5,high,4,-0.1,-25.0,1384,-0.02,0.989,-346.0,-2.71,-1026.0,632,-1.62,0.724,2016,-1051.0,-0.52,0.828
kdj_d,672,1.5,high,28,0.54,239.0,695,0.35,1.088,-382.0,0.11,68.0,307,0.21,1.019,1002,307.0,0.31,1.049
kdj_d,672,1.5,low,4,-1.58,-418.0,1384,-0.3,0.838,-433.0,2.17,824.0,632,1.3,1.297,2016,406.0,0.2,1.076
kdj_d,672,1.5,low,28,-1.05,-461.0,695,-0.67,0.85,-636.0,-0.28,-167.0,307,-0.53,0.954,1002,-628.0,-0.63,0.906
kdj_d,672,2.5,high,4,-0.88,-9.0,3,-3.13,0.127,-13.0,1.73,104.0,2,51.94,10388.0,5,94.0,18.9,9.781
kdj_d,672,2.5,high,28,1.01,43.0,3,14.3,inf,-29.0,1.29,95.0,1,94.84,inf,4,138.0,34.43,inf
kdj_d,672,2.5,low,4,0.8,8.0,3,2.81,5.215,-7.0,-1.74,-105.0,2,-52.26,0.0,5,-96.0,-19.22,0.098
kdj_d,672,2.5,low,28,-1.03,-44.0,3,-14.62,0.0,-65.0,-1.29,-95.0,1,-95.16,0.0,4,-139.0,-34.75,0.0
kdj_d,2016,1.5,high,4,-0.07,-18.0,1343,-0.01,0.992,-202.0,-3.81,-1332.0,600,-2.22,0.622,1943,-1350.0,-0.69,0.771
kdj_d,2016,1.5,high,28,-0.45,-190.0,685,-0.28,0.935,-464.0,-0.81,-495.0,302,-1.63,0.873,987,-686.0,-0.69,0.9
kdj_d,2016,1.5,low,4,-1.62,-412.0,1343,-0.31,0.84,-435.0,3.26,1140.0,600,1.9,1.5,1943,728.0,0.37,1.15
kdj_d,2016,1.5,low,28,-0.07,-29.0,685,-0.04,0.992,-288.0,0.65,398.0,302,1.31,1.115,987,370.0,0.37,1.058
kdj_d,2016,2.5,high,4,-1.26,-1.0,1,-0.84,0.0,-1.0,-2.1,-133.0,4,-33.33,0.0,5,-134.0,-26.83,0.0
kdj_d,2016,2.5,high,28,-0.3,-1.0,1,-1.39,0.0,-9.0,-2.46,-273.0,4,-68.31,0.0,5,-275.0,-54.92,0.0
kdj_d,2016,2.5,low,4,0.76,1.0,1,0.52,inf,-1.0,2.09,132.0,4,33.01,inf,5,133.0,26.51,inf
kdj_d,2016,2.5,low,28,0.23,1.0,1,1.07,inf,-7.0,2.45,272.0,4,67.99,inf,5,273.0,54.6,inf
kdj_j,672,1.5,high,4,-1.65,-516.0,1793,-0.29,0.853,-672.0,-1.2,-544.0,775,-0.7,0.859,2568,-1060.0,-0.41,0.856
kdj_j,672,1.5,high,28,-0.59,-306.0,898,-0.35,0.923,-551.0,-0.89,-593.0,402,-1.45,0.869,1300,-900.0,-0.69,0.895
kdj_j,672,1.5,low,4,-0.19,-58.0,1793,-0.03,0.984,-380.0,0.65,296.0,775,0.38,1.086,2568,238.0,0.09,1.036
kdj_j,672,1.5,low,28,0.04,19.0,898,0.03,1.008,-305.0,0.7,464.0,402,1.13,1.116,1300,484.0,0.37,1.062
kdj_j,672,2.5,high,4,2.12,4.0,1,4.08,inf,-1.0,0.0,0.0,0,,,1,4.0,4.08,inf
kdj_j,672,2.5,high,28,1.09,9.0,1,9.06,inf,-20.0,0.0,0.0,0,,,1,9.0,9.06,inf
kdj_j,672,2.5,low,4,-2.24,-4.0,1,-4.4,0.0,-5.0,0.0,0.0,0,,,1,-4.0,-4.4,0.0
kdj_j,672,2.5,low,28,-1.13,-9.0,1,-9.38,0.0,-17.0,0.0,0.0,0,,,1,-9.0,-9.38,0.0
kdj_j,2016,1.5,high,4,-1.41,-431.0,1747,-0.25,0.87,-554.0,-1.92,-829.0,766,-1.08,0.772,2513,-1260.0,-0.5,0.819
kdj_j,2016,1.5,high,28,-0.33,-169.0,873,-0.21,0.955,-454.0,-0.53,-342.0,389,-0.85,0.923,1262,-511.0,-0.41,0.938
kdj_j,2016,1.5,low,4,-0.42,-128.0,1747,-0.07,0.961,-326.0,1.35,584.0,766,0.76,1.2,2513,456.0,0.18,1.075
kdj_j,2016,1.5,low,28,-0.22,-110.0,873,-0.11,0.975,-320.0,0.34,217.0,389,0.53,1.051,1262,107.0,0.09,1.013
cci_14,672,1.5,high,4,-0.15,-54.0,2060,-0.03,0.987,-359.0,0.16,77.0,884,0.09,1.018,2944,22.0,0.01,1.003
cci_14,672,1.5,high,28,-0.87,-489.0,1004,-0.5,0.9,-832.0,0.46,312.0,432,0.75,1.07,1436,-177.0,-0.12,0.982
cci_14,672,1.5,low,4,-1.68,-605.0,2060,-0.29,0.86,-644.0,-0.74,-359.0,884,-0.41,0.921,2944,-964.0,-0.33,0.891
cci_14,672,1.5,low,28,0.3,168.0,1004,0.18,1.039,-439.0,-0.66,-450.0,432,-1.07,0.907,1436,-283.0,-0.2,0.971
cci_14,672,2.5,high,4,-0.4,-66.0,270,-0.25,0.91,-243.0,-0.6,-163.0,128,-1.27,0.825,398,-229.0,-0.57,0.862
cci_14,672,2.5,high,28,0.19,59.0,248,0.24,1.044,-236.0,1.73,681.0,109,6.24,1.716,357,740.0,2.07,1.324
cci_14,672,2.5,low,4,-0.12,-20.0,270,-0.07,0.972,-192.0,0.45,122.0,128,0.95,1.155,398,101.0,0.25,1.068
cci_14,672,2.5,low,28,-0.44,-139.0,248,-0.56,0.903,-297.0,-1.81,-716.0,109,-6.56,0.566,357,-854.0,-2.39,0.723
cci_14,2016,1.5,high,4,-0.82,-294.0,2042,-0.14,0.93,-470.0,0.44,213.0,846,0.25,1.052,2888,-81.0,-0.03,0.99
cci_14,2016,1.5,high,28,-0.28,-154.0,980,-0.17,0.965,-662.0,0.61,428.0,423,1.04,1.097,1403,274.0,0.2,1.03
cci_14,2016,1.5,low,4,-1.01,-359.0,2042,-0.18,0.915,-401.0,-1.0,-484.0,846,-0.57,0.892,2888,-843.0,-0.29,0.903
cci_14,2016,1.5,low,28,-0.29,-159.0,980,-0.15,0.969,-592.0,-0.8,-563.0,423,-1.36,0.886,1403,-723.0,-0.52,0.926
cci_14,2016,2.5,high,4,-0.48,-78.0,253,-0.31,0.891,-239.0,-0.38,-100.0,127,-0.79,0.885,380,-179.0,-0.47,0.887
cci_14,2016,2.5,high,28,-1.07,-326.0,235,-1.39,0.781,-441.0,0.48,189.0,113,1.67,1.174,348,-137.0,-0.39,0.947
cci_14,2016,2.5,low,4,-0.02,-3.0,253,-0.01,0.996,-146.0,0.23,60.0,127,0.47,1.075,380,57.0,0.15,1.039
cci_14,2016,2.5,low,28,0.82,251.0,235,1.07,1.21,-167.0,-0.57,-225.0,113,-1.99,0.826,348,26.0,0.07,1.01
williams_r_14,672,1.5,high,4,-0.8,-287.0,2151,-0.14,0.931,-511.0,-0.39,-184.0,903,-0.2,0.959,3054,-471.0,-0.15,0.945
williams_r_14,672,1.5,high,28,-0.64,-346.0,955,-0.37,0.922,-633.0,-0.89,-587.0,406,-1.43,0.873,1361,-933.0,-0.69,0.897
williams_r_14,672,1.5,low,4,-1.12,-401.0,2151,-0.18,0.907,-431.0,-0.22,-105.0,903,-0.12,0.975,3054,-507.0,-0.17,0.941
williams_r_14,672,1.5,low,28,0.08,41.0,955,0.05,1.011,-382.0,0.7,457.0,406,1.11,1.111,1361,498.0,0.37,1.059
williams_r_14,672,2.5,high,4,,,0,,,,-1.9,-108.0,5,-21.62,0.0,5,-108.0,-21.62,0.0
williams_r_14,672,2.5,high,28,,,0,,,,2.14,496.0,3,165.36,inf,3,496.0,165.36,inf
williams_r_14,672,2.5,low,4,,,0,,,,1.88,106.0,5,21.3,inf,5,106.0,21.3,inf
williams_r_14,672,2.5,low,28,,,0,,,,-2.14,-497.0,3,-165.68,0.0,3,-497.0,-165.68,0.0
williams_r_14,2016,1.5,high,4,-1.44,-506.0,2155,-0.23,0.882,-628.0,-1.23,-569.0,884,-0.64,0.872,3039,-1074.0,-0.35,0.877
williams_r_14,2016,1.5,high,28,-0.88,-468.0,951,-0.49,0.898,-643.0,-0.26,-176.0,405,-0.43,0.96,1356,-644.0,-0.47,0.928
williams_r_14,2016,1.5,low,4,-0.53,-184.0,2155,-0.09,0.955,-274.0,0.62,286.0,884,0.32,1.071,3039,102.0,0.03,1.013
williams_r_14,2016,1.5,low,28,0.31,164.0,951,0.17,1.038,-328.0,0.07,46.0,405,0.11,1.011,1356,210.0,0.15,1.025
roc_12,672,1.5,high,4,-0.41,-140.0,1432,-0.1,0.959,-528.0,-0.3,-147.0,631,-0.23,0.961,2063,-287.0,-0.14,0.96
roc_12,672,1.5,high,28,-0.37,-173.0,584,-0.3,0.942,-522.0,0.75,474.0,286,1.66,1.154,870,301.0,0.35,1.05
roc_12,672,1.5,low,4,-0.92,-318.0,1432,-0.22,0.909,-393.0,-0.11,-55.0,631,-0.09,0.985,2063,-374.0,-0.18,0.948
roc_12,672,1.5,low,28,-0.03,-14.0,584,-0.02,0.995,-394.0,-0.9,-566.0,286,-1.98,0.843,870,-580.0,-0.67,0.911
roc_12,672,2.5,high,4,-0.98,-226.0,416,-0.54,0.831,-333.0,-1.1,-396.0,175,-2.26,0.76,591,-621.0,-1.05,0.792
roc_12,672,2.5,high,28,-0.97,-302.0,227,-1.33,0.788,-420.0,0.5,252.0,96,2.63,1.205,323,-50.0,-0.15,0.981
roc_12,672,2.5,low,4,0.4,92.0,416,0.22,1.079,-193.0,0.94,340.0,175,1.94,1.266,591,432.0,0.73,1.176
roc_12,672,2.5,low,28,0.73,230.0,227,1.01,1.199,-218.0,-0.56,-283.0,96,-2.95,0.811,323,-53.0,-0.17,0.98
roc_12,2016,1.5,high,4,-0.67,-235.0,1360,-0.17,0.933,-575.0,-0.79,-411.0,617,-0.67,0.903,1977,-646.0,-0.33,0.917
roc_12,2016,1.5,high,28,-0.35,-168.0,556,-0.3,0.943,-692.0,0.97,635.0,275,2.31,1.205,831,468.0,0.56,1.077
roc_12,2016,1.5,low,4,-0.57,-201.0,1360,-0.15,0.942,-346.0,0.41,214.0,617,0.35,1.054,1977,13.0,0.01,1.002
roc_12,2016,1.5,low,28,-0.02,-10.0,556,-0.02,0.997,-463.0,-1.11,-723.0,275,-2.63,0.809,831,-734.0,-0.88,0.89
roc_12,2016,2.5,high,4,-1.0,-224.0,394,-0.57,0.824,-283.0,-1.29,-534.0,176,-3.04,0.751,570,-758.0,-1.33,0.778
roc_12,2016,2.5,high,28,-0.64,-203.0,215,-0.94,0.85,-350.0,0.38,205.0,95,2.15,1.149,310,2.0,0.01,1.001
roc_12,2016,2.5,low,4,0.44,98.0,394,0.25,1.088,-143.0,1.16,478.0,176,2.72,1.292,570,576.0,1.01,1.21
roc_12,2016,2.5,low,28,0.42,134.0,215,0.62,1.113,-221.0,-0.44,-235.0,95,-2.47,0.853,310,-101.0,-0.33,0.964
momentum_10_pct,672,1.5,high,4,-0.73,-254.0,1456,-0.17,0.928,-570.0,-0.87,-448.0,642,-0.7,0.893,2098,-701.0,-0.33,0.909
momentum_10_pct,672,1.5,high,28,-0.47,-230.0,632,-0.36,0.93,-604.0,0.72,475.0,296,1.6,1.135,928,245.0,0.26,1.036
momentum_10_pct,672,1.5,low,4,-0.61,-212.0,1456,-0.15,0.939,-427.0,0.47,242.0,642,0.38,1.063,2098,30.0,0.01,1.004
momentum_10_pct,672,1.5,low,28,0.06,28.0,632,0.04,1.009,-426.0,-0.87,-570.0,296,-1.92,0.859,928,-542.0,-0.58,0.925
momentum_10_pct,672,2.5,high,4,-0.54,-123.0,415,-0.3,0.905,-217.0,-2.35,-843.0,183,-4.61,0.569,598,-966.0,-1.61,0.702
momentum_10_pct,672,2.5,high,28,-0.53,-169.0,235,-0.72,0.878,-372.0,1.72,897.0,112,8.01,1.708,347,728.0,2.1,1.274
momentum_10_pct,672,2.5,low,4,-0.04,-10.0,415,-0.02,0.992,-222.0,2.19,784.0,183,4.29,1.688,598,774.0,1.29,1.328
momentum_10_pct,672,2.5,low,28,0.29,94.0,235,0.4,1.075,-232.0,-1.79,-933.0,112,-8.33,0.573,347,-839.0,-2.42,0.756
momentum_10_pct,2016,1.5,high,4,-0.33,-115.0,1367,-0.08,0.966,-378.0,-0.65,-336.0,623,-0.54,0.92,1990,-451.0,-0.23,0.941
momentum_10_pct,2016,1.5,high,28,0.43,210.0,591,0.36,1.072,-243.0,1.24,815.0,286,2.85,1.257,877,1025.0,1.17,1.168
momentum_10_pct,2016,1.5,low,4,-0.92,-323.0,1367,-0.24,0.908,-374.0,0.26,136.0,623,0.22,1.034,1990,-186.0,-0.09,0.975
momentum_10_pct,2016,1.5,low,28,-0.82,-399.0,591,-0.68,0.877,-466.0,-1.37,-906.0,286,-3.17,0.775,877,-1306.0,-1.49,0.82
momentum_10_pct,2016,2.5,high,4,-0.47,-109.0,404,-0.27,0.913,-208.0,-1.2,-506.0,180,-2.81,0.76,584,-615.0,-1.05,0.817
momentum_10_pct,2016,2.5,high,28,-0.26,-86.0,231,-0.37,0.937,-357.0,1.61,861.0,101,8.53,1.664,332,776.0,2.34,1.293
momentum_10_pct,2016,2.5,low,4,-0.08,-20.0,404,-0.05,0.984,-197.0,1.07,448.0,180,2.49,1.275,584,428.0,0.73,1.151
momentum_10_pct,2016,2.5,low,28,0.04,12.0,231,0.05,1.009,-240.0,-1.67,-894.0,101,-8.85,0.589,332,-882.0,-2.66,0.746
tr_pct,672,1.5,high,4,-0.75,-277.0,1330,-0.21,0.926,-491.0,-1.42,-748.0,620,-1.21,0.839,1950,-1025.0,-0.53,0.878
tr_pct,672,1.5,high,28,0.15,78.0,634,0.13,1.023,-392.0,0.78,498.0,306,1.61,1.139,940,576.0,0.61,1.08
tr_pct,672,1.5,low,4,-0.4,-148.0,1330,-0.11,0.96,-354.0,1.05,549.0,620,0.89,1.137,1950,401.0,0.21,1.052
tr_pct,672,1.5,low,28,-0.54,-281.0,634,-0.45,0.926,-440.0,-0.93,-596.0,306,-1.93,0.856,940,-877.0,-0.93,0.89
tr_pct,672,2.5,high,4,-0.83,-243.0,661,-0.37,0.883,-426.0,-1.47,-644.0,272,-2.37,0.764,933,-888.0,-0.95,0.816
tr_pct,672,2.5,high,28,-0.47,-202.0,417,-0.48,0.921,-453.0,0.1,57.0,180,0.32,1.022,597,-144.0,-0.24,0.972
tr_pct,672,2.5,low,4,0.11,32.0,661,0.05,1.016,-245.0,1.27,557.0,272,2.05,1.261,933,589.0,0.63,1.144
tr_pct,672,2.5,low,28,0.16,68.0,417,0.16,1.028,-313.0,-0.2,-115.0,180,-0.64,0.957,597,-47.0,-0.08,0.991
tr_pct,2016,1.5,high,4,-0.89,-328.0,1308,-0.25,0.912,-537.0,-1.12,-617.0,593,-1.04,0.869,1901,-945.0,-0.5,0.888
tr_pct,2016,1.5,high,28,0.21,107.0,613,0.18,1.03,-394.0,0.65,438.0,289,1.52,1.126,902,546.0,0.6,1.078
tr_pct,2016,1.5,low,4,-0.24,-90.0,1308,-0.07,0.975,-345.0,0.77,427.0,593,0.72,1.102,1901,337.0,0.18,1.043
tr_pct,2016,1.5,low,28,-0.59,-304.0,613,-0.5,0.919,-481.0,-0.78,-531.0,289,-1.84,0.867,902,-834.0,-0.92,0.892
tr_pct,2016,2.5,high,4,-0.11,-33.0,629,-0.05,0.983,-367.0,-1.56,-738.0,286,-2.58,0.757,915,-771.0,-0.84,0.847
tr_pct,2016,2.5,high,28,0.02,9.0,390,0.02,1.004,-414.0,0.3,182.0,170,1.07,1.069,560,192.0,0.34,1.038
tr_pct,2016,2.5,low,4,-0.58,-168.0,629,-0.27,0.919,-282.0,1.37,647.0,286,2.26,1.275,915,479.0,0.52,1.108
tr_pct,2016,2.5,low,28,-0.31,-134.0,390,-0.34,0.944,-368.0,-0.39,-237.0,170,-1.39,0.918,560,-371.0,-0.66,0.93
atr_7_pct,672,1.5,high,4,-2.19,-705.0,1009,-0.7,0.762,-772.0,-1.62,-820.0,499,-1.64,0.809,1508,-1526.0,-1.01,0.79
atr_7_pct,672,1.5,high,28,-1.84,-751.0,411,-1.83,0.711,-911.0,-0.86,-519.0,205,-2.53,0.834,616,-1270.0,-2.06,0.778
atr_7_pct,672,1.5,low,4,1.19,383.0,1009,0.38,1.158,-160.0,1.31,661.0,499,1.32,1.185,1508,1043.0,0.69,1.174
atr_7_pct,672,1.5,low,28,1.52,619.0,411,1.51,1.324,-220.0,0.76,453.0,205,2.21,1.172,616,1073.0,1.74,1.236
atr_7_pct,672,2.5,high,4,-2.07,-470.0,330,-1.42,0.661,-525.0,0.26,101.0,163,0.62,1.063,493,-369.0,-0.75,0.877
atr_7_pct,672,2.5,high,28,-1.24,-353.0,161,-2.19,0.687,-461.0,-0.33,-159.0,78,-2.03,0.883,239,-512.0,-2.14,0.794
atr_7_pct,672,2.5,low,4,1.61,364.0,330,1.1,1.377,-123.0,-0.4,-153.0,163,-0.94,0.912,493,211.0,0.43,1.078
atr_7_pct,672,2.5,low,28,1.06,302.0,161,1.87,1.377,-132.0,0.27,134.0,78,1.71,1.111,239,435.0,1.82,1.217
atr_7_pct,2016,1.5,high,4,-1.39,-430.0,931,-0.46,0.848,-585.0,-1.93,-990.0,448,-2.21,0.761,1379,-1421.0,-1.03,0.796
atr_7_pct,2016,1.5,high,28,-0.66,-261.0,381,-0.68,0.885,-575.0,-0.02,-12.0,170,-0.07,0.995,551,-272.0,-0.49,0.942
atr_7_pct,2016,1.5,low,4,0.43,132.0,931,0.14,1.052,-172.0,1.65,847.0,448,1.89,1.262,1379,979.0,0.71,1.169
atr_7_pct,2016,1.5,low,28,0.35,139.0,381,0.36,1.067,-282.0,-0.07,-42.0,170,-0.25,0.983,551,96.0,0.17,1.021
atr_7_pct,2016,2.5,high,4,-1.22,-265.0,311,-0.85,0.788,-388.0,-1.75,-772.0,169,-4.57,0.709,480,-1038.0,-2.16,0.734
atr_7_pct,2016,2.5,high,28,-1.0,-271.0,146,-1.86,0.748,-371.0,-1.24,-628.0,65,-9.66,0.674,211,-899.0,-4.26,0.7
atr_7_pct,2016,2.5,low,4,0.76,166.0,311,0.53,1.16,-111.0,1.63,718.0,169,4.25,1.375,480,884.0,1.84,1.3
atr_7_pct,2016,2.5,low,28,0.83,224.0,146,1.54,1.27,-133.0,1.2,607.0,65,9.34,1.464,211,831.0,3.94,1.389
natr_14,672,1.5,high,4,-2.4,-727.0,1060,-0.69,0.75,-795.0,-1.38,-680.0,560,-1.21,0.835,1620,-1407.0,-0.87,0.8
natr_14,672,1.5,high,28,-1.75,-662.0,368,-1.8,0.71,-820.0,-1.18,-695.0,188,-3.7,0.754,556,-1357.0,-2.44,0.734
natr_14,672,1.5,low,4,1.28,388.0,1060,0.37,1.165,-176.0,1.01,501.0,560,0.89,1.142,1620,889.0,0.55,1.151
natr_14,672,1.5,low,28,1.44,544.0,368,1.48,1.325,-210.0,1.08,635.0,188,3.38,1.294,556,1179.0,2.12,1.307
natr_14,672,2.5,high,4,-1.09,-221.0,287,-0.77,0.782,-345.0,-0.01,-3.0,170,-0.02,0.998,457,-224.0,-0.49,0.918
natr_14,672,2.5,high,28,-1.0,-242.0,110,-2.2,0.686,-372.0,-0.57,-268.0,63,-4.25,0.767,173,-510.0,-2.95,0.734
natr_14,672,2.5,low,4,0.64,129.0,287,0.45,1.154,-162.0,-0.13,-51.0,170,-0.3,0.971,457,78.0,0.17,1.03
natr_14,672,2.5,low,28,0.86,207.0,110,1.88,1.379,-111.0,0.52,248.0,63,3.93,1.278,173,455.0,2.63,1.316
natr_14,2016,1.5,high,4,-1.89,-546.0,941,-0.58,0.797,-702.0,-1.95,-954.0,506,-1.89,0.742,1447,-1501.0,-1.04,0.765
natr_14,2016,1.5,high,28,-0.88,-307.0,305,-1.01,0.834,-578.0,-0.77,-433.0,151,-2.87,0.811,456,-740.0,-1.62,0.822
natr_14,2016,1.5,low,4,0.85,245.0,941,0.26,1.106,-160.0,1.62,792.0,506,1.57,1.28,1447,1038.0,0.72,1.202
natr_14,2016,1.5,low,28,0.6,209.0,305,0.69,1.131,-223.0,0.68,385.0,151,2.55,1.204,456,594.0,1.3,1.171
natr_14,2016,2.5,high,4,-1.27,-246.0,288,-0.86,0.759,-366.0,-2.12,-952.0,174,-5.47,0.634,462,-1198.0,-2.59,0.67
natr_14,2016,2.5,high,28,-1.24,-288.0,105,-2.74,0.643,-407.0,-1.58,-797.0,52,-15.32,0.534,157,-1085.0,-6.91,0.569
natr_14,2016,2.5,low,4,0.79,154.0,288,0.54,1.187,-114.0,1.99,896.0,174,5.15,1.533,462,1051.0,2.27,1.419
natr_14,2016,2.5,low,28,1.09,254.0,105,2.42,1.475,-100.0,1.55,780.0,52,15.0,1.846,157,1034.0,6.59,1.709
atr_28_pct,672,1.5,high,4,-1.88,-563.0,1159,-0.49,0.804,-692.0,-1.67,-855.0,683,-1.25,0.805,1842,-1418.0,-0.77,0.805
atr_28_pct,672,1.5,high,28,-1.6,-575.0,339,-1.7,0.715,-699.0,-1.8,-1058.0,180,-5.88,0.632,519,-1633.0,-3.15,0.666
atr_28_pct,672,1.5,low,4,0.64,192.0,1159,0.17,1.077,-292.0,1.24,636.0,683,0.93,1.174,1842,828.0,0.45,1.135
atr_28_pct,672,1.5,low,28,1.3,466.0,339,1.38,1.312,-176.0,1.7,1001.0,180,5.56,1.542,519,1467.0,2.83,1.439
atr_28_pct,672,2.5,high,4,-1.6,-317.0,280,-1.13,0.688,-411.0,-2.35,-1009.0,173,-5.83,0.608,453,-1326.0,-2.93,0.631
atr_28_pct,672,2.5,high,28,-1.26,-292.0,92,-3.17,0.61,-396.0,-1.75,-875.0,54,-16.2,0.521,146,-1167.0,-7.99,0.547
atr_28_pct,672,2.5,low,4,1.15,227.0,280,0.81,1.305,-65.0,2.22,953.0,173,5.51,1.599,453,1181.0,2.61,1.505
atr_28_pct,672,2.5,low,28,1.13,262.0,92,2.85,1.558,-77.0,1.72,858.0,54,15.88,1.892,146,1120.0,7.67,1.782
atr_28_pct,2016,1.5,high,4,-2.2,-621.0,1062,-0.58,0.766,-677.0,-1.62,-795.0,596,-1.33,0.799,1658,-1416.0,-0.85,0.786
atr_28_pct,2016,1.5,high,28,-1.15,-384.0,287,-1.34,0.764,-576.0,-1.08,-599.0,158,-3.79,0.755,445,-982.0,-2.21,0.759
atr_28_pct,2016,1.5,low,4,1.0,281.0,1062,0.26,1.128,-170.0,1.23,604.0,596,1.01,1.185,1658,886.0,0.53,1.162
atr_28_pct,2016,1.5,low,28,0.88,292.0,287,1.02,1.227,-217.0,0.99,548.0,158,3.47,1.293,445,840.0,1.89,1.266
atr_28_pct,2016,2.5,high,4,-2.7,-505.0,282,-1.79,0.541,-586.0,-1.8,-808.0,191,-4.23,0.68,473,-1313.0,-2.78,0.638
atr_28_pct,2016,2.5,high,28,-1.68,-355.0,79,-4.49,0.501,-469.0,-1.48,-741.0,49,-15.12,0.547,128,-1096.0,-8.56,0.533
atr_28_pct,2016,2.5,low,4,2.22,415.0,282,1.47,1.649,-71.0,1.67,747.0,191,3.91,1.427,473,1162.0,2.46,1.487
atr_28_pct,2016,2.5,low,28,1.56,330.0,79,4.17,1.896,-74.0,1.45,725.0,49,14.8,1.804,128,1055.0,8.24,1.83
bb_width,672,1.5,high,4,-1.72,-459.0,765,-0.6,0.784,-538.0,1.93,725.0,375,1.93,1.386,1140,266.0,0.23,1.067
bb_width,672,1.5,high,28,-1.75,-590.0,284,-2.08,0.684,-677.0,0.4,195.0,145,1.34,1.104,429,-395.0,-0.92,0.894
bb_width,672,1.5,low,4,0.8,214.0,765,0.28,1.12,-140.0,-2.25,-845.0,375,-2.25,0.684,1140,-631.0,-0.55,0.859
bb_width,672,1.5,low,28,1.48,499.0,284,1.76,1.378,-117.0,-0.49,-241.0,145,-1.66,0.884,429,258.0,0.6,1.076
bb_width,672,2.5,high,4,-0.74,-134.0,338,-0.4,0.853,-227.0,1.34,359.0,154,2.33,1.368,492,224.0,0.46,1.119
bb_width,672,2.5,high,28,-0.36,-89.0,135,-0.66,0.883,-239.0,1.01,363.0,66,5.5,1.432,201,274.0,1.36,1.17
bb_width,672,2.5,low,4,0.14,26.0,338,0.08,1.031,-111.0,-1.53,-408.0,154,-2.65,0.7,492,-382.0,-0.78,0.826
bb_width,672,2.5,low,28,0.19,46.0,135,0.34,1.066,-138.0,-1.07,-384.0,66,-5.82,0.684,201,-338.0,-1.68,0.823
bb_width,2016,1.5,high,4,-1.02,-266.0,703,-0.38,0.862,-467.0,-0.29,-138.0,333,-0.41,0.953,1036,-404.0,-0.39,0.917
bb_width,2016,1.5,high,28,-0.29,-98.0,263,-0.37,0.935,-532.0,-0.04,-20.0,119,-0.17,0.99,382,-118.0,-0.31,0.966
bb_width,2016,1.5,low,4,0.16,41.0,703,0.06,1.023,-180.0,0.07,31.0,333,0.09,1.011,1036,72.0,0.07,1.016
bb_width,2016,1.5,low,28,0.04,13.0,263,0.05,1.009,-335.0,-0.03,-18.0,119,-0.15,0.991,382,-5.0,-0.01,0.999
bb_width,2016,2.5,high,4,-1.3,-242.0,298,-0.81,0.761,-272.0,0.47,156.0,158,0.98,1.12,456,-86.0,-0.19,0.963
bb_width,2016,2.5,high,28,-1.81,-436.0,122,-3.57,0.532,-505.0,0.21,91.0,59,1.54,1.083,181,-345.0,-1.91,0.829
bb_width,2016,2.5,low,4,0.79,146.0,298,0.49,1.179,-87.0,-0.62,-206.0,158,-1.3,0.861,456,-60.0,-0.13,0.974
bb_width,2016,2.5,low,28,1.65,397.0,122,3.25,1.774,-109.0,-0.25,-110.0,59,-1.86,0.908,181,287.0,1.59,1.169
bb_pct_b,672,1.5,high,4,-0.56,-209.0,2116,-0.1,0.951,-556.0,0.64,308.0,870,0.36,1.073,2986,99.0,0.03,1.011
bb_pct_b,672,1.5,high,28,-0.37,-211.0,967,-0.23,0.955,-533.0,-0.49,-340.0,410,-0.8,0.935,1377,-550.0,-0.4,0.945
bb_pct_b,672,1.5,low,4,-1.26,-468.0,2116,-0.22,0.897,-532.0,-1.22,-587.0,870,-0.68,0.874,2986,-1055.0,-0.35,0.886
bb_pct_b,672,1.5,low,28,-0.17,-99.0,967,-0.09,0.982,-358.0,0.3,208.0,410,0.48,1.041,1377,110.0,0.08,1.011
bb_pct_b,672,2.5,high,4,-0.28,-42.0,186,-0.23,0.923,-196.0,-0.99,-278.0,92,-3.02,0.652,278,-321.0,-1.15,0.763
bb_pct_b,672,2.5,high,28,-0.43,-120.0,176,-0.68,0.885,-299.0,1.18,478.0,80,5.98,1.45,256,358.0,1.4,1.17
bb_pct_b,672,2.5,low,4,-0.11,-17.0,186,-0.09,0.968,-105.0,0.88,249.0,92,2.7,1.465,278,232.0,0.83,1.216
bb_pct_b,672,2.5,low,28,0.23,64.0,176,0.36,1.067,-160.0,-1.24,-504.0,80,-6.3,0.675,256,-440.0,-1.72,0.824
bb_pct_b,2016,1.5,high,4,-0.81,-297.0,2049,-0.15,0.931,-621.0,0.52,249.0,849,0.3,1.063,2898,-48.0,-0.02,0.994
bb_pct_b,2016,1.5,high,28,-0.29,-163.0,952,-0.18,0.964,-491.0,-0.71,-492.0,408,-1.18,0.901,1360,-656.0,-0.48,0.932
bb_pct_b,2016,1.5,low,4,-0.98,-359.0,2049,-0.17,0.92,-456.0,-1.09,-520.0,849,-0.62,0.882,2898,-879.0,-0.3,0.901
bb_pct_b,2016,1.5,low,28,-0.25,-141.0,952,-0.14,0.973,-463.0,0.52,361.0,408,0.86,1.079,1360,220.0,0.16,1.024
bb_pct_b,2016,2.5,high,4,-0.2,-29.0,161,-0.18,0.944,-187.0,-1.14,-313.0,83,-3.78,0.608,244,-343.0,-1.4,0.74
bb_pct_b,2016,2.5,high,28,-0.61,-166.0,158,-1.05,0.843,-302.0,1.25,502.0,78,6.44,1.522,236,336.0,1.42,1.166
bb_pct_b,2016,2.5,low,4,-0.16,-22.0,161,-0.14,0.956,-108.0,1.05,287.0,83,3.46,1.575,244,265.0,1.08,1.262
bb_pct_b,2016,2.5,low,28,0.42,116.0,158,0.73,1.126,-133.0,-1.31,-527.0,78,-6.76,0.643,236,-412.0,-1.74,0.828
kc_pos,672,1.5,high,4,-1.08,-379.0,1878,-0.2,0.907,-544.0,-0.36,-166.0,737,-0.22,0.959,2615,-545.0,-0.21,0.933
kc_pos,672,1.5,high,28,-0.1,-50.0,798,-0.07,0.985,-312.0,1.83,1172.0,336,3.51,1.366,1134,1123.0,0.99,1.156
kc_pos,672,1.5,low,4,-0.63,-221.0,1878,-0.12,0.946,-282.0,-0.15,-70.0,737,-0.1,0.981,2615,-291.0,-0.11,0.963
kc_pos,672,1.5,low,28,-0.39,-206.0,798,-0.25,0.951,-495.0,-2.0,-1280.0,336,-3.83,0.711,1134,-1486.0,-1.31,0.825
kc_pos,672,2.5,high,4,-0.78,-139.0,351,-0.4,0.853,-210.0,-1.76,-553.0,144,-3.84,0.6,495,-692.0,-1.4,0.703
kc_pos,672,2.5,high,28,-0.83,-265.0,263,-1.01,0.82,-354.0,-0.03,-13.0,109,-0.12,0.991,372,-278.0,-0.75,0.907
kc_pos,672,2.5,low,4,0.15,27.0,351,0.08,1.032,-99.0,1.62,507.0,144,3.52,1.597,495,534.0,1.08,1.314
kc_pos,672,2.5,low,28,0.57,181.0,263,0.69,1.145,-179.0,-0.05,-22.0,109,-0.2,0.986,372,159.0,0.43,1.058
kc_pos,2016,1.5,high,4,-1.07,-375.0,1780,-0.21,0.905,-506.0,-0.25,-119.0,721,-0.16,0.971,2501,-494.0,-0.2,0.938
kc_pos,2016,1.5,high,28,-0.21,-106.0,775,-0.15,0.969,-495.0,1.1,716.0,330,2.2,1.206,1105,610.0,0.55,1.083
kc_pos,2016,1.5,low,4,-0.56,-195.0,1780,-0.11,0.951,-267.0,-0.24,-112.0,721,-0.16,0.97,2501,-307.0,-0.12,0.961
kc_pos,2016,1.5,low,28,-0.28,-142.0,775,-0.17,0.966,-490.0,-1.26,-822.0,330,-2.52,0.807,1105,-964.0,-0.87,0.882
kc_pos,2016,2.5,high,4,-0.94,-167.0,316,-0.53,0.821,-289.0,-1.96,-614.0,139,-4.42,0.565,455,-782.0,-1.72,0.667
kc_pos,2016,2.5,high,28,-1.31,-417.0,241,-1.73,0.731,-556.0,0.07,30.0,102,0.29,1.021,343,-387.0,-1.13,0.87
kc_pos,2016,2.5,low,4,0.37,66.0,316,0.21,1.082,-130.0,1.82,570.0,139,4.1,1.697,455,636.0,1.4,1.39
kc_pos,2016,2.5,low,28,1.07,340.0,241,1.41,1.291,-134.0,-0.14,-62.0,102,-0.61,0.958,343,277.0,0.81,1.105
donchian_pos,672,1.5,high,4,-1.09,-382.0,1960,-0.2,0.902,-531.0,0.65,304.0,833,0.37,1.08,2793,-78.0,-0.03,0.99
donchian_pos,672,1.5,high,28,-0.56,-294.0,866,-0.35,0.928,-637.0,-1.14,-741.0,375,-1.95,0.839,1241,-1034.0,-0.83,0.882
donchian_pos,672,1.5,low,4,-0.7,-245.0,1960,-0.12,0.938,-312.0,-1.22,-571.0,833,-0.69,0.866,2793,-816.0,-0.29,0.9
donchian_pos,672,1.5,low,28,0.03,17.0,866,0.03,1.006,-446.0,0.96,620.0,375,1.63,1.158,1241,637.0,0.51,1.081
donchian_pos,672,2.5,high,4,-1.23,-6.0,1,-5.59,0.0,-12.0,-2.52,-291.0,9,-32.36,0.107,10,-297.0,-29.68,0.105
donchian_pos,672,2.5,high,28,1.21,22.0,1,21.98,inf,-21.0,1.78,433.0,5,86.7,5.641,6,455.0,75.91,5.876
donchian_pos,672,2.5,low,4,1.16,5.0,1,5.27,inf,-7.0,2.5,288.0,9,32.04,9.104,10,294.0,29.36,9.252
donchian_pos,672,2.5,low,28,-1.22,-22.0,1,-22.3,0.0,-54.0,-1.79,-435.0,5,-87.02,0.176,6,-457.0,-76.23,0.169
donchian_pos,2016,1.5,high,4,-1.21,-415.0,1934,-0.21,0.893,-607.0,-0.75,-337.0,812,-0.42,0.915,2746,-752.0,-0.27,0.904
donchian_pos,2016,1.5,high,28,-1.29,-657.0,870,-0.76,0.851,-952.0,-0.46,-299.0,376,-0.8,0.931,1246,-956.0,-0.77,0.89
donchian_pos,2016,1.5,low,4,-0.6,-204.0,1934,-0.11,0.946,-391.0,0.17,77.0,812,0.1,1.021,2746,-126.0,-0.05,0.983
donchian_pos,2016,1.5,low,28,0.74,379.0,870,0.44,1.098,-254.0,0.27,179.0,376,0.48,1.044,1246,558.0,0.45,1.07
adx_14,672,1.5,high,4,-0.36,-81.0,1009,-0.09,0.952,-337.0,-0.44,-137.0,436,-0.3,0.94,1445,-218.0,-0.15,0.945
adx_14,672,1.5,high,28,-0.29,-97.0,363,-0.3,0.931,-388.0,-0.29,-111.0,163,-0.61,0.939,526,-208.0,-0.4,0.935
adx_14,672,1.5,low,4,-1.07,-242.0,1009,-0.23,0.873,-409.0,-0.01,-3.0,436,-0.02,0.996,1445,-245.0,-0.17,0.939
adx_14,672,1.5,low,28,-0.06,-19.0,363,-0.02,0.995,-374.0,0.15,58.0,163,0.29,1.03,526,40.0,0.08,1.013
adx_14,672,2.5,high,4,-0.27,-27.0,222,-0.12,0.93,-86.0,-0.51,-85.0,86,-0.99,0.85,308,-112.0,-0.36,0.883
adx_14,672,2.5,high,28,-0.53,-83.0,83,-1.0,0.791,-216.0,-0.37,-78.0,32,-2.44,0.836,115,-161.0,-1.4,0.816
adx_14,672,2.5,low,4,-0.44,-44.0,222,-0.2,0.888,-72.0,0.35,57.0,86,0.67,1.115,308,13.0,0.04,1.015
adx_14,672,2.5,low,28,0.36,57.0,83,0.68,1.173,-119.0,0.32,68.0,32,2.12,1.167,115,124.0,1.08,1.17
adx_14,2016,1.5,high,4,-0.24,-54.0,904,-0.06,0.97,-267.0,-2.04,-573.0,372,-1.55,0.725,1276,-626.0,-0.49,0.833
adx_14,2016,1.5,high,28,0.12,39.0,335,0.08,1.019,-428.0,-1.53,-578.0,131,-4.33,0.667,466,-539.0,-1.16,0.829
adx_14,2016,1.5,low,4,-1.08,-235.0,904,-0.26,0.864,-337.0,1.62,453.0,372,1.23,1.289,1276,218.0,0.17,1.065
adx_14,2016,1.5,low,28,-0.45,-146.0,335,-0.4,0.911,-513.0,1.42,536.0,131,4.01,1.453,466,390.0,0.84,1.145
adx_14,2016,2.5,high,4,0.02,2.0,188,0.01,1.006,-92.0,-0.4,-72.0,80,-0.9,0.886,268,-70.0,-0.26,0.927
adx_14,2016,2.5,high,28,-0.25,-40.0,76,-0.53,0.888,-200.0,0.05,13.0,29,0.43,1.038,105,-28.0,-0.26,0.96
adx_14,2016,2.5,low,4,-0.63,-62.0,188,-0.33,0.826,-94.0,0.26,46.0,80,0.58,1.081,268,-16.0,-0.06,0.983
adx_14,2016,2.5,low,28,0.1,16.0,76,0.21,1.048,-122.0,-0.09,-22.0,29,-0.75,0.937,105,-6.0,-0.06,0.991
plus_di_14,672,1.5,high,4,-0.72,-228.0,1617,-0.14,0.931,-411.0,0.38,154.0,640,0.25,1.051,2257,-74.0,-0.03,0.989
plus_di_14,672,1.5,high,28,-0.45,-219.0,696,-0.33,0.935,-368.0,2.03,1118.0,271,4.17,1.462,967,899.0,0.93,1.15
plus_di_14,672,1.5,low,4,-0.92,-290.0,1617,-0.18,0.916,-378.0,-0.88,-359.0,640,-0.57,0.892,2257,-649.0,-0.29,0.904
plus_di_14,672,1.5,low,28,-0.01,-4.0,696,0.01,1.002,-272.0,-2.19,-1205.0,271,-4.49,0.664,967,-1208.0,-1.25,0.829
plus_di_14,672,2.5,high,4,0.14,20.0,243,0.08,1.034,-140.0,0.48,62.0,103,0.6,1.149,346,81.0,0.24,1.081
plus_di_14,672,2.5,high,28,0.71,168.0,165,1.02,1.247,-113.0,2.85,639.0,69,9.27,3.542,234,808.0,3.45,1.867
plus_di_14,672,2.5,low,4,-0.68,-98.0,243,-0.4,0.85,-129.0,-0.73,-95.0,103,-0.92,0.808,346,-192.0,-0.56,0.832
plus_di_14,672,2.5,low,28,-0.93,-221.0,165,-1.34,0.747,-307.0,-2.95,-661.0,69,-9.59,0.27,234,-883.0,-3.77,0.505
plus_di_14,2016,1.5,high,4,-0.28,-85.0,1555,-0.06,0.972,-386.0,-0.48,-198.0,605,-0.32,0.942,2160,-283.0,-0.13,0.956
plus_di_14,2016,1.5,high,28,-0.11,-54.0,676,-0.1,0.981,-328.0,0.56,327.0,276,1.22,1.111,952,272.0,0.29,1.042
plus_di_14,2016,1.5,low,4,-1.35,-412.0,1555,-0.26,0.878,-474.0,0.01,4.0,605,-0.0,1.0,2160,-408.0,-0.19,0.938
plus_di_14,2016,1.5,low,28,-0.34,-162.0,676,-0.22,0.957,-373.0,-0.71,-415.0,276,-1.54,0.876,952,-577.0,-0.61,0.917
plus_di_14,2016,2.5,high,4,-0.54,-79.0,244,-0.33,0.881,-232.0,1.78,210.0,91,2.31,1.708,335,131.0,0.39,1.136
plus_di_14,2016,2.5,high,28,-0.33,-85.0,161,-0.53,0.908,-255.0,3.05,629.0,61,10.32,3.467,222,544.0,2.45,1.462
plus_di_14,2016,2.5,low,4,0.01,1.0,244,0.01,1.002,-112.0,-2.02,-239.0,91,-2.63,0.544,335,-238.0,-0.71,0.794
plus_di_14,2016,2.5,low,28,0.13,34.0,161,0.21,1.039,-162.0,-3.14,-649.0,61,-10.64,0.278,222,-615.0,-2.77,0.651
minus_di_14,672,1.5,high,4,-0.91,-307.0,1610,-0.19,0.912,-341.0,-0.01,-4.0,687,-0.01,0.999,2297,-311.0,-0.14,0.956
minus_di_14,672,1.5,high,28,-0.77,-379.0,675,-0.55,0.896,-645.0,-0.77,-467.0,300,-1.58,0.867,975,-846.0,-0.87,0.881
minus_di_14,672,1.5,low,4,-0.62,-208.0,1610,-0.13,0.94,-447.0,-0.48,-216.0,687,-0.31,0.943,2297,-424.0,-0.18,0.941
minus_di_14,672,1.5,low,28,0.33,163.0,675,0.23,1.047,-317.0,0.61,371.0,300,1.26,1.121,975,534.0,0.55,1.083
minus_di_14,672,2.5,high,4,-0.11,-18.0,278,-0.06,0.974,-164.0,0.71,201.0,100,2.01,1.318,378,183.0,0.48,1.137
minus_di_14,672,2.5,high,28,0.6,173.0,191,0.9,1.196,-182.0,-0.5,-192.0,70,-2.75,0.819,261,-20.0,-0.08,0.99
minus_di_14,672,2.5,low,4,-0.43,-71.0,278,-0.26,0.904,-151.0,-0.83,-233.0,100,-2.33,0.726,378,-304.0,-0.8,0.809
minus_di_14,672,2.5,low,28,-0.82,-234.0,191,-1.22,0.785,-300.0,0.44,170.0,70,2.43,1.193,261,-64.0,-0.24,0.968
minus_di_14,2016,1.5,high,4,-1.56,-504.0,1480,-0.34,0.85,-520.0,-0.79,-394.0,653,-0.6,0.899,2133,-898.0,-0.42,0.876
minus_di_14,2016,1.5,high,28,-0.37,-179.0,635,-0.27,0.949,-428.0,-0.56,-351.0,285,-1.26,0.904,920,-530.0,-0.58,0.925
minus_di_14,2016,1.5,low,4,0.09,30.0,1480,0.02,1.01,-305.0,0.37,185.0,653,0.28,1.051,2133,215.0,0.1,1.032
minus_di_14,2016,1.5,low,28,-0.05,-24.0,635,-0.05,0.99,-465.0,0.42,260.0,285,0.94,1.078,920,236.0,0.26,1.035
minus_di_14,2016,2.5,high,4,0.38,61.0,244,0.25,1.105,-98.0,1.03,334.0,100,3.34,1.406,344,395.0,1.15,1.282
minus_di_14,2016,2.5,high,28,0.93,268.0,172,1.56,1.333,-133.0,0.06,25.0,72,0.34,1.022,244,292.0,1.2,1.151
minus_di_14,2016,2.5,low,4,-0.87,-139.0,244,-0.57,0.798,-201.0,-1.13,-366.0,100,-3.66,0.689,344,-506.0,-1.47,0.729
minus_di_14,2016,2.5,low,28,-1.13,-323.0,172,-1.88,0.707,-351.0,-0.11,-48.0,72,-0.66,0.959,244,-370.0,-1.52,0.837
aroon_up_25,672,1.5,high,4,0.68,139.0,827,0.17,1.1,-143.0,1.41,450.0,357,1.26,1.251,1184,589.0,0.5,1.185
aroon_up_25,672,1.5,high,28,0.23,79.0,407,0.19,1.045,-371.0,0.41,202.0,174,1.16,1.095,581,281.0,0.48,1.073
aroon_up_25,672,1.5,low,4,-1.97,-404.0,827,-0.49,0.757,-446.0,-1.77,-564.0,357,-1.58,0.755,1184,-968.0,-0.82,0.756
aroon_up_25,672,1.5,low,28,-0.62,-209.0,407,-0.51,0.888,-367.0,-0.52,-258.0,174,-1.48,0.89,581,-467.0,-0.8,0.89
aroon_up_25,2016,1.5,high,4,0.6,103.0,454,0.23,1.122,-114.0,0.77,256.0,242,1.06,1.158,696,360.0,0.52,1.146
aroon_up_25,2016,1.5,high,28,1.05,301.0,218,1.38,1.322,-119.0,0.12,65.0,118,0.55,1.033,336,367.0,1.09,1.126
aroon_up_25,2016,1.5,low,4,-1.43,-249.0,454,-0.55,0.757,-363.0,-1.01,-334.0,242,-1.38,0.825,696,-582.0,-0.84,0.802
aroon_up_25,2016,1.5,low,28,-1.3,-371.0,218,-1.7,0.708,-404.0,-0.19,-103.0,118,-0.87,0.95,336,-474.0,-1.41,0.858
aroon_down_25,672,1.5,high,4,-0.98,-266.0,1091,-0.24,0.887,-293.0,1.11,496.0,468,1.06,1.191,1559,230.0,0.15,1.047
aroon_down_25,672,1.5,high,28,0.67,289.0,527,0.55,1.118,-167.0,0.41,258.0,237,1.09,1.084,764,548.0,0.72,1.099
aroon_down_25,672,1.5,low,4,-0.3,-83.0,1091,-0.08,0.963,-260.0,-1.45,-646.0,468,-1.38,0.797,1559,-729.0,-0.47,0.866
aroon_down_25,672,1.5,low,28,-1.06,-458.0,527,-0.87,0.839,-658.0,-0.54,-334.0,237,-1.41,0.901,764,-792.0,-1.04,0.873
aroon_down_25,2016,1.5,high,4,-0.77,-225.0,1109,-0.2,0.911,-339.0,0.56,249.0,408,0.61,1.095,1517,24.0,0.02,1.005
aroon_down_25,2016,1.5,high,28,0.62,281.0,538,0.52,1.106,-195.0,0.43,268.0,211,1.27,1.089,749,549.0,0.73,1.097
aroon_down_25,2016,1.5,low,4,-0.45,-130.0,1109,-0.12,0.948,-195.0,-0.86,-379.0,408,-0.93,0.871,1517,-509.0,-0.34,0.906
aroon_down_25,2016,1.5,low,28,-1.0,-453.0,538,-0.84,0.85,-582.0,-0.54,-336.0,211,-1.59,0.899,749,-789.0,-1.05,0.876
psar_dist_pct,672,1.5,high,4,-0.76,-273.0,1421,-0.19,0.925,-587.0,0.25,127.0,620,0.21,1.033,2041,-146.0,-0.07,0.981
psar_dist_pct,672,1.5,high,28,-1.56,-758.0,586,-1.27,0.788,-886.0,0.43,269.0,275,0.94,1.078,861,-489.0,-0.57,0.928
psar_dist_pct,672,1.5,low,4,-0.5,-182.0,1421,-0.13,0.95,-414.0,-0.65,-326.0,620,-0.53,0.921,2041,-507.0,-0.25,0.934
psar_dist_pct,672,1.5,low,28,1.18,571.0,586,0.95,1.195,-217.0,-0.58,-357.0,275,-1.26,0.904,861,214.0,0.25,1.033
psar_dist_pct,672,2.5,high,4,-1.16,-250.0,309,-0.81,0.798,-259.0,-1.24,-460.0,128,-3.6,0.727,437,-711.0,-1.63,0.757
psar_dist_pct,672,2.5,high,28,-1.06,-318.0,185,-1.72,0.746,-395.0,0.43,209.0,78,2.68,1.167,263,-109.0,-0.41,0.957
psar_dist_pct,672,2.5,low,4,0.7,151.0,309,0.49,1.146,-113.0,1.13,420.0,128,3.28,1.338,437,571.0,1.31,1.251
psar_dist_pct,672,2.5,low,28,0.87,259.0,185,1.4,1.269,-179.0,-0.48,-234.0,78,-3.0,0.841,263,25.0,0.09,1.01
psar_dist_pct,2016,1.5,high,4,-0.68,-244.0,1348,-0.18,0.932,-418.0,0.22,120.0,633,0.19,1.027,1981,-124.0,-0.06,0.984
psar_dist_pct,2016,1.5,high,28,-2.03,-968.0,550,-1.76,0.723,-1033.0,-0.4,-254.0,264,-0.96,0.931,814,-1222.0,-1.5,0.83
psar_dist_pct,2016,1.5,low,4,-0.52,-188.0,1348,-0.14,0.947,-287.0,-0.6,-322.0,633,-0.51,0.93,1981,-510.0,-0.26,0.937
psar_dist_pct,2016,1.5,low,28,1.66,792.0,550,1.44,1.305,-167.0,0.26,169.0,264,0.64,1.049,814,962.0,1.18,1.158
psar_dist_pct,2016,2.5,high,4,0.29,63.0,317,0.2,1.059,-118.0,-1.06,-443.0,138,-3.21,0.781,455,-380.0,-0.84,0.877
psar_dist_pct,2016,2.5,high,28,-0.22,-69.0,179,-0.39,0.938,-247.0,0.18,92.0,76,1.22,1.063,255,23.0,0.09,1.009
psar_dist_pct,2016,2.5,low,4,-0.75,-164.0,317,-0.52,0.861,-267.0,0.96,399.0,138,2.89,1.249,455,234.0,0.52,1.084
psar_dist_pct,2016,2.5,low,28,0.04,12.0,179,0.07,1.011,-259.0,-0.22,-117.0,76,-1.54,0.925,255,-105.0,-0.41,0.96
zscore_20,672,1.5,high,4,-0.56,-209.0,2116,-0.1,0.951,-556.0,0.64,308.0,870,0.36,1.073,2986,99.0,0.03,1.011
zscore_20,672,1.5,high,28,-0.37,-211.0,967,-0.23,0.955,-533.0,-0.49,-340.0,410,-0.8,0.935,1377,-550.0,-0.4,0.945
zscore_20,672,1.5,low,4,-1.26,-468.0,2116,-0.22,0.897,-532.0,-1.22,-587.0,870,-0.68,0.874,2986,-1055.0,-0.35,0.886
zscore_20,672,1.5,low,28,-0.17,-99.0,967,-0.09,0.982,-358.0,0.3,208.0,410,0.48,1.041,1377,110.0,0.08,1.011
zscore_20,672,2.5,high,4,-0.28,-42.0,186,-0.23,0.923,-196.0,-0.99,-278.0,92,-3.02,0.652,278,-321.0,-1.15,0.763
zscore_20,672,2.5,high,28,-0.43,-120.0,176,-0.68,0.885,-299.0,1.18,478.0,80,5.98,1.45,256,358.0,1.4,1.17
zscore_20,672,2.5,low,4,-0.11,-17.0,186,-0.09,0.968,-105.0,0.88,249.0,92,2.7,1.465,278,232.0,0.83,1.216
zscore_20,672,2.5,low,28,0.23,64.0,176,0.36,1.067,-160.0,-1.24,-504.0,80,-6.3,0.675,256,-440.0,-1.72,0.824
zscore_20,2016,1.5,high,4,-0.81,-297.0,2049,-0.15,0.931,-621.0,0.52,249.0,849,0.3,1.063,2898,-48.0,-0.02,0.994
zscore_20,2016,1.5,high,28,-0.29,-163.0,952,-0.18,0.964,-491.0,-0.71,-492.0,408,-1.18,0.901,1360,-656.0,-0.48,0.932
zscore_20,2016,1.5,low,4,-0.98,-359.0,2049,-0.17,0.92,-456.0,-1.09,-520.0,849,-0.62,0.882,2898,-879.0,-0.3,0.901
zscore_20,2016,1.5,low,28,-0.25,-141.0,952,-0.14,0.973,-463.0,0.52,361.0,408,0.86,1.079,1360,220.0,0.16,1.024
zscore_20,2016,2.5,high,4,-0.2,-29.0,161,-0.18,0.944,-187.0,-1.14,-313.0,83,-3.78,0.608,244,-343.0,-1.4,0.74
zscore_20,2016,2.5,high,28,-0.61,-166.0,158,-1.05,0.843,-302.0,1.25,502.0,78,6.44,1.522,236,336.0,1.42,1.166
zscore_20,2016,2.5,low,4,-0.16,-22.0,161,-0.14,0.956,-108.0,1.05,287.0,83,3.46,1.575,244,265.0,1.08,1.262
zscore_20,2016,2.5,low,28,0.42,116.0,158,0.73,1.126,-133.0,-1.31,-527.0,78,-6.76,0.643,236,-412.0,-1.74,0.828
linreg_slope_20,672,1.5,high,4,-1.15,-339.0,1135,-0.3,0.871,-533.0,-0.8,-326.0,506,-0.64,0.894,1641,-665.0,-0.4,0.884
linreg_slope_20,672,1.5,high,28,-0.6,-242.0,445,-0.54,0.898,-538.0,0.69,394.0,204,1.93,1.161,649,152.0,0.23,1.032
linreg_slope_20,672,1.5,low,4,-0.08,-25.0,1135,-0.02,0.99,-180.0,0.4,164.0,506,0.32,1.058,1641,139.0,0.08,1.026
linreg_slope_20,672,1.5,low,28,0.24,99.0,445,0.22,1.045,-328.0,-0.8,-459.0,204,-2.25,0.84,649,-360.0,-0.55,0.929
linreg_slope_20,672,2.5,high,4,-0.6,-107.0,315,-0.34,0.876,-200.0,-0.51,-147.0,139,-1.05,0.873,454,-253.0,-0.56,0.874
linreg_slope_20,672,2.5,high,28,-0.66,-162.0,153,-1.06,0.811,-294.0,0.92,354.0,65,5.45,1.412,218,192.0,0.88,1.112
linreg_slope_20,672,2.5,low,4,0.03,6.0,315,0.02,1.007,-174.0,0.36,102.0,139,0.73,1.1,454,108.0,0.24,1.059
linreg_slope_20,672,2.5,low,28,0.46,113.0,153,0.74,1.158,-186.0,-0.97,-375.0,65,-5.77,0.694,218,-262.0,-1.2,0.865
linreg_slope_20,2016,1.5,high,4,-1.25,-366.0,1061,-0.34,0.857,-414.0,-0.42,-186.0,462,-0.4,0.945,1523,-551.0,-0.36,0.907
linreg_slope_20,2016,1.5,high,28,-0.68,-277.0,417,-0.66,0.878,-554.0,1.08,634.0,178,3.56,1.279,595,357.0,0.6,1.079
linreg_slope_20,2016,1.5,low,4,0.09,26.0,1061,0.02,1.011,-320.0,0.09,38.0,462,0.08,1.012,1523,64.0,0.04,1.011
linreg_slope_20,2016,1.5,low,28,0.35,143.0,417,0.34,1.07,-390.0,-1.18,-691.0,178,-3.88,0.765,595,-547.0,-0.92,0.89
linreg_slope_20,2016,2.5,high,4,-0.61,-108.0,297,-0.36,0.869,-223.0,-1.71,-569.0,149,-3.82,0.642,446,-677.0,-1.52,0.72
linreg_slope_20,2016,2.5,high,28,-0.66,-163.0,138,-1.18,0.805,-271.0,0.22,101.0,65,1.56,1.086,203,-62.0,-0.3,0.969
linreg_slope_20,2016,2.5,low,4,0.07,13.0,297,0.04,1.017,-181.0,1.57,521.0,149,3.5,1.501,446,534.0,1.2,1.296
linreg_slope_20,2016,2.5,low,28,0.48,119.0,138,0.86,1.171,-151.0,-0.27,-122.0,65,-1.88,0.906,203,-3.0,-0.02,0.998
hv_20,672,1.5,high,4,-1.31,-357.0,897,-0.4,0.847,-493.0,-0.88,-378.0,431,-0.88,0.87,1328,-734.0,-0.55,0.86
hv_20,672,1.5,high,28,-0.93,-314.0,300,-1.05,0.817,-540.0,-0.98,-507.0,145,-3.5,0.764,445,-821.0,-1.84,0.787
hv_20,672,1.5,low,4,0.26,70.0,897,0.08,1.033,-212.0,0.56,240.0,431,0.56,1.092,1328,310.0,0.23,1.065
hv_20,672,1.5,low,28,0.64,218.0,300,0.73,1.15,-177.0,0.89,460.0,145,3.18,1.277,445,678.0,1.52,1.218
hv_20,672,2.5,high,4,-1.13,-228.0,307,-0.74,0.777,-280.0,-0.13,-43.0,170,-0.25,0.966,477,-271.0,-0.57,0.882
hv_20,672,2.5,high,28,-1.03,-235.0,95,-2.48,0.666,-310.0,-0.95,-388.0,54,-7.19,0.622,149,-624.0,-4.18,0.64
hv_20,672,2.5,low,4,0.64,130.0,307,0.42,1.154,-93.0,-0.03,-12.0,170,-0.07,0.991,477,118.0,0.25,1.056
hv_20,672,2.5,low,28,0.89,205.0,95,2.16,1.422,-110.0,0.91,371.0,54,6.87,1.572,149,576.0,3.86,1.508
hv_20,2016,1.5,high,4,-1.94,-521.0,741,-0.7,0.767,-661.0,-1.86,-890.0,380,-2.34,0.75,1121,-1411.0,-1.26,0.757
hv_20,2016,1.5,high,28,-1.24,-398.0,236,-1.68,0.742,-649.0,-0.99,-546.0,122,-4.47,0.772,358,-943.0,-2.64,0.76
hv_20,2016,1.5,low,4,1.06,284.0,741,0.38,1.154,-188.0,1.61,768.0,380,2.02,1.282,1121,1052.0,0.94,1.23
hv_20,2016,1.5,low,28,1.0,322.0,236,1.36,1.273,-175.0,0.92,507.0,122,4.15,1.271,358,829.0,2.32,1.272
hv_20,2016,2.5,high,4,-1.34,-259.0,275,-0.94,0.729,-349.0,-0.79,-312.0,162,-1.92,0.819,437,-571.0,-1.31,0.787
hv_20,2016,2.5,high,28,-1.83,-411.0,82,-5.01,0.474,-478.0,-0.51,-225.0,47,-4.79,0.761,129,-636.0,-4.93,0.631
hv_20,2016,2.5,low,4,0.89,171.0,275,0.62,1.232,-126.0,0.66,260.0,162,1.6,1.18,437,431.0,0.99,1.198
hv_20,2016,2.5,low,28,1.71,384.0,82,4.69,2.009,-134.0,0.47,210.0,47,4.47,1.29,129,595.0,4.61,1.538
hv_96,672,1.5,high,4,-3.3,-1001.0,1423,-0.71,0.694,-1081.0,-2.17,-1105.0,730,-1.51,0.773,2153,-2107.0,-0.98,0.741
hv_96,672,1.5,high,28,-1.78,-650.0,343,-1.87,0.688,-724.0,-1.47,-837.0,164,-5.14,0.691,507,-1486.0,-2.93,0.69
hv_96,672,1.5,low,4,1.8,546.0,1423,0.39,1.22,-172.0,1.71,872.0,730,1.19,1.224,2153,1418.0,0.66,1.223
hv_96,672,1.5,low,28,1.48,540.0,343,1.55,1.363,-245.0,1.38,784.0,164,4.82,1.412,507,1324.0,2.61,1.391
hv_96,672,2.5,high,4,-2.84,-560.0,427,-1.31,0.556,-575.0,-2.48,-975.0,205,-4.76,0.583,632,-1536.0,-2.43,0.574
hv_96,672,2.5,high,28,-1.88,-446.0,108,-4.13,0.482,-485.0,-2.43,-1143.0,52,-21.99,0.376,160,-1590.0,-9.94,0.41
hv_96,672,2.5,low,4,2.15,424.0,427,0.99,1.556,-91.0,2.31,910.0,205,4.44,1.65,632,1333.0,2.11,1.617
hv_96,672,2.5,low,28,1.74,412.0,108,3.81,1.959,-121.0,2.39,1127.0,52,21.67,2.613,160,1539.0,9.62,2.364
hv_96,2016,1.5,high,4,-2.56,-675.0,1012,-0.67,0.734,-773.0,-1.73,-854.0,547,-1.56,0.782,1559,-1528.0,-0.98,0.763
hv_96,2016,1.5,high,28,-0.72,-228.0,239,-0.95,0.836,-412.0,-0.87,-472.0,121,-3.9,0.783,360,-700.0,-1.95,0.804
hv_96,2016,1.5,low,4,1.33,351.0,1012,0.35,1.174,-120.0,1.38,678.0,547,1.24,1.215,1559,1029.0,0.66,1.199
hv_96,2016,1.5,low,28,0.48,151.0,239,0.63,1.127,-187.0,0.8,434.0,121,3.58,1.251,360,585.0,1.63,1.2
hv_96,2016,2.5,high,4,-2.79,-513.0,286,-1.79,0.52,-534.0,-2.38,-1077.0,207,-5.2,0.635,493,-1590.0,-3.22,0.604
hv_96,2016,2.5,high,28,-1.67,-349.0,60,-5.82,0.411,-393.0,-0.86,-429.0,44,-9.74,0.74,104,-778.0,-7.48,0.652
hv_96,2016,2.5,low,4,2.29,421.0,286,1.47,1.711,-63.0,2.23,1011.0,207,4.88,1.53,493,1432.0,2.9,1.573
hv_96,2016,2.5,low,28,1.58,330.0,60,5.5,2.318,-74.0,0.83,414.0,44,9.42,1.338,104,745.0,7.16,1.504
hv_ratio,672,1.5,high,4,-0.8,-218.0,1135,-0.19,0.911,-314.0,1.14,360.0,506,0.71,1.169,1641,142.0,0.09,1.031
hv_ratio,672,1.5,high,28,-0.88,-330.0,438,-0.75,0.846,-502.0,0.48,200.0,194,1.03,1.119,632,-130.0,-0.21,0.966
hv_ratio,672,1.5,low,4,-0.53,-145.0,1135,-0.13,0.94,-265.0,-1.65,-522.0,506,-1.03,0.797,1641,-667.0,-0.41,0.866
hv_ratio,672,1.5,low,28,0.51,190.0,438,0.43,1.101,-259.0,-0.62,-262.0,194,-1.35,0.863,632,-72.0,-0.11,0.981
hv_ratio,672,2.5,high,4,-0.35,-40.0,137,-0.29,0.893,-78.0,0.31,39.0,80,0.48,1.12,217,-1.0,-0.01,0.998
hv_ratio,672,2.5,high,28,-0.57,-83.0,58,-1.43,0.755,-151.0,1.73,279.0,30,9.29,3.039,88,196.0,2.23,1.412
hv_ratio,672,2.5,low,4,-0.03,-4.0,137,-0.03,0.989,-83.0,-0.51,-64.0,80,-0.8,0.828,217,-68.0,-0.31,0.907
hv_ratio,672,2.5,low,28,0.44,64.0,58,1.11,1.242,-99.0,-1.79,-288.0,30,-9.61,0.317,88,-224.0,-2.55,0.674
hv_ratio,2016,1.5,high,4,-0.33,-87.0,1085,-0.08,0.962,-287.0,0.43,145.0,513,0.28,1.068,1598,59.0,0.04,1.013
hv_ratio,2016,1.5,high,28,-0.93,-336.0,403,-0.83,0.828,-505.0,-0.4,-182.0,189,-0.96,0.906,592,-518.0,-0.88,0.867
hv_ratio,2016,1.5,low,4,-0.98,-260.0,1085,-0.24,0.892,-300.0,-0.92,-310.0,513,-0.6,0.87,1598,-570.0,-0.36,0.881
hv_ratio,2016,1.5,low,28,0.58,207.0,403,0.51,1.123,-186.0,0.27,122.0,189,0.64,1.068,592,329.0,0.56,1.095
hv_ratio,2016,2.5,high,4,-0.72,-80.0,140,-0.57,0.797,-133.0,1.04,169.0,75,2.25,1.497,215,89.0,0.41,1.121
hv_ratio,2016,2.5,high,28,-1.14,-164.0,56,-2.94,0.601,-193.0,1.24,241.0,24,10.05,2.188,80,77.0,0.96,1.124
hv_ratio,2016,2.5,low,4,0.32,35.0,140,0.25,1.103,-109.0,-1.19,-193.0,75,-2.57,0.629,215,-158.0,-0.73,0.816
hv_ratio,2016,2.5,low,28,1.01,147.0,56,2.62,1.569,-94.0,-1.28,-249.0,24,-10.37,0.445,80,-102.0,-1.28,0.855
choppiness_14,672,1.5,high,4,-0.55,-173.0,1734,-0.1,0.947,-355.0,-3.81,-1506.0,714,-2.11,0.634,2448,-1679.0,-0.69,0.774
choppiness_14,672,1.5,high,28,-0.63,-321.0,820,-0.39,0.918,-462.0,-0.51,-302.0,340,-0.89,0.923,1160,-623.0,-0.54,0.921
choppiness_14,672,1.5,low,4,-1.22,-382.0,1734,-0.22,0.888,-595.0,3.23,1277.0,714,1.79,1.469,2448,896.0,0.37,1.146
choppiness_14,672,1.5,low,28,0.12,59.0,820,0.07,1.016,-439.0,0.33,193.0,340,0.57,1.053,1160,252.0,0.22,1.034
choppiness_14,672,2.5,high,4,0.7,73.0,151,0.48,1.225,-74.0,-2.33,-368.0,75,-4.9,0.41,226,-295.0,-1.3,0.689
choppiness_14,672,2.5,high,28,-0.86,-185.0,125,-1.48,0.754,-231.0,-3.09,-778.0,61,-12.76,0.297,186,-963.0,-5.18,0.482
choppiness_14,672,2.5,low,4,-1.17,-121.0,151,-0.8,0.714,-195.0,2.17,344.0,75,4.58,2.288,226,223.0,0.98,1.322
choppiness_14,672,2.5,low,28,0.68,145.0,125,1.16,1.246,-133.0,3.01,759.0,61,12.44,3.268,186,903.0,4.86,1.98
choppiness_14,2016,1.5,high,4,-0.56,-173.0,1691,-0.1,0.947,-287.0,-3.75,-1481.0,709,-2.09,0.636,2400,-1654.0,-0.69,0.774
choppiness_14,2016,1.5,high,28,-0.72,-358.0,802,-0.45,0.912,-483.0,-0.14,-86.0,345,-0.25,0.977,1147,-444.0,-0.39,0.944
choppiness_14,2016,1.5,low,4,-1.19,-368.0,1691,-0.22,0.889,-467.0,3.18,1254.0,709,1.77,1.465,2400,886.0,0.37,1.147
choppiness_14,2016,1.5,low,28,0.21,101.0,802,0.13,1.026,-505.0,-0.04,-25.0,345,-0.07,0.993,1147,77.0,0.07,1.01
choppiness_14,2016,2.5,high,4,-0.54,-58.0,151,-0.38,0.851,-143.0,-1.71,-274.0,68,-4.02,0.527,219,-331.0,-1.51,0.657
choppiness_14,2016,2.5,high,28,-0.99,-209.0,125,-1.67,0.72,-252.0,-2.95,-736.0,58,-12.68,0.301,183,-945.0,-5.16,0.475
choppiness_14,2016,2.5,low,4,0.09,9.0,151,0.06,1.027,-123.0,1.58,252.0,68,3.7,1.799,219,261.0,1.19,1.391
choppiness_14,2016,2.5,low,28,0.8,169.0,125,1.35,1.303,-142.0,2.87,717.0,58,12.36,3.226,183,886.0,4.84,2.005
candle_body_pct,672,1.5,high,4,-1.63,-639.0,3042,-0.21,0.888,-770.0,-1.82,-954.0,1334,-0.72,0.854,4376,-1593.0,-0.36,0.87
candle_body_pct,672,1.5,high,28,-0.15,-89.0,1187,-0.06,0.985,-548.0,-2.75,-2013.0,508,-3.99,0.686,1695,-2102.0,-1.24,0.819
candle_body_pct,672,1.5,low,4,-0.85,-335.0,3042,-0.11,0.939,-604.0,1.0,527.0,1334,0.4,1.092,4376,192.0,0.04,1.017
candle_body_pct,672,1.5,low,28,-0.5,-291.0,1187,-0.26,0.943,-456.0,2.53,1850.0,508,3.67,1.415,1695,1559.0,0.92,1.16
candle_body_pct,2016,1.5,high,4,-1.23,-478.0,3020,-0.16,0.914,-658.0,-1.05,-550.0,1340,-0.41,0.912,4360,-1028.0,-0.24,0.913
candle_body_pct,2016,1.5,high,28,-0.18,-105.0,1172,-0.08,0.982,-609.0,-2.02,-1482.0,507,-2.95,0.76,1679,-1586.0,-0.94,0.86
candle_body_pct,2016,1.5,low,4,-1.26,-489.0,3020,-0.16,0.912,-683.0,0.23,122.0,1340,0.09,1.021,4360,-367.0,-0.08,0.968
candle_body_pct,2016,1.5,low,28,-0.47,-270.0,1172,-0.24,0.946,-420.0,1.8,1319.0,507,2.63,1.278,1679,1049.0,0.62,1.105
upper_shadow_pct,672,1.5,high,4,0.07,25.0,2577,0.01,1.006,-275.0,0.32,127.0,1096,0.12,1.03,3673,151.0,0.04,1.018
upper_shadow_pct,672,1.5,high,28,1.16,634.0,1084,0.59,1.149,-255.0,0.27,174.0,473,0.36,1.036,1557,808.0,0.52,1.09
upper_shadow_pct,672,1.5,low,4,-2.49,-850.0,2577,-0.33,0.819,-970.0,-1.2,-477.0,1096,-0.44,0.895,3673,-1327.0,-0.36,0.857
upper_shadow_pct,672,1.5,low,28,-1.79,-981.0,1084,-0.91,0.807,-1129.0,-0.5,-325.0,473,-0.68,0.936,1557,-1306.0,-0.84,0.871
upper_shadow_pct,672,2.5,high,4,0.33,49.0,527,0.09,1.059,-94.0,-0.17,-31.0,228,-0.14,0.966,755,18.0,0.02,1.01
upper_shadow_pct,672,2.5,high,28,0.56,181.0,406,0.44,1.114,-306.0,-0.5,-204.0,179,-1.14,0.895,585,-23.0,-0.04,0.993
upper_shadow_pct,672,2.5,low,4,-1.44,-218.0,527,-0.41,0.776,-264.0,-0.23,-41.0,228,-0.18,0.956,755,-260.0,-0.34,0.864
upper_shadow_pct,672,2.5,low,28,-0.96,-311.0,406,-0.76,0.831,-454.0,0.36,147.0,179,0.82,1.083,585,-164.0,-0.28,0.955
upper_shadow_pct,2016,1.5,high,4,-0.04,-14.0,2515,-0.01,0.997,-270.0,0.16,64.0,1097,0.06,1.015,3612,50.0,0.01,1.006
upper_shadow_pct,2016,1.5,high,28,1.31,716.0,1060,0.68,1.172,-232.0,0.24,152.0,476,0.31,1.031,1536,868.0,0.56,1.096
upper_shadow_pct,2016,1.5,low,4,-2.34,-791.0,2515,-0.31,0.828,-907.0,-1.04,-415.0,1097,-0.38,0.908,3612,-1206.0,-0.33,0.868
upper_shadow_pct,2016,1.5,low,28,-1.93,-1055.0,1060,-1.0,0.791,-1171.0,-0.47,-304.0,476,-0.63,0.941,1536,-1359.0,-0.88,0.866
upper_shadow_pct,2016,2.5,high,4,0.23,36.0,514,0.07,1.042,-82.0,-0.32,-60.0,239,-0.25,0.941,753,-24.0,-0.03,0.987
upper_shadow_pct,2016,2.5,high,28,0.79,258.0,403,0.64,1.158,-199.0,-0.58,-252.0,187,-1.35,0.875,590,6.0,0.01,1.002
upper_shadow_pct,2016,2.5,low,4,-1.29,-200.0,514,-0.39,0.796,-270.0,-0.09,-17.0,239,-0.07,0.983,753,-217.0,-0.29,0.89
upper_shadow_pct,2016,2.5,low,28,-1.18,-386.0,403,-0.96,0.803,-489.0,0.44,192.0,187,1.03,1.107,590,-195.0,-0.33,0.948
lower_shadow_pct,672,1.5,high,4,-1.34,-454.0,2566,-0.18,0.901,-495.0,-0.55,-232.0,1113,-0.21,0.951,3679,-686.0,-0.19,0.926
lower_shadow_pct,672,1.5,high,28,0.55,309.0,1093,0.27,1.066,-309.0,0.92,599.0,469,1.3,1.14,1562,908.0,0.58,1.102
lower_shadow_pct,672,1.5,low,4,-1.09,-368.0,2566,-0.14,0.919,-527.0,-0.29,-124.0,1113,-0.11,0.974,3679,-492.0,-0.13,0.947
lower_shadow_pct,672,1.5,low,28,-1.18,-658.0,1093,-0.59,0.87,-882.0,-1.15,-750.0,469,-1.62,0.85,1562,-1408.0,-0.9,0.86
lower_shadow_pct,672,2.5,high,4,-0.33,-46.0,470,-0.1,0.945,-93.0,0.26,40.0,177,0.23,1.063,647,-6.0,-0.01,0.996
lower_shadow_pct,672,2.5,high,28,-0.54,-183.0,366,-0.5,0.898,-286.0,1.63,503.0,143,3.52,1.524,509,320.0,0.63,1.116
lower_shadow_pct,672,2.5,low,4,-0.73,-104.0,470,-0.22,0.881,-157.0,-0.63,-97.0,177,-0.55,0.863,647,-201.0,-0.31,0.873
lower_shadow_pct,672,2.5,low,28,0.19,66.0,366,0.18,1.04,-288.0,-1.78,-549.0,143,-3.84,0.632,509,-483.0,-0.95,0.847
lower_shadow_pct,2016,1.5,high,4,-1.19,-394.0,2527,-0.16,0.913,-462.0,-0.25,-106.0,1123,-0.09,0.978,3650,-500.0,-0.14,0.946
lower_shadow_pct,2016,1.5,high,28,0.49,268.0,1075,0.24,1.058,-302.0,0.91,596.0,469,1.29,1.14,1544,864.0,0.56,1.098
lower_shadow_pct,2016,1.5,low,4,-1.25,-414.0,2527,-0.16,0.909,-575.0,-0.59,-253.0,1123,-0.23,0.947,3650,-668.0,-0.18,0.929
lower_shadow_pct,2016,1.5,low,28,-1.12,-612.0,1075,-0.56,0.877,-798.0,-1.14,-746.0,469,-1.61,0.849,1544,-1358.0,-0.88,0.863
lower_shadow_pct,2016,2.5,high,4,-0.92,-132.0,461,-0.29,0.849,-185.0,-0.5,-84.0,181,-0.46,0.887,642,-216.0,-0.34,0.866
lower_shadow_pct,2016,2.5,high,28,-0.56,-190.0,363,-0.52,0.89,-341.0,0.85,298.0,145,2.06,1.251,508,108.0,0.21,1.037
lower_shadow_pct,2016,2.5,low,4,-0.11,-15.0,461,-0.03,0.981,-127.0,0.15,26.0,181,0.14,1.038,642,10.0,0.02,1.007
lower_shadow_pct,2016,2.5,low,28,0.22,74.0,363,0.2,1.047,-312.0,-0.98,-344.0,145,-2.38,0.772,508,-270.0,-0.53,0.913
hl_range_pct,672,1.5,high,4,-0.5,-185.0,1350,-0.14,0.951,-468.0,-1.4,-739.0,634,-1.17,0.842,1984,-924.0,-0.47,0.891
hl_range_pct,672,1.5,high,28,0.29,153.0,640,0.25,1.043,-375.0,0.6,387.0,311,1.23,1.105,951,541.0,0.57,1.074
hl_range_pct,672,1.5,low,4,-0.67,-247.0,1350,-0.18,0.936,-405.0,1.02,536.0,634,0.85,1.132,1984,289.0,0.15,1.037
hl_range_pct,672,1.5,low,28,-0.69,-358.0,640,-0.57,0.908,-509.0,-0.76,-487.0,311,-1.55,0.882,951,-845.0,-0.89,0.895
hl_range_pct,672,2.5,high,4,-0.86,-253.0,671,-0.38,0.882,-421.0,-1.58,-706.0,276,-2.56,0.744,947,-959.0,-1.01,0.804
hl_range_pct,672,2.5,high,28,-0.48,-210.0,420,-0.5,0.92,-449.0,0.04,24.0,181,0.13,1.009,601,-186.0,-0.31,0.965
hl_range_pct,672,2.5,low,4,0.13,38.0,671,0.06,1.019,-255.0,1.39,618.0,276,2.24,1.294,947,656.0,0.69,1.16
hl_range_pct,672,2.5,low,28,0.17,75.0,420,0.18,1.031,-313.0,-0.14,-82.0,181,-0.45,0.97,601,-7.0,-0.01,0.999
hl_range_pct,2016,1.5,high,4,-0.99,-368.0,1325,-0.28,0.904,-547.0,-1.07,-591.0,597,-0.99,0.872,1922,-959.0,-0.5,0.887
hl_range_pct,2016,1.5,high,28,0.43,223.0,621,0.36,1.064,-400.0,0.65,442.0,290,1.52,1.126,911,666.0,0.73,1.095
hl_range_pct,2016,1.5,low,4,-0.15,-56.0,1325,-0.04,0.985,-357.0,0.72,400.0,597,0.67,1.097,1922,344.0,0.18,1.044
hl_range_pct,2016,1.5,low,28,-0.81,-422.0,621,-0.68,0.89,-529.0,-0.79,-535.0,290,-1.84,0.867,911,-957.0,-1.05,0.878
hl_range_pct,2016,2.5,high,4,-0.03,-9.0,647,-0.01,0.995,-358.0,-1.49,-708.0,291,-2.43,0.769,938,-717.0,-0.76,0.859
hl_range_pct,2016,2.5,high,28,0.09,37.0,400,0.09,1.016,-414.0,0.29,177.0,171,1.04,1.066,571,214.0,0.37,1.042
hl_range_pct,2016,2.5,low,4,-0.67,-198.0,647,-0.31,0.906,-303.0,1.29,614.0,291,2.11,1.255,938,417.0,0.44,1.092
hl_range_pct,2016,2.5,low,28,-0.38,-165.0,400,-0.41,0.933,-375.0,-0.38,-232.0,171,-1.36,0.92,571,-397.0,-0.69,0.926
gap_pct,672,1.5,high,4,-0.61,-60.0,102,-0.58,0.794,-106.0,-0.58,-126.0,57,-2.21,0.797,159,-186.0,-1.17,0.796
gap_pct,672,1.5,high,28,-1.05,-181.0,86,-2.11,0.698,-251.0,-1.06,-395.0,46,-8.58,0.621,132,-576.0,-4.36,0.649
gap_pct,672,1.5,low,4,0.28,27.0,102,0.26,1.109,-59.0,0.5,108.0,57,1.89,1.215,159,135.0,0.85,1.18
gap_pct,672,1.5,low,28,0.89,154.0,86,1.79,1.357,-136.0,1.02,380.0,46,8.26,1.582,132,534.0,4.04,1.493
gap_pct,672,2.5,high,4,-1.29,-79.0,35,-2.25,0.446,-109.0,-2.57,-206.0,15,-13.7,0.173,50,-284.0,-5.69,0.272
gap_pct,672,2.5,high,28,-1.56,-168.0,35,-4.81,0.434,-185.0,-1.04,-210.0,15,-13.99,0.439,50,-378.0,-7.57,0.437
gap_pct,672,2.5,low,4,1.11,68.0,35,1.93,1.99,-46.0,2.52,201.0,15,13.38,5.604,50,268.0,5.37,3.398
gap_pct,672,2.5,low,28,1.45,157.0,35,4.49,2.176,-67.0,1.01,205.0,15,13.67,2.235,50,362.0,7.25,2.209
gap_pct,2016,1.5,high,4,-1.26,-89.0,53,-1.69,0.543,-113.0,-1.02,-141.0,40,-3.53,0.705,93,-230.0,-2.48,0.658
gap_pct,2016,1.5,high,28,-1.82,-234.0,50,-4.68,0.396,-235.0,-1.64,-521.0,36,-14.47,0.398,86,-755.0,-8.78,0.398
gap_pct,2016,1.5,low,4,1.02,72.0,53,1.37,1.639,-52.0,0.93,128.0,40,3.21,1.375,93,201.0,2.16,1.441
gap_pct,2016,1.5,low,28,1.69,218.0,50,4.36,2.365,-69.0,1.61,509.0,36,14.15,2.457,86,727.0,8.46,2.428
gap_pct,2016,2.5,high,4,-1.02,-47.0,24,-1.94,0.566,-64.0,-1.37,-184.0,19,-9.69,0.34,43,-231.0,-5.36,0.403
gap_pct,2016,2.5,high,28,-1.27,-97.0,24,-4.05,0.423,-121.0,-2.19,-591.0,16,-36.91,0.124,40,-688.0,-17.2,0.184
gap_pct,2016,2.5,low,4,0.85,39.0,24,1.62,1.604,-33.0,1.33,178.0,19,9.37,2.842,43,217.0,5.04,2.348
gap_pct,2016,2.5,low,28,1.17,90.0,24,3.73,2.212,-40.0,2.17,585.0,16,36.59,7.896,40,675.0,16.88,5.251
clv,672,1.5,high,4,-1.05,-381.0,2823,-0.13,0.925,-492.0,-0.54,-251.0,1246,-0.2,0.954,4069,-632.0,-0.16,0.94
clv,672,1.5,high,28,-0.32,-181.0,1138,-0.17,0.961,-506.0,-0.05,-37.0,495,-0.05,0.995,1633,-217.0,-0.13,0.978
clv,672,1.5,low,4,-1.44,-523.0,2823,-0.19,0.898,-623.0,-0.32,-147.0,1246,-0.12,0.973,4069,-670.0,-0.16,0.937
clv,672,1.5,low,28,-0.33,-183.0,1138,-0.15,0.966,-577.0,-0.18,-122.0,495,-0.27,0.974,1633,-305.0,-0.19,0.97
clv,2016,1.5,high,4,-0.71,-259.0,2795,-0.09,0.949,-348.0,-1.95,-879.0,1245,-0.71,0.849,4040,-1138.0,-0.28,0.895
clv,2016,1.5,high,28,-1.13,-633.0,1123,-0.57,0.875,-740.0,-0.15,-102.0,498,-0.18,0.983,1621,-735.0,-0.45,0.929
clv,2016,1.5,low,4,-1.73,-635.0,2795,-0.23,0.878,-774.0,1.07,480.0,1245,0.39,1.093,4040,-155.0,-0.04,0.985
clv,2016,1.5,low,28,0.49,274.0,1123,0.25,1.061,-508.0,-0.08,-58.0,498,-0.14,0.987,1621,216.0,0.13,1.022
close_vs_ema200_pct,672,1.5,high,4,-0.1,-35.0,1724,-0.02,0.99,-301.0,-0.19,-90.0,723,-0.12,0.979,2447,-125.0,-0.05,0.984
close_vs_ema200_pct,672,1.5,high,28,1.05,443.0,492,0.9,1.211,-158.0,1.49,822.0,207,3.97,1.399,699,1265.0,1.81,1.304
close_vs_ema200_pct,672,1.5,low,4,-1.52,-516.0,1724,-0.3,0.863,-567.0,-0.29,-141.0,723,-0.2,0.967,2447,-658.0,-0.27,0.918
close_vs_ema200_pct,672,1.5,low,28,-1.42,-600.0,492,-1.22,0.771,-741.0,-1.61,-888.0,207,-4.29,0.695,699,-1488.0,-2.13,0.731
close_vs_ema200_pct,672,2.5,high,4,-1.09,-206.0,383,-0.54,0.807,-233.0,0.59,223.0,168,1.33,1.125,551,17.0,0.03,1.006
close_vs_ema200_pct,672,2.5,high,28,-0.27,-68.0,139,-0.49,0.908,-220.0,1.46,647.0,63,10.27,1.813,202,579.0,2.87,1.378
close_vs_ema200_pct,672,2.5,low,4,0.44,83.0,383,0.22,1.09,-112.0,-0.73,-277.0,168,-1.65,0.863,551,-194.0,-0.35,0.934
close_vs_ema200_pct,672,2.5,low,28,0.09,23.0,139,0.17,1.033,-143.0,-1.5,-667.0,63,-10.59,0.541,202,-644.0,-3.19,0.7
close_vs_ema200_pct,2016,1.5,high,4,-0.53,-166.0,1380,-0.12,0.944,-268.0,-0.14,-62.0,586,-0.11,0.983,1966,-228.0,-0.12,0.965
close_vs_ema200_pct,2016,1.5,high,28,0.76,301.0,390,0.77,1.171,-151.0,0.99,563.0,163,3.46,1.31,553,865.0,1.56,1.242
close_vs_ema200_pct,2016,1.5,low,4,-0.89,-276.0,1380,-0.2,0.908,-460.0,-0.28,-125.0,586,-0.21,0.966,1966,-401.0,-0.2,0.94
close_vs_ema200_pct,2016,1.5,low,28,-1.08,-426.0,390,-1.09,0.8,-563.0,-1.08,-616.0,163,-3.78,0.744,553,-1041.0,-1.88,0.77
close_vs_ema200_pct,2016,2.5,high,4,-0.94,-161.0,260,-0.62,0.783,-185.0,0.1,38.0,122,0.31,1.024,382,-124.0,-0.32,0.947
close_vs_ema200_pct,2016,2.5,high,28,0.18,42.0,87,0.48,1.089,-102.0,0.87,377.0,47,8.02,1.502,134,418.0,3.12,1.344
close_vs_ema200_pct,2016,2.5,low,4,0.46,78.0,260,0.3,1.126,-91.0,-0.21,-77.0,122,-0.63,0.953,382,2.0,0.0,1.001
close_vs_ema200_pct,2016,2.5,low,28,-0.3,-69.0,87,-0.8,0.867,-177.0,-0.91,-392.0,47,-8.34,0.655,134,-461.0,-3.44,0.721
close_vs_sma20_pct,672,1.5,high,4,-0.37,-130.0,1439,-0.09,0.963,-344.0,-0.64,-316.0,616,-0.51,0.917,2055,-446.0,-0.22,0.939
close_vs_sma20_pct,672,1.5,high,28,-0.8,-390.0,607,-0.64,0.886,-746.0,0.78,505.0,287,1.76,1.153,894,115.0,0.13,1.017
close_vs_sma20_pct,672,1.5,low,4,-0.94,-330.0,1439,-0.23,0.908,-354.0,0.24,119.0,616,0.19,1.033,2055,-211.0,-0.1,0.97
close_vs_sma20_pct,672,1.5,low,28,0.4,196.0,607,0.32,1.063,-391.0,-0.92,-596.0,287,-2.08,0.845,894,-401.0,-0.45,0.943
close_vs_sma20_pct,672,2.5,high,4,-0.61,-141.0,422,-0.33,0.891,-258.0,-1.84,-669.0,189,-3.54,0.638,611,-809.0,-1.32,0.742
close_vs_sma20_pct,672,2.5,high,28,-0.37,-123.0,251,-0.49,0.91,-296.0,1.25,656.0,120,5.47,1.451,371,533.0,1.44,1.189
close_vs_sma20_pct,672,2.5,low,4,0.02,6.0,422,0.01,1.005,-191.0,1.67,608.0,189,3.22,1.505,611,614.0,1.0,1.254
close_vs_sma20_pct,672,2.5,low,28,0.13,43.0,251,0.17,1.033,-267.0,-1.32,-695.0,120,-5.79,0.674,371,-652.0,-1.76,0.809
close_vs_sma20_pct,2016,1.5,high,4,-0.38,-135.0,1359,-0.1,0.962,-449.0,-0.14,-73.0,580,-0.13,0.981,1939,-208.0,-0.11,0.972
close_vs_sma20_pct,2016,1.5,high,28,-0.08,-36.0,575,-0.04,0.993,-590.0,1.57,1028.0,269,3.77,1.329,844,991.0,1.17,1.162
close_vs_sma20_pct,2016,1.5,low,4,-0.84,-300.0,1359,-0.22,0.916,-403.0,-0.22,-113.0,580,-0.19,0.971,1939,-412.0,-0.21,0.945
close_vs_sma20_pct,2016,1.5,low,28,-0.3,-147.0,575,-0.28,0.948,-470.0,-1.7,-1114.0,269,-4.09,0.734,844,-1261.0,-1.49,0.826
close_vs_sma20_pct,2016,2.5,high,4,-0.99,-227.0,396,-0.57,0.828,-281.0,-0.81,-339.0,184,-1.84,0.832,580,-566.0,-0.98,0.83
close_vs_sma20_pct,2016,2.5,high,28,-0.36,-124.0,234,-0.53,0.915,-327.0,0.89,492.0,106,4.64,1.287,340,368.0,1.08,1.116
close_vs_sma20_pct,2016,2.5,low,4,0.44,101.0,396,0.25,1.087,-173.0,0.67,280.0,184,1.52,1.164,580,381.0,0.66,1.133
close_vs_sma20_pct,2016,2.5,low,28,0.14,49.0,234,0.21,1.036,-242.0,-0.95,-526.0,106,-4.96,0.763,340,-477.0,-1.4,0.867
di_spread,672,1.5,high,4,-0.7,-239.0,1661,-0.14,0.934,-387.0,-0.4,-175.0,675,-0.26,0.953,2336,-414.0,-0.18,0.944
di_spread,672,1.5,high,28,-0.03,-15.0,706,-0.04,0.992,-330.0,1.51,920.0,293,3.18,1.321,999,905.0,0.91,1.14
di_spread,672,1.5,low,4,-0.85,-293.0,1661,-0.18,0.919,-327.0,-0.09,-41.0,675,-0.06,0.989,2336,-334.0,-0.14,0.954
di_spread,672,1.5,low,28,-0.42,-210.0,706,-0.28,0.945,-446.0,-1.66,-1014.0,293,-3.5,0.736,999,-1225.0,-1.23,0.837
di_spread,672,2.5,high,4,-0.1,-15.0,244,-0.06,0.978,-144.0,-0.15,-38.0,93,-0.41,0.938,337,-53.0,-0.16,0.959
di_spread,672,2.5,high,28,0.04,11.0,179,0.06,1.013,-157.0,1.21,419.0,68,6.16,1.78,247,430.0,1.74,1.303
di_spread,672,2.5,low,4,-0.41,-63.0,244,-0.26,0.909,-104.0,0.03,8.0,93,0.09,1.014,337,-55.0,-0.16,0.957
di_spread,672,2.5,low,28,-0.25,-69.0,179,-0.38,0.926,-228.0,-1.27,-441.0,68,-6.48,0.545,247,-509.0,-2.06,0.731
di_spread,2016,1.5,high,4,-0.29,-96.0,1566,-0.06,0.97,-274.0,-0.04,-19.0,651,-0.02,0.996,2217,-115.0,-0.05,0.984
di_spread,2016,1.5,high,28,0.04,18.0,667,0.01,1.002,-345.0,0.67,404.0,290,1.43,1.145,957,422.0,0.44,1.068
di_spread,2016,1.5,low,4,-1.22,-405.0,1566,-0.26,0.887,-456.0,-0.42,-189.0,651,-0.3,0.948,2217,-594.0,-0.27,0.918
di_spread,2016,1.5,low,28,-0.47,-231.0,667,-0.33,0.937,-423.0,-0.83,-497.0,290,-1.75,0.847,957,-728.0,-0.76,0.893
di_spread,2016,2.5,high,4,-0.0,-0.0,211,-0.0,0.999,-149.0,-1.14,-254.0,89,-2.86,0.651,300,-255.0,-0.85,0.805
di_spread,2016,2.5,high,28,0.21,56.0,151,0.37,1.071,-170.0,0.97,341.0,63,5.41,1.469,214,396.0,1.85,1.263
di_spread,2016,2.5,low,4,-0.46,-67.0,211,-0.32,0.89,-108.0,1.01,226.0,89,2.54,1.464,300,159.0,0.53,1.145
di_spread,2016,2.5,low,28,-0.39,-104.0,151,-0.69,0.879,-256.0,-1.03,-361.0,63,-5.73,0.666,214,-465.0,-2.17,0.761
aroon_osc,672,1.5,high,4,-0.62,-166.0,1239,-0.13,0.933,-265.0,-1.44,-487.0,471,-1.04,0.812,1710,-653.0,-0.38,0.87
aroon_osc,672,1.5,high,28,0.41,178.0,623,0.27,1.064,-474.0,-1.6,-845.0,248,-3.38,0.729,871,-667.0,-0.77,0.884
aroon_osc,672,1.5,low,4,-0.85,-230.0,1239,-0.19,0.904,-265.0,1.0,336.0,471,0.72,1.156,1710,106.0,0.06,1.023
aroon_osc,672,1.5,low,28,-0.87,-378.0,623,-0.59,0.874,-520.0,1.45,766.0,248,3.06,1.332,871,388.0,0.45,1.074
aroon_osc,2016,1.5,high,4,-1.59,-404.0,1162,-0.35,0.827,-467.0,-1.6,-551.0,460,-1.2,0.801,1622,-955.0,-0.59,0.813
aroon_osc,2016,1.5,high,28,0.47,196.0,612,0.3,1.073,-253.0,-0.67,-355.0,242,-1.43,0.869,854,-159.0,-0.19,0.969
aroon_osc,2016,1.5,low,4,0.13,32.0,1162,0.03,1.015,-217.0,1.17,404.0,460,0.88,1.176,1622,436.0,0.27,1.099
aroon_osc,2016,1.5,low,28,-0.94,-391.0,612,-0.62,0.865,-506.0,0.52,277.0,242,1.11,1.115,854,-114.0,-0.13,0.978
di_ratio,672,1.5,high,4,-0.45,-98.0,874,-0.11,0.942,-360.0,1.06,190.0,355,0.54,1.153,1229,92.0,0.08,1.032
di_ratio,672,1.5,high,28,0.7,244.0,388,0.66,1.152,-168.0,2.54,776.0,153,4.98,1.846,541,1020.0,1.89,1.393
di_ratio,672,1.5,low,4,-0.84,-182.0,874,-0.21,0.894,-310.0,-1.69,-304.0,355,-0.86,0.797,1229,-486.0,-0.4,0.849
di_ratio,672,1.5,low,28,-1.06,-368.0,388,-0.98,0.811,-481.0,-2.7,-825.0,153,-5.3,0.521,541,-1193.0,-2.21,0.679
di_ratio,672,2.5,high,4,-0.57,-87.0,404,-0.23,0.891,-282.0,-0.29,-39.0,169,-0.2,0.949,573,-126.0,-0.22,0.917
di_ratio,672,2.5,high,28,0.31,81.0,229,0.3,1.069,-168.0,2.27,485.0,87,5.7,2.032,316,566.0,1.79,1.381
di_ratio,672,2.5,low,4,-0.28,-42.0,404,-0.09,0.954,-210.0,-0.12,-16.0,169,-0.12,0.97,573,-58.0,-0.1,0.961
di_ratio,672,2.5,low,28,-0.58,-154.0,229,-0.62,0.871,-298.0,-2.4,-513.0,87,-6.02,0.473,316,-667.0,-2.11,0.683
di_ratio,2016,1.5,high,4,-0.89,-179.0,786,-0.23,0.886,-342.0,1.93,294.0,309,0.95,1.318,1095,115.0,0.1,1.046
di_ratio,2016,1.5,high,28,0.6,199.0,366,0.58,1.128,-160.0,2.32,646.0,135,4.68,1.704,501,845.0,1.69,1.33
di_ratio,2016,1.5,low,4,-0.36,-72.0,786,-0.09,0.952,-185.0,-2.57,-393.0,309,-1.27,0.692,1095,-465.0,-0.42,0.833
di_ratio,2016,1.5,low,28,-0.95,-316.0,366,-0.9,0.829,-397.0,-2.48,-689.0,135,-5.0,0.566,501,-1005.0,-2.01,0.712
di_ratio,2016,2.5,high,4,-0.49,-71.0,370,-0.2,0.902,-229.0,-0.23,-29.0,148,-0.17,0.957,518,-100.0,-0.19,0.925
di_ratio,2016,2.5,high,28,0.19,48.0,210,0.18,1.039,-197.0,1.27,262.0,79,3.46,1.543,289,311.0,1.07,1.213
di_ratio,2016,2.5,low,4,-0.32,-47.0,370,-0.12,0.943,-165.0,-0.14,-18.0,148,-0.15,0.96,518,-66.0,-0.13,0.951
di_ratio,2016,2.5,low,28,-0.45,-115.0,210,-0.5,0.898,-310.0,-1.39,-288.0,79,-3.78,0.623,289,-403.0,-1.39,0.778
bb_squeeze,672,1.5,high,4,-1.34,-341.0,975,-0.35,0.845,-467.0,1.96,609.0,423,1.44,1.333,1398,268.0,0.19,1.067
bb_squeeze,672,1.5,high,28,-0.06,-20.0,396,-0.05,0.99,-358.0,1.37,587.0,184,3.19,1.377,580,567.0,0.98,1.158
bb_squeeze,672,1.5,low,4,0.11,29.0,975,0.03,1.014,-209.0,-2.4,-744.0,423,-1.76,0.704,1398,-715.0,-0.51,0.842
bb_squeeze,672,1.5,low,28,-0.29,-107.0,396,-0.27,0.948,-287.0,-1.5,-646.0,184,-3.51,0.704,580,-753.0,-1.3,0.823
bb_squeeze,672,2.5,high,4,0.02,3.0,275,0.01,1.005,-175.0,3.41,663.0,113,5.86,2.631,388,666.0,1.72,1.627
bb_squeeze,672,2.5,high,28,-0.4,-94.0,159,-0.59,0.887,-280.0,3.04,863.0,66,13.07,4.164,225,768.0,3.41,1.694
bb_squeeze,672,2.5,low,4,-0.6,-91.0,275,-0.33,0.87,-186.0,-3.59,-699.0,113,-6.18,0.361,388,-790.0,-2.04,0.56
bb_squeeze,672,2.5,low,28,0.18,44.0,159,0.27,1.057,-162.0,-3.12,-884.0,66,-13.39,0.232,225,-840.0,-3.73,0.562
bb_squeeze,2016,1.5,high,4,-1.13,-287.0,980,-0.29,0.868,-430.0,1.41,442.0,416,1.06,1.255,1396,155.0,0.11,1.04
bb_squeeze,2016,1.5,high,28,-0.06,-23.0,394,-0.06,0.989,-326.0,1.04,429.0,172,2.49,1.264,566,406.0,0.72,1.112
bb_squeeze,2016,1.5,low,4,-0.11,-27.0,980,-0.03,0.987,-234.0,-1.84,-575.0,416,-1.38,0.744,1396,-602.0,-0.43,0.86
bb_squeeze,2016,1.5,low,28,-0.28,-103.0,394,-0.26,0.95,-263.0,-1.17,-484.0,172,-2.81,0.768,566,-587.0,-1.04,0.858
bb_squeeze,2016,2.5,high,4,-0.3,-45.0,265,-0.17,0.932,-241.0,3.07,632.0,120,5.26,2.353,385,586.0,1.52,1.515
bb_squeeze,2016,2.5,high,28,-0.41,-93.0,151,-0.62,0.883,-275.0,3.36,957.0,66,14.5,4.782,217,864.0,3.98,1.823
bb_squeeze,2016,2.5,low,4,-0.26,-39.0,265,-0.15,0.941,-195.0,-3.25,-670.0,120,-5.58,0.404,385,-710.0,-1.84,0.605
bb_squeeze,2016,2.5,low,28,0.2,45.0,151,0.3,1.062,-153.0,-3.43,-978.0,66,-14.82,0.203,217,-933.0,-4.3,0.523
vol_percentile,672,1.5,high,4,-1.6,-448.0,1279,-0.35,0.834,-515.0,0.93,294.0,526,0.56,1.123,1805,-153.0,-0.09,0.97
vol_percentile,672,1.5,high,28,-1.26,-504.0,560,-0.9,0.812,-709.0,1.58,693.0,231,3.0,1.385,791,188.0,0.24,1.042
vol_percentile,672,1.5,low,4,0.14,39.0,1279,0.03,1.016,-155.0,-1.46,-463.0,526,-0.88,0.833,1805,-424.0,-0.23,0.919
vol_percentile,672,1.5,low,28,0.81,325.0,560,0.58,1.144,-282.0,-1.75,-767.0,231,-3.32,0.697,791,-442.0,-0.56,0.908
vol_percentile,2016,1.5,high,4,-0.63,-185.0,1350,-0.14,0.93,-370.0,0.96,316.0,524,0.6,1.129,1874,131.0,0.07,1.026
vol_percentile,2016,1.5,high,28,-1.85,-779.0,598,-1.3,0.743,-904.0,1.45,653.0,248,2.63,1.318,846,-126.0,-0.15,0.975
vol_percentile,2016,1.5,low,4,-0.85,-247.0,1350,-0.18,0.908,-331.0,-1.47,-484.0,524,-0.92,0.83,1874,-731.0,-0.39,0.868
vol_percentile,2016,1.5,low,28,1.4,588.0,598,0.98,1.251,-197.0,-1.62,-732.0,248,-2.95,0.734,846,-144.0,-0.17,0.972
