entry_time,exit_time,side,oz,entry_px,exit_px,entry_reason,exit_reason,gross_pnl,costs,net_pnl,bars_held
2023-09-29 14:15:00+00:00,2023-09-29 20:35:00+00:00,long,1.0,1878.66,1849.08,signal,signal,-29.580000000000155,0.16,-29.74000000000015,76
2023-10-04 13:20:00+00:00,2023-10-04 20:15:00+00:00,long,1.0,1827.92,1818.8,signal,signal,-9.120000000000118,0.16,-9.280000000000118,83
2023-10-05 00:05:00+00:00,2023-10-05 04:45:00+00:00,long,1.0,1822.44,1828.46,signal,signal,6.019999999999982,0.16,5.859999999999982,56
2023-10-06 16:15:00+00:00,2023-10-06 20:35:00+00:00,long,1.0,1829.86,1830.44,signal,signal,0.5800000000001546,0.16,0.42000000000015464,52
2023-10-09 00:05:00+00:00,2023-10-09 00:15:00+00:00,long,1.0,1847.44,1848.2,signal,signal,0.7599999999999909,0.16,0.599999999999991,2
2023-10-09 18:45:00+00:00,2023-10-09 20:45:00+00:00,long,1.0,1854.96,1863.26,signal,signal,8.299999999999955,0.16,8.139999999999954,24
2023-10-10 00:05:00+00:00,2023-10-10 02:45:00+00:00,long,1.0,1860.69,1864.36,signal,signal,3.6699999999998454,0.16,3.5099999999998452,32
2023-10-13 13:00:00+00:00,2023-10-13 19:55:00+00:00,long,1.0,1896.48,1927.97,signal,signal,31.49000000000001,0.16,31.330000000000013,83
2023-10-16 13:25:00+00:00,2023-10-16 20:20:00+00:00,long,1.0,1923.42,1919.03,signal,signal,-4.3900000000001,0.16,-4.5500000000001,83
2023-10-17 13:15:00+00:00,2023-10-17 20:10:00+00:00,long,1.0,1926.33,1923.42,signal,signal,-2.9099999999998545,0.16,-3.0699999999998546,83
2023-10-18 13:05:00+00:00,2023-10-18 20:00:00+00:00,long,1.0,1948.37,1950.6,signal,signal,2.230000000000018,0.16,2.070000000000018,83
2023-10-19 18:25:00+00:00,2023-10-19 20:45:00+00:00,long,1.0,1966.79,1977.38,signal,signal,10.590000000000146,0.16,10.430000000000145,28
2023-10-20 00:05:00+00:00,2023-10-20 02:25:00+00:00,long,1.0,1973.17,1974.5,signal,signal,1.3299999999999272,0.16,1.169999999999927,28
2023-10-20 15:05:00+00:00,2023-10-20 20:35:00+00:00,long,1.0,1987.36,1980.76,signal,signal,-6.599999999999909,0.16,-6.759999999999909,66
2023-10-24 17:35:00+00:00,2023-10-24 20:45:00+00:00,long,1.0,1974.01,1971.82,signal,signal,-2.1900000000000546,0.16,-2.3500000000000547,38
2023-10-25 00:05:00+00:00,2023-10-25 01:35:00+00:00,long,1.0,1970.69,1975.16,signal,signal,4.470000000000027,0.16,4.310000000000027,18
2023-10-25 14:55:00+00:00,2023-10-25 20:45:00+00:00,long,1.0,1986.4,1981.45,signal,signal,-4.9500000000000455,0.16,-5.110000000000046,70
2023-10-27 18:35:00+00:00,2023-10-27 20:35:00+00:00,long,1.0,1991.6,2007.35,signal,signal,15.75,0.16,15.59,24
2023-10-30 00:05:00+00:00,2023-10-30 02:35:00+00:00,long,1.0,2001.56,2003.1,signal,signal,1.5399999999999636,0.16,1.3799999999999635,30
2023-11-03 13:35:00+00:00,2023-11-03 20:30:00+00:00,long,1.0,1999.83,1993.4,signal,signal,-6.429999999999836,0.16,-6.589999999999836,83
2023-11-09 14:45:00+00:00,2023-11-09 20:45:00+00:00,long,1.0,1956.28,1957.88,signal,signal,1.6000000000001364,0.16,1.4400000000001363,72
2023-11-13 16:35:00+00:00,2023-11-13 20:45:00+00:00,long,1.0,1945.24,1946.39,signal,signal,1.150000000000091,0.16,0.9900000000000909,50
2023-11-14 00:05:00+00:00,2023-11-14 00:35:00+00:00,long,1.0,1946.41,1946.8,signal,signal,0.38999999999987267,0.16,0.22999999999987264,6
2023-11-14 13:35:00+00:00,2023-11-14 20:30:00+00:00,long,1.0,1956.96,1964.2,signal,signal,7.240000000000009,0.16,7.080000000000009,83
2023-11-16 13:35:00+00:00,2023-11-16 20:30:00+00:00,long,1.0,1971.89,1981.54,signal,signal,9.649999999999864,0.16,9.489999999999863,83
2023-11-20 18:05:00+00:00,2023-11-20 20:45:00+00:00,long,1.0,1978.06,1977.82,signal,signal,-0.2400000000000091,0.16,-0.4000000000000091,32
2023-11-21 00:05:00+00:00,2023-11-21 02:05:00+00:00,long,1.0,1981.22,1990.45,signal,signal,9.230000000000018,0.16,9.070000000000018,24
2023-11-21 13:25:00+00:00,2023-11-21 20:20:00+00:00,long,1.0,1996.03,1999.14,signal,signal,3.1100000000001273,0.16,2.950000000000127,83
2023-11-24 13:40:00+00:00,2023-11-26 23:05:00+00:00,long,1.0,2001.6,2001.37,signal,session,-0.2300000000000182,0.16,-0.3900000000000182,62
2023-11-27 00:05:00+00:00,2023-11-27 00:50:00+00:00,long,1.0,2002.57,2002.12,signal,signal,-0.4500000000000455,0.16,-0.6100000000000454,9
2023-11-28 13:45:00+00:00,2023-11-28 20:40:00+00:00,long,1.0,2020.08,2040.89,signal,signal,20.810000000000173,0.16,20.650000000000176,83
2023-12-01 15:05:00+00:00,2023-12-01 20:35:00+00:00,long,1.0,2047.97,2070.05,signal,signal,22.080000000000155,0.16,21.920000000000158,66
2023-12-07 17:50:00+00:00,2023-12-07 20:45:00+00:00,long,1.0,2028.57,2030.18,signal,signal,1.6100000000001273,0.16,1.4500000000001272,35
2023-12-08 00:05:00+00:00,2023-12-08 01:50:00+00:00,long,1.0,2028.54,2030.92,signal,signal,2.380000000000109,0.16,2.220000000000109,21
2023-12-12 13:15:00+00:00,2023-12-12 20:10:00+00:00,long,1.0,1992.38,1979.96,signal,signal,-12.420000000000073,0.16,-12.580000000000073,83
2023-12-13 13:35:00+00:00,2023-12-13 20:45:00+00:00,long,1.0,1984.36,2020.47,signal,signal,36.11000000000013,0.16,35.95000000000013,86
2023-12-14 00:05:00+00:00,2023-12-14 04:30:00+00:00,long,1.0,2033.82,2030.84,signal,signal,-2.980000000000018,0.16,-3.1400000000000183,53
2023-12-14 14:40:00+00:00,2023-12-14 20:45:00+00:00,long,1.0,2046.99,2036.24,signal,signal,-10.75,0.16,-10.91,73
2023-12-18 17:50:00+00:00,2023-12-18 20:45:00+00:00,long,1.0,2028.59,2026.08,signal,signal,-2.509999999999991,0.16,-2.669999999999991,35
2023-12-19 00:05:00+00:00,2023-12-19 01:50:00+00:00,long,1.0,2027.33,2026.58,signal,signal,-0.75,0.16,-0.9099999999999999,21
2023-12-19 13:20:00+00:00,2023-12-19 20:15:00+00:00,long,1.0,2032.31,2039.25,signal,signal,6.940000000000055,0.16,6.780000000000054,83
2023-12-21 13:45:00+00:00,2023-12-21 20:40:00+00:00,long,1.0,2043.27,2044.44,signal,signal,1.1700000000000728,0.16,1.0100000000000726,83
2023-12-26 20:10:00+00:00,2023-12-26 20:45:00+00:00,long,1.0,2063.14,2066.74,signal,signal,3.599999999999909,0.16,3.439999999999909,7
2023-12-27 00:05:00+00:00,2023-12-27 04:10:00+00:00,long,1.0,2066.26,2064.13,signal,signal,-2.130000000000109,0.16,-2.2900000000001093,49
2023-12-27 15:30:00+00:00,2023-12-27 20:45:00+00:00,long,1.0,2077.08,2077.06,signal,signal,-0.01999999999998181,0.16,-0.1799999999999818,63
2024-01-03 19:35:00+00:00,2024-01-03 20:45:00+00:00,long,1.0,2039.53,2041.42,signal,signal,1.8900000000001,0.16,1.7300000000001,14
2024-01-04 00:05:00+00:00,2024-01-04 03:35:00+00:00,long,1.0,2042.89,2046.33,signal,signal,3.439999999999827,0.16,3.279999999999827,42
2024-01-05 15:05:00+00:00,2024-01-05 20:35:00+00:00,long,1.0,2057.44,2044.19,signal,signal,-13.25,0.16,-13.41,66
2024-01-09 13:40:00+00:00,2024-01-09 20:35:00+00:00,long,1.0,2038.46,2028.79,signal,signal,-9.670000000000073,0.16,-9.830000000000073,83
2024-01-11 13:25:00+00:00,2024-01-11 20:20:00+00:00,long,1.0,2038.99,2024.01,signal,signal,-14.980000000000018,0.16,-15.140000000000018,83
2024-01-12 13:35:00+00:00,2024-01-12 20:30:00+00:00,long,1.0,2052.37,2046.93,signal,signal,-5.439999999999827,0.16,-5.599999999999827,83
2024-01-16 13:45:00+00:00,2024-01-16 20:40:00+00:00,long,1.0,2043.13,2028.62,signal,signal,-14.510000000000218,0.16,-14.670000000000218,83
2024-01-23 19:35:00+00:00,2024-01-23 20:45:00+00:00,long,1.0,2029.71,2028.66,signal,signal,-1.0499999999999545,0.16,-1.2099999999999547,14
2024-01-24 00:05:00+00:00,2024-01-24 03:35:00+00:00,long,1.0,2028.74,2024.44,signal,signal,-4.2999999999999545,0.16,-4.459999999999955,42
2024-01-29 13:45:00+00:00,2024-01-29 20:40:00+00:00,long,1.0,2035.25,2031.5,signal,signal,-3.75,0.16,-3.91,83
2024-01-30 14:10:00+00:00,2024-01-30 20:45:00+00:00,long,1.0,2040.78,2036.13,signal,signal,-4.649999999999864,0.16,-4.809999999999864,79
2024-01-31 14:15:00+00:00,2024-01-31 20:45:00+00:00,long,1.0,2044.28,2034.62,signal,signal,-9.660000000000082,0.16,-9.820000000000082,78
2024-02-01 13:40:00+00:00,2024-02-01 20:35:00+00:00,long,1.0,2040.23,2055.55,signal,signal,15.320000000000164,0.16,15.160000000000164,83
2024-02-06 13:10:00+00:00,2024-02-06 20:05:00+00:00,long,1.0,2029.65,2036.29,signal,signal,6.639999999999873,0.16,6.4799999999998725,83
2024-02-07 14:45:00+00:00,2024-02-07 20:45:00+00:00,long,1.0,2040.42,2035.39,signal,signal,-5.029999999999973,0.16,-5.189999999999973,72
2024-02-08 14:35:00+00:00,2024-02-08 20:45:00+00:00,long,1.0,2031.08,2033.35,signal,signal,2.269999999999982,0.16,2.1099999999999817,74
2024-02-09 13:35:00+00:00,2024-02-09 20:30:00+00:00,long,1.0,2032.42,2026.13,signal,signal,-6.289999999999964,0.16,-6.449999999999964,83
2024-02-12 13:15:00+00:00,2024-02-12 20:10:00+00:00,long,1.0,2026.52,2019.73,signal,signal,-6.789999999999964,0.16,-6.949999999999964,83
2024-02-16 15:40:00+00:00,2024-02-16 20:35:00+00:00,long,1.0,2007.6,2012.74,signal,signal,5.1400000000001,0.16,4.9800000000001,59
2024-02-19 17:35:00+00:00,2024-02-19 23:05:00+00:00,long,1.0,2017.85,2016.96,signal,session,-0.8899999999998727,0.16,-1.0499999999998726,23
2024-02-20 00:05:00+00:00,2024-02-20 04:05:00+00:00,long,1.0,2016.03,2018.59,signal,signal,2.5599999999999454,0.16,2.3999999999999453,48
2024-02-23 13:00:00+00:00,2024-02-23 19:55:00+00:00,long,1.0,2028.06,2037.39,signal,signal,9.330000000000155,0.16,9.170000000000154,83
2024-02-26 20:15:00+00:00,2024-02-26 20:45:00+00:00,long,1.0,2031.89,2033.38,signal,signal,1.490000000000009,0.16,1.330000000000009,6
2024-02-27 00:05:00+00:00,2024-02-27 04:15:00+00:00,long,1.0,2032.08,2033.96,signal,signal,1.8800000000001091,0.16,1.720000000000109,50
2024-02-27 18:15:00+00:00,2024-02-27 20:45:00+00:00,long,1.0,2035.1,2030.03,signal,signal,-5.069999999999936,0.16,-5.2299999999999365,30
2024-02-28 00:05:00+00:00,2024-02-28 02:15:00+00:00,long,1.0,2029.72,2032.92,signal,signal,3.2000000000000455,0.16,3.0400000000000453,26
2024-02-28 13:15:00+00:00,2024-02-28 20:10:00+00:00,long,1.0,2032.34,2033.35,signal,signal,1.009999999999991,0.16,0.849999999999991,83
2024-02-29 13:35:00+00:00,2024-02-29 20:30:00+00:00,long,1.0,2037.78,2044.51,signal,signal,6.730000000000018,0.16,6.570000000000018,83
2024-03-01 15:20:00+00:00,2024-03-01 20:35:00+00:00,long,1.0,2058.51,2084.4,signal,signal,25.889999999999873,0.16,25.729999999999876,63
2024-03-04 14:00:00+00:00,2024-03-04 20:45:00+00:00,long,1.0,2091.68,2118.03,signal,signal,26.350000000000364,0.16,26.190000000000367,81
2024-03-05 13:30:00+00:00,2024-03-05 20:25:00+00:00,long,1.0,2131.76,2130.29,signal,signal,-1.4700000000002547,0.16,-1.6300000000002548,83
2024-03-06 14:35:00+00:00,2024-03-06 20:45:00+00:00,long,1.0,2144.33,2145.69,signal,signal,1.3600000000001273,0.16,1.2000000000001272,74
2024-03-07 13:10:00+00:00,2024-03-07 20:05:00+00:00,long,1.0,2158.47,2159.27,signal,signal,0.8000000000001819,0.16,0.640000000000182,83
2024-03-08 13:35:00+00:00,2024-03-08 20:30:00+00:00,long,1.0,2178.27,2176.82,signal,signal,-1.449999999999818,0.16,-1.6099999999998182,83
2024-03-13 14:40:00+00:00,2024-03-13 20:45:00+00:00,long,1.0,2169.44,2173.13,signal,signal,3.6900000000000546,0.16,3.5300000000000544,73
2024-03-20 15:05:00+00:00,2024-03-20 20:45:00+00:00,long,1.0,2163.41,2182.58,signal,signal,19.170000000000073,0.16,19.010000000000076,68
2024-03-22 13:20:00+00:00,2024-03-22 20:15:00+00:00,long,1.0,2172.73,2162.57,signal,signal,-10.159999999999854,0.16,-10.319999999999855,83
2024-03-28 17:40:00+00:00,2024-03-28 20:45:00+00:00,long,1.0,2224.98,2219.0,signal,signal,-5.980000000000018,0.16,-6.140000000000018,37
2024-04-01 00:05:00+00:00,2024-04-01 01:40:00+00:00,long,1.0,2237.36,2253.89,signal,signal,16.529999999999745,0.16,16.36999999999975,19
2024-04-02 19:10:00+00:00,2024-04-02 20:45:00+00:00,long,1.0,2270.91,2276.5,signal,signal,5.5900000000001455,0.16,5.430000000000145,19
2024-04-03 00:05:00+00:00,2024-04-03 03:10:00+00:00,long,1.0,2283.56,2284.11,signal,signal,0.5500000000001819,0.16,0.39000000000018187,37
2024-04-05 15:35:00+00:00,2024-04-05 20:35:00+00:00,long,1.0,2317.25,2323.44,signal,signal,6.190000000000055,0.16,6.030000000000054,60
2024-04-08 19:30:00+00:00,2024-04-08 20:45:00+00:00,long,1.0,2341.75,2338.83,signal,signal,-2.9200000000000728,0.16,-3.080000000000073,15
2024-04-09 00:05:00+00:00,2024-04-09 03:30:00+00:00,long,1.0,2338.85,2342.37,signal,signal,3.519999999999982,0.16,3.3599999999999817,41
2024-04-11 18:25:00+00:00,2024-04-11 20:45:00+00:00,long,1.0,2355.77,2370.05,signal,signal,14.2800000000002,0.16,14.1200000000002,28
2024-04-12 00:05:00+00:00,2024-04-12 02:25:00+00:00,long,1.0,2374.53,2383.19,signal,signal,8.659999999999854,0.16,8.499999999999854,28
2024-04-15 20:00:00+00:00,2024-04-15 20:45:00+00:00,long,1.0,2375.98,2382.59,signal,signal,6.610000000000127,0.16,6.450000000000127,9
2024-04-16 00:05:00+00:00,2024-04-16 04:00:00+00:00,long,1.0,2385.16,2386.17,signal,signal,1.0100000000002183,0.16,0.8500000000002184,47
2024-04-23 13:40:00+00:00,2024-04-23 20:35:00+00:00,long,1.0,2313.25,2322.59,signal,signal,9.340000000000146,0.16,9.180000000000145,83
2024-04-24 16:05:00+00:00,2024-04-24 20:45:00+00:00,long,1.0,2336.18,2319.46,signal,signal,-16.7199999999998,0.16,-16.879999999999797,56
2024-04-25 15:40:00+00:00,2024-04-25 20:45:00+00:00,long,1.0,2342.62,2334.26,signal,signal,-8.359999999999673,0.16,-8.519999999999673,61
2024-05-01 15:10:00+00:00,2024-05-01 20:45:00+00:00,long,1.0,2307.35,2314.99,signal,signal,7.639999999999873,0.16,7.4799999999998725,67
2024-05-03 13:35:00+00:00,2024-05-03 20:30:00+00:00,long,1.0,2315.22,2298.73,signal,signal,-16.48999999999978,0.16,-16.64999999999978,83
2024-05-06 13:45:00+00:00,2024-05-06 20:40:00+00:00,long,1.0,2324.62,2325.24,signal,signal,0.6199999999998909,0.16,0.4599999999998909,83
2024-05-09 13:25:00+00:00,2024-05-09 20:20:00+00:00,long,1.0,2318.82,2336.12,signal,signal,17.299999999999727,0.16,17.13999999999973,83
2024-05-09 20:40:00+00:00,2024-05-09 20:45:00+00:00,long,1.0,2341.41,2340.92,signal,signal,-0.4899999999997817,0.16,-0.6499999999997816,1
2024-05-10 00:05:00+00:00,2024-05-10 04:40:00+00:00,long,1.0,2346.93,2352.38,signal,signal,5.450000000000273,0.16,5.290000000000273,55
2024-05-15 13:35:00+00:00,2024-05-15 20:30:00+00:00,long,1.0,2370.83,2386.29,signal,signal,15.460000000000036,0.16,15.300000000000036,83
2024-05-17 14:05:00+00:00,2024-05-17 20:35:00+00:00,long,1.0,2396.94,2415.87,signal,signal,18.929999999999836,0.16,18.76999999999984,78
2024-05-21 13:25:00+00:00,2024-05-21 20:20:00+00:00,long,1.0,2426.9,2423.89,signal,signal,-3.0100000000002183,0.16,-3.1700000000002184,83
2024-05-27 14:50:00+00:00,2024-05-27 23:05:00+00:00,long,1.0,2355.19,2352.22,signal,session,-2.9700000000002547,0.16,-3.130000000000255,56
2024-05-28 00:05:00+00:00,2024-05-28 01:20:00+00:00,long,1.0,2351.58,2352.7,signal,signal,1.1199999999998909,0.16,0.9599999999998908,15
2024-05-28 13:15:00+00:00,2024-05-28 20:10:00+00:00,long,1.0,2350.52,2357.08,signal,signal,6.559999999999945,0.16,6.399999999999945,83
2024-05-31 13:35:00+00:00,2024-05-31 20:30:00+00:00,long,1.0,2349.39,2321.54,signal,signal,-27.84999999999991,0.16,-28.009999999999906,83
2024-06-03 13:30:00+00:00,2024-06-03 20:25:00+00:00,long,1.0,2331.88,2346.47,signal,signal,14.58999999999969,0.16,14.42999999999969,83
2024-06-05 13:55:00+00:00,2024-06-05 20:45:00+00:00,long,1.0,2343.09,2353.48,signal,signal,10.389999999999873,0.16,10.229999999999873,82
2024-06-06 16:30:00+00:00,2024-06-06 20:45:00+00:00,long,1.0,2374.82,2372.98,signal,signal,-1.8400000000001455,0.16,-2.0000000000001457,51
2024-06-07 00:05:00+00:00,2024-06-07 00:30:00+00:00,long,1.0,2377.08,2377.16,signal,signal,0.07999999999992724,0.16,-0.08000000000007276,5
2024-06-10 13:00:00+00:00,2024-06-10 19:55:00+00:00,long,1.0,2305.1,2310.39,signal,signal,5.289999999999964,0.16,5.1299999999999635,83
2024-06-11 13:05:00+00:00,2024-06-11 20:00:00+00:00,long,1.0,2309.62,2313.81,signal,signal,4.190000000000055,0.16,4.030000000000054,83
2024-06-12 13:35:00+00:00,2024-06-12 20:30:00+00:00,long,1.0,2325.03,2316.68,signal,signal,-8.350000000000364,0.16,-8.510000000000364,83
2024-06-13 13:35:00+00:00,2024-06-13 20:30:00+00:00,long,1.0,2319.97,2303.52,signal,signal,-16.449999999999818,0.16,-16.609999999999815,83
2024-06-18 13:35:00+00:00,2024-06-18 20:30:00+00:00,long,1.0,2317.04,2329.45,signal,signal,12.409999999999854,0.16,12.249999999999854,83
2024-06-20 15:00:00+00:00,2024-06-20 20:45:00+00:00,long,1.0,2349.36,2358.8,signal,signal,9.440000000000055,0.16,9.280000000000054,69
2024-06-21 13:05:00+00:00,2024-06-21 20:00:00+00:00,long,1.0,2367.82,2322.2,signal,signal,-45.620000000000346,0.16,-45.78000000000034,83
2024-06-27 13:10:00+00:00,2024-06-27 20:05:00+00:00,long,1.0,2319.95,2327.61,signal,signal,7.660000000000309,0.16,7.500000000000309,83
2024-07-02 20:15:00+00:00,2024-07-02 20:45:00+00:00,long,1.0,2329.04,2329.53,signal,signal,0.49000000000023647,0.16,0.33000000000023644,6
2024-07-03 00:05:00+00:00,2024-07-03 04:15:00+00:00,long,1.0,2330.98,2329.01,signal,signal,-1.9699999999998,0.16,-2.1299999999998,50
2024-07-03 13:35:00+00:00,2024-07-03 20:30:00+00:00,long,1.0,2352.37,2354.93,signal,signal,2.5599999999999454,0.16,2.3999999999999453,83
2024-07-10 13:05:00+00:00,2024-07-10 20:00:00+00:00,long,1.0,2378.38,2372.68,signal,signal,-5.700000000000273,0.16,-5.860000000000273,83
2024-07-11 13:35:00+00:00,2024-07-11 20:30:00+00:00,long,1.0,2399.63,2417.13,signal,signal,17.5,0.16,17.340000000000003,83
2024-07-15 15:55:00+00:00,2024-07-15 20:45:00+00:00,long,1.0,2429.9,2422.7,signal,signal,-7.200000000000273,0.16,-7.360000000000273,58
2024-07-16 16:10:00+00:00,2024-07-16 20:45:00+00:00,long,1.0,2455.98,2466.8,signal,signal,10.820000000000164,0.16,10.660000000000164,55
2024-07-17 00:05:00+00:00,2024-07-17 00:10:00+00:00,long,1.0,2469.61,2469.2,signal,signal,-0.41000000000030923,0.16,-0.5700000000003093,1
2024-07-18 15:35:00+00:00,2024-07-18 20:45:00+00:00,short,1.0,2460.83,2441.32,signal,signal,19.509999999999764,0.16,19.349999999999767,62
2024-07-23 00:05:00+00:00,2024-07-23 04:55:00+00:00,long,1.0,2395.49,2398.91,signal,signal,3.4200000000000728,0.16,3.2600000000000726,58
2024-07-24 14:00:00+00:00,2024-07-24 20:45:00+00:00,long,1.0,2421.48,2404.98,signal,signal,-16.5,0.16,-16.659999999999997,81
2024-07-29 20:40:00+00:00,2024-07-29 20:45:00+00:00,long,1.0,2384.94,2384.3,signal,signal,-0.6399999999998727,0.16,-0.7999999999998726,1
2024-07-30 00:05:00+00:00,2024-07-30 04:40:00+00:00,long,1.0,2384.15,2384.18,signal,signal,0.02999999999974534,0.16,-0.13000000000025466,55
2024-07-30 14:30:00+00:00,2024-07-30 20:45:00+00:00,long,1.0,2394.56,2406.24,signal,signal,11.679999999999836,0.16,11.519999999999836,75
2024-07-31 20:40:00+00:00,2024-07-31 20:45:00+00:00,long,1.0,2449.79,2447.54,signal,signal,-2.25,0.16,-2.41,1
2024-08-01 00:05:00+00:00,2024-08-01 04:40:00+00:00,long,1.0,2447.47,2443.86,signal,signal,-3.6099999999996726,0.16,-3.7699999999996727,55
2024-08-01 13:25:00+00:00,2024-08-01 20:20:00+00:00,long,1.0,2445.17,2440.44,signal,signal,-4.730000000000018,0.16,-4.890000000000018,83
2024-08-02 13:35:00+00:00,2024-08-02 20:30:00+00:00,long,1.0,2473.57,2431.96,signal,signal,-41.61000000000013,0.16,-41.770000000000124,83
2024-08-12 14:45:00+00:00,2024-08-12 20:45:00+00:00,long,1.0,2452.04,2471.32,signal,signal,19.2800000000002,0.16,19.120000000000203,72
2024-08-13 13:35:00+00:00,2024-08-13 20:30:00+00:00,long,1.0,2470.37,2465.75,signal,signal,-4.619999999999891,0.16,-4.779999999999891,83
2024-08-15 13:10:00+00:00,2024-08-15 20:05:00+00:00,long,1.0,2465.63,2459.38,signal,signal,-6.25,0.16,-6.41,83
2024-08-16 13:00:00+00:00,2024-08-16 19:55:00+00:00,long,1.0,2472.21,2504.13,signal,signal,31.920000000000073,0.16,31.760000000000076,83
2024-08-21 19:20:00+00:00,2024-08-21 20:45:00+00:00,long,1.0,2518.91,2514.71,signal,signal,-4.199999999999818,0.16,-4.359999999999818,17
2024-08-22 00:05:00+00:00,2024-08-22 03:20:00+00:00,long,1.0,2514.09,2506.11,signal,signal,-7.980000000000018,0.16,-8.140000000000018,39
2024-08-23 15:05:00+00:00,2024-08-23 20:35:00+00:00,long,1.0,2510.87,2510.91,signal,signal,0.03999999999996362,0.16,-0.12000000000003638,66
2024-08-26 15:20:00+00:00,2024-08-26 18:05:00+00:00,short,1.0,2516.04,2522.36,signal,signal,-6.320000000000164,0.16,-6.480000000000164,33
2024-08-26 18:05:00+00:00,2024-08-26 20:45:00+00:00,long,1.0,2522.36,2519.43,signal,signal,-2.930000000000291,0.16,-3.090000000000291,32
2024-08-27 00:05:00+00:00,2024-08-27 02:05:00+00:00,long,1.0,2517.15,2512.81,signal,signal,-4.3400000000001455,0.16,-4.500000000000146,24
2024-08-27 19:25:00+00:00,2024-08-27 20:45:00+00:00,long,1.0,2523.34,2524.66,signal,signal,1.319999999999709,0.16,1.1599999999997088,16
2024-08-28 00:05:00+00:00,2024-08-28 03:25:00+00:00,long,1.0,2527.12,2517.06,signal,signal,-10.059999999999945,0.16,-10.219999999999946,40
2024-08-28 14:30:00+00:00,2024-08-28 20:45:00+00:00,long,1.0,2510.16,2507.92,signal,signal,-2.2399999999997817,0.16,-2.399999999999782,75
2024-09-03 13:15:00+00:00,2024-09-03 20:10:00+00:00,long,1.0,2498.02,2491.87,signal,signal,-6.150000000000091,0.16,-6.310000000000091,83
2024-09-03 20:15:00+00:00,2024-09-03 20:45:00+00:00,long,1.0,2491.84,2492.42,signal,signal,0.5799999999999272,0.16,0.4199999999999272,6
2024-09-04 00:05:00+00:00,2024-09-04 04:15:00+00:00,long,1.0,2492.58,2495.65,signal,signal,3.0700000000001637,0.16,2.9100000000001636,50
2024-09-04 15:05:00+00:00,2024-09-04 20:45:00+00:00,long,1.0,2493.06,2491.96,signal,signal,-1.099999999999909,0.16,-1.2599999999999092,68
2024-09-06 13:35:00+00:00,2024-09-06 20:30:00+00:00,long,1.0,2524.39,2494.5,signal,signal,-29.889999999999873,0.16,-30.04999999999987,83
2024-09-09 13:35:00+00:00,2024-09-09 20:30:00+00:00,long,1.0,2503.53,2503.85,signal,signal,0.31999999999970896,0.16,0.15999999999970893,83
2024-09-10 14:00:00+00:00,2024-09-10 20:45:00+00:00,long,1.0,2513.88,2514.58,signal,signal,0.6999999999998181,0.16,0.5399999999998182,81
2024-09-12 13:45:00+00:00,2024-09-12 20:40:00+00:00,long,1.0,2527.61,2557.18,signal,signal,29.56999999999971,0.16,29.409999999999712,83
2024-09-13 14:20:00+00:00,2024-09-13 20:35:00+00:00,long,1.0,2580.23,2581.98,signal,signal,1.75,0.16,1.5899999999999999,75
2024-09-18 19:05:00+00:00,2024-09-18 20:45:00+00:00,long,1.0,2582.89,2552.65,signal,signal,-30.23999999999978,0.16,-30.39999999999978,20
2024-09-19 00:05:00+00:00,2024-09-19 03:05:00+00:00,long,1.0,2558.93,2557.92,signal,signal,-1.0099999999997635,0.16,-1.1699999999997637,36
2024-09-24 17:45:00+00:00,2024-09-24 20:45:00+00:00,long,1.0,2653.99,2663.76,signal,signal,9.770000000000437,0.16,9.610000000000436,36
2024-09-25 00:05:00+00:00,2024-09-25 01:45:00+00:00,long,1.0,2657.22,2659.52,signal,signal,2.300000000000182,0.16,2.1400000000001818,20
2024-09-25 14:10:00+00:00,2024-09-25 20:45:00+00:00,long,1.0,2664.19,2659.65,signal,signal,-4.539999999999964,0.16,-4.699999999999964,79
2024-10-01 14:35:00+00:00,2024-10-01 20:45:00+00:00,long,1.0,2663.53,2660.38,signal,signal,-3.150000000000091,0.16,-3.310000000000091,74
2024-10-04 09:00:00+00:00,2024-10-04 15:55:00+00:00,short,1.0,2661.07,2658.91,signal,signal,2.1600000000003092,0.16,2.000000000000309,83
2024-10-07 07:10:00+00:00,2024-10-07 14:05:00+00:00,short,1.0,2640.92,2643.46,signal,signal,-2.5399999999999636,0.16,-2.6999999999999638,83
2024-10-09 00:05:00+00:00,2024-10-09 04:55:00+00:00,long,1.0,2622.6,2617.04,signal,signal,-5.559999999999945,0.16,-5.719999999999946,58
2024-10-11 13:10:00+00:00,2024-10-11 20:05:00+00:00,long,1.0,2645.94,2658.1,signal,signal,12.159999999999854,0.16,11.999999999999854,83
2024-10-15 13:30:00+00:00,2024-10-15 20:25:00+00:00,long,1.0,2655.44,2666.12,signal,signal,10.679999999999836,0.16,10.519999999999836,83
2024-10-21 16:50:00+00:00,2024-10-21 20:45:00+00:00,short,1.0,2723.05,2718.8,signal,signal,4.25,0.16,4.09,47
2024-10-22 00:05:00+00:00,2024-10-22 00:50:00+00:00,short,1.0,2720.41,2721.43,signal,signal,-1.0199999999999818,0.16,-1.179999999999982,9
2024-10-23 11:45:00+00:00,2024-10-23 18:40:00+00:00,short,1.0,2750.84,2714.56,signal,signal,36.2800000000002,0.16,36.1200000000002,83
2024-10-24 12:35:00+00:00,2024-10-24 19:30:00+00:00,short,1.0,2737.63,2737.49,signal,signal,0.14000000000032742,0.16,-0.019999999999672585,83
2024-10-25 15:15:00+00:00,2024-10-25 20:35:00+00:00,long,1.0,2737.72,2742.17,signal,signal,4.450000000000273,0.16,4.290000000000273,64
2024-10-29 12:25:00+00:00,2024-10-29 14:50:00+00:00,short,1.0,2748.55,2762.93,signal,signal,-14.379999999999654,0.16,-14.539999999999655,29
2024-10-29 14:50:00+00:00,2024-10-29 20:45:00+00:00,long,1.0,2762.93,2772.47,signal,signal,9.539999999999964,0.16,9.379999999999963,71
2024-10-30 09:50:00+00:00,2024-10-30 16:45:00+00:00,short,1.0,2780.52,2784.0,signal,signal,-3.480000000000018,0.16,-3.6400000000000183,83
2024-10-31 08:25:00+00:00,2024-10-31 15:20:00+00:00,short,1.0,2781.39,2756.36,signal,signal,25.029999999999745,0.16,24.86999999999975,83
2024-11-01 09:15:00+00:00,2024-11-01 16:10:00+00:00,short,1.0,2752.46,2745.11,signal,signal,7.349999999999909,0.16,7.189999999999909,83
2024-11-01 16:20:00+00:00,2024-11-01 20:35:00+00:00,short,1.0,2748.56,2734.76,signal,signal,13.799999999999727,0.16,13.639999999999727,51
2024-11-04 00:05:00+00:00,2024-11-04 00:25:00+00:00,short,1.0,2739.8,2739.01,signal,signal,0.7899999999999636,0.16,0.6299999999999637,4
2024-11-04 09:15:00+00:00,2024-11-04 20:45:00+00:00,short,1.0,2733.84,2737.32,signal,signal,-3.480000000000018,0.16,-3.6400000000000183,138
2024-11-05 00:05:00+00:00,2024-11-05 00:10:00+00:00,short,1.0,2735.77,2734.45,signal,signal,1.3200000000001637,0.16,1.1600000000001636,1
2024-11-05 11:20:00+00:00,2024-11-05 18:15:00+00:00,short,1.0,2739.57,2741.93,signal,signal,-2.3599999999996726,0.16,-2.5199999999996727,83
2024-11-06 07:05:00+00:00,2024-11-06 14:00:00+00:00,short,1.0,2712.14,2664.23,signal,signal,47.909999999999854,0.16,47.74999999999986,83
2024-11-07 13:10:00+00:00,2024-11-07 20:05:00+00:00,long,1.0,2676.82,2699.47,signal,signal,22.649999999999636,0.16,22.48999999999964,83
2024-11-07 20:25:00+00:00,2024-11-07 20:45:00+00:00,long,1.0,2709.83,2703.63,signal,signal,-6.199999999999818,0.16,-6.359999999999818,4
2024-11-08 00:05:00+00:00,2024-11-08 04:25:00+00:00,long,1.0,2707.9,2694.18,signal,signal,-13.720000000000255,0.16,-13.880000000000255,52
2024-11-08 13:55:00+00:00,2024-11-08 20:35:00+00:00,long,1.0,2700.57,2687.56,signal,signal,-13.010000000000218,0.16,-13.170000000000218,80
2024-11-11 19:05:00+00:00,2024-11-11 20:45:00+00:00,long,1.0,2620.03,2625.26,signal,signal,5.230000000000018,0.16,5.070000000000018,20
2024-11-12 00:05:00+00:00,2024-11-12 03:05:00+00:00,long,1.0,2622.93,2622.98,signal,signal,0.0500000000001819,0.16,-0.1099999999998181,36
2024-11-13 13:35:00+00:00,2024-11-13 20:30:00+00:00,long,1.0,2612.05,2575.85,signal,signal,-36.20000000000027,0.16,-36.36000000000027,83
2024-11-18 13:35:00+00:00,2024-11-18 20:30:00+00:00,long,1.0,2601.45,2610.36,signal,signal,8.91000000000031,0.16,8.750000000000309,83
2024-11-20 13:05:00+00:00,2024-11-20 20:00:00+00:00,long,1.0,2632.98,2650.92,signal,signal,17.940000000000055,0.16,17.780000000000058,83
2024-11-26 13:10:00+00:00,2024-11-26 20:05:00+00:00,long,1.0,2638.75,2628.75,signal,signal,-10.0,0.16,-10.16,83
2024-12-02 20:35:00+00:00,2024-12-02 20:45:00+00:00,long,1.0,2643.61,2641.67,signal,signal,-1.9400000000000546,0.16,-2.1000000000000547,2
2024-12-03 00:05:00+00:00,2024-12-03 04:35:00+00:00,long,1.0,2642.55,2641.71,signal,signal,-0.8400000000001455,0.16,-1.0000000000001454,54
2024-12-03 13:50:00+00:00,2024-12-03 20:45:00+00:00,long,1.0,2650.09,2642.82,signal,signal,-7.269999999999982,0.16,-7.429999999999982,83
2024-12-09 14:45:00+00:00,2024-12-09 20:45:00+00:00,long,1.0,2672.5,2657.91,signal,signal,-14.590000000000146,0.16,-14.750000000000146,72
2024-12-20 15:25:00+00:00,2024-12-20 20:35:00+00:00,long,1.0,2624.98,2625.39,signal,signal,0.4099999999998545,0.16,0.24999999999985445,62
2024-12-24 17:30:00+00:00,2024-12-25 23:05:00+00:00,long,1.0,2619.21,2616.83,signal,session,-2.380000000000109,0.16,-2.5400000000001093,15
2024-12-26 00:05:00+00:00,2024-12-26 04:45:00+00:00,long,1.0,2619.12,2628.77,signal,signal,9.650000000000091,0.16,9.49000000000009,56
2024-12-26 15:10:00+00:00,2024-12-26 20:45:00+00:00,long,1.0,2633.52,2634.32,signal,signal,0.8000000000001819,0.16,0.640000000000182,67
2024-12-31 14:40:00+00:00,2024-12-31 20:45:00+00:00,long,1.0,2616.66,2622.78,signal,signal,6.120000000000346,0.16,5.9600000000003455,73
2025-01-07 13:05:00+00:00,2025-01-07 20:00:00+00:00,long,1.0,2652.94,2649.35,signal,signal,-3.5900000000001455,0.16,-3.7500000000001457,83
2025-01-14 19:40:00+00:00,2025-01-14 20:45:00+00:00,long,1.0,2676.0,2673.71,signal,signal,-2.2899999999999636,0.16,-2.4499999999999638,13
2025-01-15 00:05:00+00:00,2025-01-15 03:40:00+00:00,long,1.0,2675.08,2675.72,signal,signal,0.6399999999998727,0.16,0.4799999999998727,43
2025-01-15 13:35:00+00:00,2025-01-15 20:30:00+00:00,long,1.0,2687.75,2695.54,signal,signal,7.789999999999964,0.16,7.6299999999999635,83
2025-01-16 13:35:00+00:00,2025-01-16 20:30:00+00:00,long,1.0,2713.58,2715.66,signal,signal,2.0799999999999272,0.16,1.919999999999927,83
2025-01-22 08:00:00+00:00,2025-01-22 14:55:00+00:00,short,1.0,2748.72,2755.53,signal,signal,-6.8100000000004,0.16,-6.9700000000004,83
2025-01-22 15:05:00+00:00,2025-01-22 20:45:00+00:00,short,1.0,2752.7,2755.95,signal,signal,-3.25,0.16,-3.41,68
2025-01-23 08:30:00+00:00,2025-01-23 15:25:00+00:00,short,1.0,2754.15,2744.83,signal,signal,9.320000000000164,0.16,9.160000000000164,83
2025-01-24 08:20:00+00:00,2025-01-24 15:15:00+00:00,short,1.0,2770.9,2783.4,signal,signal,-12.5,0.16,-12.66,83
2025-01-27 07:00:00+00:00,2025-01-27 13:55:00+00:00,short,1.0,2754.71,2756.96,signal,signal,-2.25,0.16,-2.41,83
2025-01-27 14:00:00+00:00,2025-01-27 20:45:00+00:00,short,1.0,2757.27,2741.59,signal,signal,15.679999999999836,0.16,15.519999999999836,81
2025-01-30 13:05:00+00:00,2025-01-30 20:00:00+00:00,long,1.0,2782.23,2793.4,signal,signal,11.170000000000073,0.16,11.010000000000073,83
2025-01-31 07:15:00+00:00,2025-01-31 14:10:00+00:00,short,1.0,2796.05,2805.22,signal,signal,-9.169999999999618,0.16,-9.329999999999618,83
2025-01-31 15:15:00+00:00,2025-01-31 20:35:00+00:00,long,1.0,2815.35,2796.63,signal,signal,-18.7199999999998,0.16,-18.879999999999797,64
2025-02-03 13:05:00+00:00,2025-02-03 20:00:00+00:00,long,1.0,2809.87,2818.31,signal,signal,8.440000000000055,0.16,8.280000000000054,83
2025-02-04 13:25:00+00:00,2025-02-04 20:20:00+00:00,long,1.0,2832.27,2841.75,signal,signal,9.480000000000018,0.16,9.320000000000018,83
2025-02-05 12:35:00+00:00,2025-02-05 19:30:00+00:00,short,1.0,2869.91,2866.97,signal,signal,2.9400000000000546,0.16,2.7800000000000544,83
2025-02-06 08:35:00+00:00,2025-02-06 15:30:00+00:00,short,1.0,2852.69,2844.77,signal,signal,7.920000000000073,0.16,7.760000000000073,83
2025-02-06 15:40:00+00:00,2025-02-06 20:10:00+00:00,short,1.0,2849.04,2856.9,signal,signal,-7.860000000000127,0.16,-8.020000000000127,54
2025-02-06 20:10:00+00:00,2025-02-06 20:45:00+00:00,long,1.0,2856.9,2855.65,signal,signal,-1.25,0.16,-1.4100000000000001,7
2025-02-07 00:05:00+00:00,2025-02-07 04:10:00+00:00,long,1.0,2859.33,2868.13,signal,signal,8.800000000000182,0.16,8.640000000000182,49
2025-02-07 07:00:00+00:00,2025-02-07 13:55:00+00:00,short,1.0,2860.7,2862.05,signal,signal,-1.3500000000003638,0.16,-1.510000000000364,83
2025-02-11 08:10:00+00:00,2025-02-11 15:05:00+00:00,short,1.0,2912.48,2892.89,signal,signal,19.590000000000146,0.16,19.43000000000015,83
2025-02-12 16:40:00+00:00,2025-02-12 17:15:00+00:00,short,1.0,2896.4,2908.76,signal,signal,-12.360000000000127,0.16,-12.520000000000127,7
2025-02-12 17:15:00+00:00,2025-02-12 20:45:00+00:00,long,1.0,2908.76,2900.6,signal,signal,-8.16000000000031,0.16,-8.32000000000031,42
2025-02-13 00:05:00+00:00,2025-02-13 01:15:00+00:00,long,1.0,2906.86,2905.67,signal,signal,-1.1900000000000546,0.16,-1.3500000000000547,14
2025-02-13 07:30:00+00:00,2025-02-13 14:25:00+00:00,short,1.0,2916.27,2912.38,signal,signal,3.8899999999998727,0.16,3.7299999999998725,83
2025-02-13 14:45:00+00:00,2025-02-13 20:45:00+00:00,short,1.0,2914.38,2928.05,signal,signal,-13.670000000000073,0.16,-13.830000000000073,72
2025-02-14 12:40:00+00:00,2025-02-14 19:35:00+00:00,short,1.0,2929.57,2882.52,signal,signal,47.05000000000018,0.16,46.890000000000185,83
2025-03-11 14:40:00+00:00,2025-03-11 20:45:00+00:00,long,1.0,2919.05,2921.28,signal,signal,2.230000000000018,0.16,2.070000000000018,73
2025-03-12 13:35:00+00:00,2025-03-12 20:30:00+00:00,long,1.0,2920.83,2934.64,signal,signal,13.809999999999945,0.16,13.649999999999945,83
2025-03-13 15:45:00+00:00,2025-03-13 20:45:00+00:00,long,1.0,2964.89,2981.54,signal,signal,16.65000000000009,0.16,16.490000000000094,60
2025-03-19 19:45:00+00:00,2025-03-19 20:45:00+00:00,long,1.0,3047.97,3047.07,signal,signal,-0.8999999999996362,0.16,-1.0599999999996361,12
2025-03-20 00:05:00+00:00,2025-03-20 03:45:00+00:00,long,1.0,3049.25,3047.85,signal,signal,-1.400000000000091,0.16,-1.560000000000091,44
2025-03-25 15:05:00+00:00,2025-03-25 20:45:00+00:00,long,1.0,3033.77,3020.14,signal,signal,-13.63000000000011,0.16,-13.79000000000011,68
2025-03-31 09:15:00+00:00,2025-03-31 16:10:00+00:00,short,1.0,3124.88,3122.83,signal,signal,2.050000000000182,0.16,1.8900000000001818,83
2025-04-01 08:40:00+00:00,2025-04-01 15:35:00+00:00,short,1.0,3128.02,3126.61,signal,signal,1.4099999999998545,0.16,1.2499999999998543,83
2025-04-01 16:15:00+00:00,2025-04-01 20:45:00+00:00,short,1.0,3131.05,3116.88,signal,signal,14.170000000000073,0.16,14.010000000000073,54
2025-04-02 00:05:00+00:00,2025-04-02 00:15:00+00:00,short,1.0,3113.62,3111.97,signal,signal,1.650000000000091,0.16,1.4900000000000908,2
2025-04-02 07:05:00+00:00,2025-04-02 14:00:00+00:00,short,1.0,3117.91,3122.47,signal,signal,-4.559999999999945,0.16,-4.719999999999946,83
2025-04-02 16:40:00+00:00,2025-04-02 20:45:00+00:00,short,1.0,3126.94,3126.54,signal,signal,0.40000000000009095,0.16,0.24000000000009092,49
2025-04-03 00:05:00+00:00,2025-04-03 00:40:00+00:00,short,1.0,3148.72,3159.82,signal,signal,-11.100000000000364,0.16,-11.260000000000364,7
2025-04-03 07:10:00+00:00,2025-04-03 14:05:00+00:00,short,1.0,3130.85,3068.12,signal,signal,62.73000000000002,0.16,62.57000000000002,83
2025-04-03 15:10:00+00:00,2025-04-03 20:45:00+00:00,long,1.0,3106.0,3104.62,signal,signal,-1.3800000000001091,0.16,-1.5400000000001093,67
2025-04-10 16:30:00+00:00,2025-04-10 20:45:00+00:00,long,1.0,3170.73,3174.19,signal,signal,3.4600000000000364,0.16,3.3000000000000362,51
2025-04-11 00:05:00+00:00,2025-04-11 00:25:00+00:00,long,1.0,3189.77,3184.6,signal,signal,-5.170000000000073,0.16,-5.330000000000073,4
2025-04-14 09:30:00+00:00,2025-04-14 16:25:00+00:00,short,1.0,3224.66,3207.75,signal,signal,16.909999999999854,0.16,16.749999999999858,83
2025-04-15 18:45:00+00:00,2025-04-15 20:45:00+00:00,long,1.0,3228.84,3227.94,signal,signal,-0.900000000000091,0.16,-1.0600000000000909,24
2025-04-16 00:05:00+00:00,2025-04-16 02:45:00+00:00,long,1.0,3240.19,3265.86,signal,signal,25.670000000000073,0.16,25.510000000000076,32
2025-04-16 11:20:00+00:00,2025-04-16 18:15:00+00:00,short,1.0,3302.33,3326.79,signal,signal,-24.460000000000036,0.16,-24.620000000000033,83
2025-04-17 08:05:00+00:00,2025-04-17 13:15:00+00:00,short,1.0,3329.75,3336.43,signal,signal,-6.679999999999836,0.16,-6.839999999999836,62
2025-04-17 13:15:00+00:00,2025-04-17 20:10:00+00:00,long,1.0,3336.43,3316.44,signal,signal,-19.98999999999978,0.16,-20.14999999999978,83
2025-04-21 14:05:00+00:00,2025-04-21 20:45:00+00:00,long,1.0,3421.13,3418.38,signal,signal,-2.75,0.16,-2.91,80
2025-04-22 09:20:00+00:00,2025-04-22 16:15:00+00:00,short,1.0,3466.96,3426.16,signal,signal,40.80000000000018,0.16,40.640000000000185,83
2025-04-22 16:30:00+00:00,2025-04-22 20:45:00+00:00,short,1.0,3412.65,3374.87,signal,signal,37.7800000000002,0.16,37.6200000000002,51
2025-04-23 00:05:00+00:00,2025-04-23 00:30:00+00:00,short,1.0,3335.24,3339.62,signal,signal,-4.380000000000109,0.16,-4.540000000000109,5
2025-04-25 00:05:00+00:00,2025-04-25 04:55:00+00:00,long,1.0,3359.49,3336.39,signal,signal,-23.09999999999991,0.16,-23.259999999999906,58
2025-04-28 00:05:00+00:00,2025-04-28 04:45:00+00:00,long,1.0,3312.23,3293.43,signal,signal,-18.800000000000182,0.16,-18.96000000000018,56
2025-04-28 15:25:00+00:00,2025-04-28 20:45:00+00:00,long,1.0,3313.3,3349.91,signal,signal,36.60999999999967,0.16,36.449999999999676,64
2025-04-30 14:40:00+00:00,2025-04-30 20:45:00+00:00,long,1.0,3319.26,3293.16,signal,signal,-26.100000000000364,0.16,-26.26000000000036,73
2025-05-05 20:30:00+00:00,2025-05-05 20:45:00+00:00,long,1.0,3336.37,3334.64,signal,signal,-1.7300000000000182,0.16,-1.8900000000000183,3
2025-05-06 00:05:00+00:00,2025-05-06 04:30:00+00:00,long,1.0,3333.07,3362.7,signal,signal,29.629999999999654,0.16,29.469999999999658,53
2025-05-06 14:15:00+00:00,2025-05-06 20:45:00+00:00,long,1.0,3394.5,3418.38,signal,signal,23.88000000000011,0.16,23.720000000000113,78
2025-05-07 10:20:00+00:00,2025-05-07 17:15:00+00:00,short,1.0,3378.46,3383.34,signal,signal,-4.880000000000109,0.16,-5.040000000000109,83
2025-05-08 07:00:00+00:00,2025-05-08 13:55:00+00:00,short,1.0,3355.55,3351.14,signal,signal,4.410000000000309,0.16,4.250000000000309,83
2025-05-08 16:40:00+00:00,2025-05-08 20:45:00+00:00,short,1.0,3345.02,3302.33,signal,signal,42.690000000000055,0.16,42.53000000000006,49
2025-05-09 00:05:00+00:00,2025-05-09 00:40:00+00:00,short,1.0,3318.49,3315.37,signal,signal,3.119999999999891,0.16,2.9599999999998907,7
2025-05-09 10:15:00+00:00,2025-05-09 17:10:00+00:00,short,1.0,3327.15,3344.45,signal,signal,-17.299999999999727,0.16,-17.459999999999724,83
2025-05-12 07:05:00+00:00,2025-05-12 14:00:00+00:00,short,1.0,3278.22,3233.79,signal,signal,44.429999999999836,0.16,44.26999999999984,83
2025-05-12 14:10:00+00:00,2025-05-12 20:45:00+00:00,long,1.0,3241.31,3234.96,signal,signal,-6.349999999999909,0.16,-6.509999999999909,79
2025-05-20 13:35:00+00:00,2025-05-20 20:30:00+00:00,long,1.0,3248.16,3289.68,signal,signal,41.51999999999998,0.16,41.359999999999985,83
2025-05-23 13:05:00+00:00,2025-05-23 20:00:00+00:00,long,1.0,3348.94,3362.09,signal,signal,13.150000000000091,0.16,12.99000000000009,83
2025-05-29 13:20:00+00:00,2025-05-29 20:15:00+00:00,long,1.0,3308.84,3319.56,signal,signal,10.7199999999998,0.16,10.5599999999998,83
2025-06-04 15:40:00+00:00,2025-06-04 20:45:00+00:00,long,1.0,3378.65,3372.14,signal,signal,-6.510000000000218,0.16,-6.670000000000218,61
2025-06-09 17:25:00+00:00,2025-06-09 20:45:00+00:00,long,1.0,3334.33,3328.13,signal,signal,-6.199999999999818,0.16,-6.359999999999818,40
2025-06-10 00:05:00+00:00,2025-06-10 01:25:00+00:00,long,1.0,3324.78,3322.78,signal,signal,-2.0,0.16,-2.16,16
2025-06-10 20:35:00+00:00,2025-06-10 20:45:00+00:00,long,1.0,3333.49,3333.56,signal,signal,0.07000000000016371,0.16,-0.0899999999998363,2
2025-06-11 00:05:00+00:00,2025-06-11 04:35:00+00:00,long,1.0,3324.1,3341.07,signal,signal,16.970000000000255,0.16,16.810000000000258,54
2025-06-11 13:35:00+00:00,2025-06-11 20:30:00+00:00,long,1.0,3355.67,3345.13,signal,signal,-10.539999999999964,0.16,-10.699999999999964,83
2025-06-13 14:05:00+00:00,2025-06-13 20:35:00+00:00,long,1.0,3439.19,3434.69,signal,signal,-4.5,0.16,-4.66,78
2025-06-20 14:40:00+00:00,2025-06-20 20:35:00+00:00,long,1.0,3364.26,3368.24,signal,signal,3.9799999999995634,0.16,3.8199999999995633,71
2025-06-23 13:00:00+00:00,2025-06-23 19:55:00+00:00,long,1.0,3380.76,3380.39,signal,signal,-0.3700000000003456,0.16,-0.5300000000003456,83
2025-06-24 20:40:00+00:00,2025-06-24 20:45:00+00:00,long,1.0,3323.82,3324.68,signal,signal,0.8599999999996726,0.16,0.6999999999996727,1
2025-06-25 00:05:00+00:00,2025-06-25 04:40:00+00:00,long,1.0,3322.51,3328.73,signal,signal,6.2199999999998,0.16,6.0599999999998,55
2025-06-26 13:30:00+00:00,2025-06-26 20:25:00+00:00,long,1.0,3342.99,3329.65,signal,signal,-13.33999999999969,0.16,-13.499999999999691,83
2025-06-30 20:15:00+00:00,2025-06-30 20:45:00+00:00,long,1.0,3303.15,3305.9,signal,signal,2.75,0.16,2.59,6
2025-07-01 00:05:00+00:00,2025-07-01 04:15:00+00:00,long,1.0,3310.23,3317.39,signal,signal,7.1599999999998545,0.16,6.999999999999854,50
2025-07-02 20:05:00+00:00,2025-07-02 20:45:00+00:00,long,1.0,3356.37,3356.81,signal,signal,0.44000000000005457,0.16,0.28000000000005454,8
2025-07-03 00:05:00+00:00,2025-07-03 04:05:00+00:00,long,1.0,3358.99,3350.38,signal,signal,-8.609999999999673,0.16,-8.769999999999673,48
2025-07-07 18:15:00+00:00,2025-07-07 20:45:00+00:00,long,1.0,3331.23,3339.7,signal,signal,8.4699999999998,0.16,8.3099999999998,30
2025-07-08 00:05:00+00:00,2025-07-08 02:15:00+00:00,long,1.0,3336.63,3331.54,signal,signal,-5.0900000000001455,0.16,-5.250000000000146,26
2025-07-10 20:05:00+00:00,2025-07-10 20:45:00+00:00,long,1.0,3322.61,3323.4,signal,signal,0.7899999999999636,0.16,0.6299999999999637,8
2025-07-11 00:05:00+00:00,2025-07-11 04:05:00+00:00,long,1.0,3323.68,3333.42,signal,signal,9.740000000000236,0.16,9.580000000000236,48
2025-07-16 16:10:00+00:00,2025-07-16 20:45:00+00:00,long,1.0,3351.39,3347.07,signal,signal,-4.319999999999709,0.16,-4.479999999999709,55
2025-07-17 00:05:00+00:00,2025-07-17 00:10:00+00:00,long,1.0,3349.25,3349.11,signal,signal,-0.13999999999987267,0.16,-0.2999999999998727,1
2025-07-21 13:00:00+00:00,2025-07-21 19:55:00+00:00,long,1.0,3375.38,3394.46,signal,signal,19.079999999999927,0.16,18.91999999999993,83
2025-07-22 13:25:00+00:00,2025-07-22 20:20:00+00:00,long,1.0,3400.08,3431.66,signal,signal,31.579999999999927,0.16,31.41999999999993,83
2025-07-29 00:05:00+00:00,2025-07-29 04:55:00+00:00,long,1.0,3313.18,3314.21,signal,signal,1.0300000000002,0.16,0.8700000000002002,58
2025-08-01 13:35:00+00:00,2025-08-01 20:30:00+00:00,long,1.0,3328.13,3351.12,signal,signal,22.98999999999978,0.16,22.829999999999785,83
2025-08-04 00:05:00+00:00,2025-08-04 04:40:00+00:00,long,1.0,3358.73,3357.02,signal,signal,-1.7100000000000364,0.16,-1.8700000000000365,55
2025-08-04 14:50:00+00:00,2025-08-04 20:45:00+00:00,long,1.0,3381.63,3376.09,signal,signal,-5.539999999999964,0.16,-5.699999999999964,71
2025-08-05 14:35:00+00:00,2025-08-05 20:45:00+00:00,long,1.0,3376.13,3379.61,signal,signal,3.480000000000018,0.16,3.320000000000018,74
2025-08-07 20:35:00+00:00,2025-08-07 20:45:00+00:00,long,1.0,3396.83,3399.57,signal,signal,2.7400000000002365,0.16,2.5800000000002363,2
2025-08-08 00:05:00+00:00,2025-08-08 04:35:00+00:00,long,1.0,3402.21,3392.96,signal,signal,-9.25,0.16,-9.41,54
2025-08-08 13:35:00+00:00,2025-08-08 20:30:00+00:00,long,1.0,3398.88,3394.28,signal,signal,-4.599999999999909,0.16,-4.759999999999909,83
2025-08-12 16:30:00+00:00,2025-08-12 20:45:00+00:00,long,1.0,3354.77,3347.88,signal,signal,-6.889999999999873,0.16,-7.049999999999873,51
2025-08-13 00:05:00+00:00,2025-08-13 00:30:00+00:00,long,1.0,3351.19,3351.46,signal,signal,0.2699999999999818,0.16,0.10999999999998179,5
2025-08-20 13:05:00+00:00,2025-08-20 20:00:00+00:00,long,1.0,3334.52,3345.77,signal,signal,11.25,0.16,11.09,83
2025-08-21 13:10:00+00:00,2025-08-21 20:05:00+00:00,long,1.0,3341.0,3339.3,signal,signal,-1.699999999999818,0.16,-1.8599999999998182,83
2025-08-22 15:05:00+00:00,2025-08-22 20:35:00+00:00,long,1.0,3348.03,3369.74,signal,signal,21.70999999999958,0.16,21.549999999999585,66
2025-08-26 20:10:00+00:00,2025-08-26 20:45:00+00:00,long,1.0,3387.79,3389.04,signal,signal,1.25,0.16,1.0899999999999999,7
2025-08-27 00:05:00+00:00,2025-08-27 04:10:00+00:00,long,1.0,3390.99,3384.02,signal,signal,-6.9699999999998,0.16,-7.1299999999998,49
2025-08-27 17:40:00+00:00,2025-08-27 20:45:00+00:00,long,1.0,3394.88,3395.5,signal,signal,0.6199999999998909,0.16,0.4599999999998909,37
2025-08-28 00:05:00+00:00,2025-08-28 01:40:00+00:00,long,1.0,3398.14,3396.06,signal,signal,-2.0799999999999272,0.16,-2.2399999999999274,19
2025-08-28 13:10:00+00:00,2025-08-28 20:05:00+00:00,long,1.0,3408.11,3419.94,signal,signal,11.829999999999927,0.16,11.669999999999927,83
2025-08-29 14:05:00+00:00,2025-08-29 20:35:00+00:00,long,1.0,3417.43,3446.14,signal,signal,28.710000000000036,0.16,28.55000000000004,78
2025-09-02 13:05:00+00:00,2025-09-02 20:00:00+00:00,long,1.0,3493.23,3528.4,signal,signal,35.17000000000007,0.16,35.010000000000076,83
2025-09-02 20:15:00+00:00,2025-09-02 20:45:00+00:00,long,1.0,3535.94,3539.06,signal,signal,3.119999999999891,0.16,2.9599999999998907,6
2025-09-03 00:05:00+00:00,2025-09-03 04:15:00+00:00,long,1.0,3530.25,3530.92,signal,signal,0.6700000000000728,0.16,0.5100000000000728,50
2025-09-04 13:20:00+00:00,2025-09-04 20:15:00+00:00,long,1.0,3547.63,3547.47,signal,signal,-0.16000000000030923,0.16,-0.32000000000030926,83
2025-09-05 13:35:00+00:00,2025-09-05 20:30:00+00:00,long,1.0,3577.24,3593.67,signal,signal,16.43000000000029,0.16,16.270000000000294,83
2025-09-08 14:05:00+00:00,2025-09-08 20:45:00+00:00,long,1.0,3625.86,3635.77,signal,signal,9.909999999999854,0.16,9.749999999999854,80
2025-09-11 13:35:00+00:00,2025-09-11 20:30:00+00:00,long,1.0,3638.95,3634.79,signal,signal,-4.1599999999998545,0.16,-4.319999999999855,83
2025-09-15 14:40:00+00:00,2025-09-15 20:45:00+00:00,long,1.0,3661.85,3682.16,signal,signal,20.309999999999945,0.16,20.14999999999995,73
2025-09-19 18:50:00+00:00,2025-09-19 20:35:00+00:00,long,1.0,3676.77,3681.76,signal,signal,4.9900000000002365,0.16,4.830000000000236,21
2025-09-22 00:05:00+00:00,2025-09-22 02:55:00+00:00,long,1.0,3688.56,3687.64,signal,signal,-0.9200000000000728,0.16,-1.080000000000073,34
2025-09-24 10:45:00+00:00,2025-09-24 17:40:00+00:00,short,1.0,3767.86,3739.82,signal,signal,28.039999999999964,0.16,27.879999999999967,83
2025-09-25 19:40:00+00:00,2025-09-25 20:45:00+00:00,long,1.0,3755.18,3747.48,signal,signal,-7.699999999999818,0.16,-7.859999999999818,13
2025-09-26 00:05:00+00:00,2025-09-26 03:40:00+00:00,long,1.0,3749.51,3741.7,signal,signal,-7.8100000000004,0.16,-7.9700000000004,43
2025-09-26 09:20:00+00:00,2025-09-26 15:10:00+00:00,short,1.0,3750.13,3774.38,signal,signal,-24.25,0.16,-24.409999999999997,70
2025-09-26 15:10:00+00:00,2025-09-26 20:35:00+00:00,long,1.0,3774.38,3770.91,signal,signal,-3.4700000000002547,0.16,-3.630000000000255,65
2025-09-29 09:45:00+00:00,2025-09-29 13:00:00+00:00,short,1.0,3816.34,3828.95,signal,signal,-12.609999999999673,0.16,-12.769999999999673,39
2025-09-29 13:00:00+00:00,2025-09-29 15:00:00+00:00,long,1.0,3828.95,3821.42,signal,signal,-7.529999999999745,0.16,-7.6899999999997455,24
2025-09-29 15:00:00+00:00,2025-09-29 20:45:00+00:00,short,1.0,3821.42,3829.49,signal,signal,-8.069999999999709,0.16,-8.229999999999709,69
2025-09-30 09:15:00+00:00,2025-09-30 15:15:00+00:00,short,1.0,3837.94,3843.8,signal,signal,-5.860000000000127,0.16,-6.0200000000001275,72
2025-09-30 15:15:00+00:00,2025-09-30 20:45:00+00:00,long,1.0,3843.8,3855.09,signal,signal,11.289999999999964,0.16,11.129999999999963,66
2025-10-01 08:05:00+00:00,2025-10-01 15:00:00+00:00,short,1.0,3861.23,3872.94,signal,signal,-11.710000000000036,0.16,-11.870000000000037,83
2025-10-01 15:20:00+00:00,2025-10-01 20:45:00+00:00,short,1.0,3872.99,3869.17,signal,signal,3.819999999999709,0.16,3.659999999999709,65
2025-10-02 16:35:00+00:00,2025-10-02 20:45:00+00:00,short,1.0,3828.74,3856.24,signal,signal,-27.5,0.16,-27.659999999999997,50
2025-10-03 00:05:00+00:00,2025-10-03 00:35:00+00:00,short,1.0,3858.22,3859.93,signal,signal,-1.7100000000000364,0.16,-1.8700000000000365,6
2025-10-03 14:25:00+00:00,2025-10-03 16:50:00+00:00,long,1.0,3882.53,3887.03,signal,signal,4.5,0.16,4.34,29
2025-10-03 16:50:00+00:00,2025-10-03 20:35:00+00:00,short,1.0,3887.03,3887.84,signal,signal,-0.8099999999999454,0.16,-0.9699999999999454,45
2025-10-06 00:05:00+00:00,2025-10-06 00:55:00+00:00,short,1.0,3918.18,3908.95,signal,signal,9.230000000000018,0.16,9.070000000000018,10
2025-10-06 08:15:00+00:00,2025-10-06 15:10:00+00:00,short,1.0,3934.87,3948.41,signal,signal,-13.539999999999964,0.16,-13.699999999999964,83
2025-10-07 07:50:00+00:00,2025-10-07 14:10:00+00:00,short,1.0,3959.66,3984.64,signal,signal,-24.980000000000018,0.16,-25.140000000000015,76
2025-10-07 14:10:00+00:00,2025-10-07 20:45:00+00:00,long,1.0,3984.64,3980.75,signal,signal,-3.8899999999998727,0.16,-4.049999999999873,79
2025-10-08 13:00:00+00:00,2025-10-08 19:55:00+00:00,short,1.0,4038.07,4049.03,signal,signal,-10.960000000000036,0.16,-11.120000000000037,83
2025-10-09 08:35:00+00:00,2025-10-09 15:30:00+00:00,short,1.0,4028.67,4006.66,signal,signal,22.01000000000022,0.16,21.85000000000022,83
2025-10-09 16:15:00+00:00,2025-10-09 20:45:00+00:00,short,1.0,4025.37,3979.09,signal,signal,46.279999999999745,0.16,46.11999999999975,54
2025-10-10 00:05:00+00:00,2025-10-10 00:15:00+00:00,short,1.0,3975.64,3975.05,signal,signal,0.5899999999996908,0.16,0.4299999999996908,2
2025-10-10 08:25:00+00:00,2025-10-10 15:20:00+00:00,short,1.0,3963.18,3984.56,signal,signal,-21.38000000000011,0.16,-21.540000000000106,83
2025-10-13 08:40:00+00:00,2025-10-13 15:35:00+00:00,short,1.0,4072.19,4097.34,signal,signal,-25.15000000000009,0.16,-25.310000000000088,83
2025-10-13 17:15:00+00:00,2025-10-13 20:45:00+00:00,long,1.0,4115.77,4105.15,signal,signal,-10.6200000000008,0.16,-10.7800000000008,42
2025-10-14 00:05:00+00:00,2025-10-14 01:15:00+00:00,long,1.0,4115.07,4123.28,signal,signal,8.210000000000036,0.16,8.050000000000036,14
2025-10-14 08:25:00+00:00,2025-10-14 15:20:00+00:00,short,1.0,4121.59,4130.36,signal,signal,-8.769999999999527,0.16,-8.929999999999527,83
2025-10-15 11:20:00+00:00,2025-10-15 18:15:00+00:00,short,1.0,4202.8,4185.5,signal,signal,17.300000000000182,0.16,17.140000000000185,83
2025-10-16 07:40:00+00:00,2025-10-16 14:35:00+00:00,short,1.0,4222.46,4248.19,signal,signal,-25.729999999999563,0.16,-25.88999999999956,83
2025-10-17 08:05:00+00:00,2025-10-17 15:00:00+00:00,short,1.0,4353.3,4273.8,signal,signal,79.5,0.16,79.34,83
2025-10-17 15:55:00+00:00,2025-10-17 20:35:00+00:00,short,1.0,4259.87,4227.04,signal,signal,32.82999999999993,0.16,32.66999999999993,56
2025-10-20 07:45:00+00:00,2025-10-20 13:20:00+00:00,short,1.0,4234.19,4293.16,signal,signal,-58.970000000000255,0.16,-59.13000000000025,67
2025-10-20 13:20:00+00:00,2025-10-20 20:15:00+00:00,long,1.0,4293.16,4366.33,signal,signal,73.17000000000007,0.16,73.01000000000008,83
2025-10-21 07:00:00+00:00,2025-10-21 13:55:00+00:00,short,1.0,4323.17,4207.77,signal,signal,115.39999999999964,0.16,115.23999999999964,83
2025-10-21 14:20:00+00:00,2025-10-21 20:45:00+00:00,short,1.0,4203.8,4110.54,signal,signal,93.26000000000022,0.16,93.10000000000022,77
2025-10-22 10:00:00+00:00,2025-10-22 16:55:00+00:00,short,1.0,4070.54,4038.48,signal,signal,32.059999999999945,0.16,31.89999999999995,83
2025-10-22 20:30:00+00:00,2025-10-22 20:45:00+00:00,long,1.0,4105.46,4103.3,signal,signal,-2.1599999999998545,0.16,-2.3199999999998546,3
2025-10-23 00:05:00+00:00,2025-10-23 04:30:00+00:00,long,1.0,4101.55,4095.42,signal,signal,-6.130000000000109,0.16,-6.290000000000109,53
2025-10-23 09:15:00+00:00,2025-10-23 14:30:00+00:00,short,1.0,4111.33,4147.29,signal,signal,-35.960000000000036,0.16,-36.12000000000003,63
2025-10-23 14:30:00+00:00,2025-10-23 20:45:00+00:00,long,1.0,4147.29,4119.78,signal,signal,-27.51000000000022,0.16,-27.670000000000215,75
2025-10-24 07:00:00+00:00,2025-10-24 13:35:00+00:00,short,1.0,4104.44,4089.39,signal,signal,15.049999999999727,0.16,14.889999999999727,79
2025-10-24 13:35:00+00:00,2025-10-24 20:30:00+00:00,long,1.0,4089.39,4113.05,signal,signal,23.66000000000031,0.16,23.500000000000313,83
2025-10-27 09:10:00+00:00,2025-10-27 16:05:00+00:00,short,1.0,4065.97,3980.24,signal,signal,85.73000000000002,0.16,85.57000000000002,83
2025-10-30 20:10:00+00:00,2025-10-30 20:45:00+00:00,long,1.0,4025.09,4024.73,signal,signal,-0.36000000000012733,0.16,-0.5200000000001274,7
2025-10-31 00:05:00+00:00,2025-10-31 04:10:00+00:00,long,1.0,4032.1,4007.43,signal,signal,-24.670000000000073,0.16,-24.83000000000007,49
2025-10-31 13:40:00+00:00,2025-10-31 20:35:00+00:00,long,1.0,4026.05,3998.01,signal,signal,-28.039999999999964,0.16,-28.19999999999996,83
2025-11-07 16:35:00+00:00,2025-11-07 20:35:00+00:00,long,1.0,4017.99,3997.66,signal,signal,-20.329999999999927,0.16,-20.489999999999924,48
2025-11-10 00:05:00+00:00,2025-11-10 00:40:00+00:00,long,1.0,4016.85,4012.55,signal,signal,-4.299999999999727,0.16,-4.459999999999727,7
2025-11-10 13:05:00+00:00,2025-11-10 20:00:00+00:00,long,1.0,4104.94,4113.22,signal,signal,8.280000000000655,0.16,8.120000000000655,83
2025-11-12 15:15:00+00:00,2025-11-12 20:45:00+00:00,long,1.0,4161.84,4195.62,signal,signal,33.779999999999745,0.16,33.61999999999975,66
2025-11-18 13:40:00+00:00,2025-11-18 20:35:00+00:00,long,1.0,4065.91,4071.81,signal,signal,5.900000000000091,0.16,5.740000000000091,83
2025-11-20 13:05:00+00:00,2025-11-20 20:00:00+00:00,long,1.0,4087.77,4084.73,signal,signal,-3.0399999999999636,0.16,-3.1999999999999638,83
2025-11-21 16:55:00+00:00,2025-11-21 20:35:00+00:00,long,1.0,4093.75,4063.54,signal,signal,-30.210000000000036,0.16,-30.370000000000033,44
2025-11-24 00:05:00+00:00,2025-11-24 01:00:00+00:00,long,1.0,4069.66,4067.54,signal,signal,-2.119999999999891,0.16,-2.279999999999891,11
2025-11-24 18:40:00+00:00,2025-11-24 20:45:00+00:00,long,1.0,4111.68,4131.51,signal,signal,19.829999999999927,0.16,19.66999999999993,25
2025-11-25 00:05:00+00:00,2025-11-25 02:40:00+00:00,long,1.0,4139.64,4148.96,signal,signal,9.319999999999709,0.16,9.159999999999709,31
2025-11-28 14:00:00+00:00,2025-11-30 23:05:00+00:00,long,1.0,4182.49,4209.19,signal,session,26.699999999999818,0.16,26.53999999999982,69
2025-12-01 00:05:00+00:00,2025-12-01 00:15:00+00:00,long,1.0,4221.56,4223.01,signal,signal,1.449999999999818,0.16,1.289999999999818,2
2025-12-02 13:05:00+00:00,2025-12-02 20:00:00+00:00,long,1.0,4211.52,4196.6,signal,signal,-14.920000000000073,0.16,-15.080000000000073,83
2025-12-02 20:40:00+00:00,2025-12-02 20:45:00+00:00,long,1.0,4210.18,4210.09,signal,signal,-0.09000000000014552,0.16,-0.25000000000014555,1
2025-12-03 00:05:00+00:00,2025-12-03 04:40:00+00:00,long,1.0,4209.83,4222.81,signal,signal,12.980000000000473,0.16,12.820000000000473,55
2025-12-03 13:25:00+00:00,2025-12-03 20:20:00+00:00,long,1.0,4220.23,4210.35,signal,signal,-9.8799999999992,0.16,-10.0399999999992,83
2025-12-05 13:30:00+00:00,2025-12-05 20:25:00+00:00,long,1.0,4232.99,4206.49,signal,signal,-26.5,0.16,-26.659999999999997,83
2025-12-10 19:05:00+00:00,2025-12-10 20:45:00+00:00,long,1.0,4206.4,4232.62,signal,signal,26.220000000000255,0.16,26.060000000000258,20
2025-12-11 00:05:00+00:00,2025-12-11 03:05:00+00:00,long,1.0,4235.2,4220.9,signal,signal,-14.300000000000182,0.16,-14.460000000000182,36
2025-12-11 14:40:00+00:00,2025-12-11 20:45:00+00:00,long,1.0,4239.79,4273.59,signal,signal,33.80000000000018,0.16,33.640000000000185,73
2025-12-16 13:00:00+00:00,2025-12-16 19:55:00+00:00,long,1.0,4294.54,4313.26,signal,signal,18.720000000000255,0.16,18.560000000000258,83
2025-12-17 13:15:00+00:00,2025-12-17 20:10:00+00:00,long,1.0,4323.25,4336.76,signal,signal,13.510000000000218,0.16,13.350000000000218,83
2025-12-18 13:35:00+00:00,2025-12-18 20:30:00+00:00,long,1.0,4329.65,4332.46,signal,signal,2.8100000000004,0.16,2.6500000000004,83
2025-12-22 13:05:00+00:00,2025-12-22 20:00:00+00:00,long,1.0,4417.93,4433.69,signal,signal,15.759999999999309,0.16,15.599999999999309,83
2025-12-23 13:05:00+00:00,2025-12-23 20:00:00+00:00,long,1.0,4493.08,4490.88,signal,signal,-2.199999999999818,0.16,-2.3599999999998182,83
2025-12-31 13:50:00+00:00,2025-12-31 20:45:00+00:00,long,1.0,4339.61,4321.09,signal,signal,-18.519999999999527,0.16,-18.679999999999524,83
2026-01-05 15:05:00+00:00,2026-01-05 20:45:00+00:00,long,1.0,4452.04,4438.09,signal,signal,-13.949999999999818,0.16,-14.109999999999818,68
2026-01-08 20:30:00+00:00,2026-01-08 20:45:00+00:00,long,1.0,4470.72,4473.68,signal,signal,2.9600000000000364,0.16,2.8000000000000362,3
2026-01-09 00:05:00+00:00,2026-01-09 04:25:00+00:00,long,1.0,4474.74,4463.98,signal,signal,-10.760000000000218,0.16,-10.920000000000218,52
2026-01-12 13:10:00+00:00,2026-01-12 20:05:00+00:00,long,1.0,4601.28,4604.13,signal,signal,2.850000000000364,0.16,2.6900000000003637,83
2026-01-13 13:00:00+00:00,2026-01-13 19:55:00+00:00,long,1.0,4593.47,4596.0,signal,signal,2.5299999999997453,0.16,2.369999999999745,83
2026-01-22 14:35:00+00:00,2026-01-22 20:45:00+00:00,long,1.0,4842.49,4922.77,signal,signal,80.28000000000065,0.16,80.12000000000066,74
2026-01-27 20:05:00+00:00,2026-01-27 20:45:00+00:00,long,1.0,5119.05,5142.41,signal,signal,23.359999999999673,0.16,23.199999999999676,8
2026-01-28 00:05:00+00:00,2026-01-28 04:00:00+00:00,long,1.0,5159.89,5235.14,signal,signal,75.25,0.16,75.09,47
2026-01-28 10:35:00+00:00,2026-01-28 17:30:00+00:00,short,1.0,5273.72,5302.75,signal,signal,-29.029999999999745,0.16,-29.189999999999742,83
2026-01-28 20:35:00+00:00,2026-01-28 20:45:00+00:00,long,1.0,5358.89,5384.22,signal,signal,25.329999999999927,0.16,25.16999999999993,2
2026-01-29 00:05:00+00:00,2026-01-29 04:30:00+00:00,long,1.0,5484.87,5546.88,signal,signal,62.01000000000022,0.16,61.85000000000022,53
2026-01-29 08:25:00+00:00,2026-01-29 15:20:00+00:00,short,1.0,5530.28,5333.23,signal,signal,197.05000000000018,0.16,196.89000000000016,83
2026-01-29 16:30:00+00:00,2026-01-29 20:45:00+00:00,short,1.0,5289.97,5353.83,signal,signal,-63.85999999999967,0.16,-64.01999999999967,51
2026-01-30 00:05:00+00:00,2026-01-30 00:25:00+00:00,short,1.0,5435.46,5438.03,signal,signal,-2.569999999999709,0.16,-2.729999999999709,4
2026-01-30 07:25:00+00:00,2026-01-30 14:20:00+00:00,short,1.0,5179.01,5054.51,signal,signal,124.5,0.16,124.34,83
2026-02-02 14:50:00+00:00,2026-02-02 20:45:00+00:00,short,1.0,4732.8,4680.26,signal,signal,52.539999999999964,0.16,52.37999999999997,71
2026-02-04 10:05:00+00:00,2026-02-04 17:00:00+00:00,short,1.0,5051.48,4904.07,signal,signal,147.40999999999985,0.16,147.24999999999983,83
2026-02-06 13:05:00+00:00,2026-02-06 20:00:00+00:00,long,1.0,4926.38,4956.49,signal,signal,30.109999999999673,0.16,29.949999999999676,83
2026-02-11 00:05:00+00:00,2026-02-11 04:45:00+00:00,long,1.0,5039.23,5052.23,signal,signal,13.0,0.16,12.84,56
2026-02-11 09:15:00+00:00,2026-02-11 16:10:00+00:00,short,1.0,5051.67,5053.84,signal,signal,-2.1700000000000728,0.16,-2.330000000000073,83
2026-02-12 07:15:00+00:00,2026-02-12 14:10:00+00:00,short,1.0,5063.04,5075.7,signal,signal,-12.659999999999854,0.16,-12.819999999999855,83
2026-02-12 16:00:00+00:00,2026-02-12 20:45:00+00:00,short,1.0,5060.42,4921.52,signal,signal,138.89999999999964,0.16,138.7399999999996,54
2026-02-13 00:05:00+00:00,2026-02-13 00:10:00+00:00,short,1.0,4926.28,4943.45,signal,signal,-17.170000000000073,0.16,-17.33000000000007,1
2026-02-13 07:30:00+00:00,2026-02-13 14:25:00+00:00,short,1.0,4968.5,5001.42,signal,signal,-32.92000000000007,0.16,-33.08000000000007,83
2026-02-16 12:05:00+00:00,2026-02-16 19:00:00+00:00,short,1.0,5002.8,4994.68,signal,signal,8.11999999999989,0.16,7.959999999999891,83
2026-02-17 07:05:00+00:00,2026-02-17 14:00:00+00:00,short,1.0,4910.96,4869.9,signal,signal,41.0600000000004,0.16,40.900000000000404,83
2026-02-17 14:20:00+00:00,2026-02-17 20:45:00+00:00,short,1.0,4893.28,4879.17,signal,signal,14.109999999999673,0.16,13.949999999999672,77
2026-02-18 09:15:00+00:00,2026-02-18 13:00:00+00:00,short,1.0,4917.11,4943.52,signal,signal,-26.410000000000764,0.16,-26.57000000000076,45
2026-02-18 13:00:00+00:00,2026-02-18 19:55:00+00:00,long,1.0,4943.52,4980.45,signal,signal,36.92999999999938,0.16,36.769999999999385,83
2026-02-19 10:50:00+00:00,2026-02-19 17:45:00+00:00,short,1.0,4990.16,4993.15,signal,signal,-2.9899999999997817,0.16,-3.149999999999782,83
2026-02-23 14:40:00+00:00,2026-02-23 20:45:00+00:00,long,1.0,5184.08,5227.66,signal,signal,43.57999999999993,0.16,43.41999999999993,73
2026-02-24 18:05:00+00:00,2026-02-24 20:45:00+00:00,long,1.0,5167.29,5172.03,signal,signal,4.739999999999782,0.16,4.579999999999782,32
2026-02-25 00:05:00+00:00,2026-02-25 02:00:00+00:00,long,1.0,5140.33,5176.86,signal,signal,36.529999999999745,0.16,36.36999999999975,23
2026-02-27 13:10:00+00:00,2026-02-27 20:05:00+00:00,long,1.0,5211.51,5248.93,signal,signal,37.42000000000007,0.16,37.260000000000076,83
2026-03-06 13:35:00+00:00,2026-03-06 20:30:00+00:00,long,1.0,5123.9,5153.88,signal,signal,29.980000000000473,0.16,29.820000000000476,83
2026-03-09 18:45:00+00:00,2026-03-09 20:45:00+00:00,long,1.0,5118.08,5139.28,signal,signal,21.199999999999818,0.16,21.03999999999982,24
