pair,exit,pnl,sharpe,maxdd,trades,wr,pf,avg_hold,med_hold,worst,n_trail,n_stop,n_be,n_tp,n_sess
long:di_ratio:W2016:T1.5:H84:none:all + short:aroon_down_25:W2016:T1.5:H12:trend_not_choppy:overlap,none,2281.8,2.137,-271.41,1378,49.6,1.372,53.4,63,-120.84,0,0,0,0,4
long:di_ratio:W2016:T1.5:H84:none:all + short:aroon_down_25:W2016:T1.5:H12:trend_not_choppy:overlap,stop2,-331.0,-0.389,-746.09,1378,31.3,0.947,25.2,11,-76.34,0,839,0,0,2
long:di_ratio:W2016:T1.5:H84:none:all + short:aroon_down_25:W2016:T1.5:H12:trend_not_choppy:overlap,stop2_5,-188.83,-0.213,-647.38,1378,34.5,0.971,29.2,13,-83.62,0,740,0,0,3
long:di_ratio:W2016:T1.5:H84:none:all + short:aroon_down_25:W2016:T1.5:H12:trend_not_choppy:overlap,trail3,-2046.31,-3.14,-2073.95,1378,32.7,0.613,13.7,10,-76.34,1139,0,0,0,0
long:di_ratio:W2016:T1.5:H84:none:all + short:aroon_down_25:W2016:T1.5:H12:trend_not_choppy:overlap,trail4,-1209.89,-1.587,-1240.82,1378,37.6,0.794,22.1,13,-86.93,956,0,0,0,1
long:di_ratio:W2016:T1.5:H84:none:all + short:aroon_down_25:W2016:T1.5:H12:trend_not_choppy:overlap,target3,-1483.29,-1.883,-1521.2,1378,57.7,0.707,27.5,13,-120.84,0,0,0,720,2
long:di_ratio:W2016:T1.5:H84:none:all + short:aroon_down_25:W2016:T1.5:H12:trend_not_choppy:overlap,stop2_trail3,-1959.84,-3.127,-1965.93,1378,31.1,0.613,12.2,8,-76.34,634,540,0,0,0
long:di_ratio:W2016:T1.5:H84:none:all + short:aroon_down_25:W2016:T1.5:H12:trend_not_choppy:overlap,stop1,-757.55,-1.111,-870.84,1378,19.2,0.842,14.3,4,-60.49,0,1094,0,0,1
long:di_ratio:W2016:T1.5:H84:none:all + short:aroon_down_25:W2016:T1.5:H12:trend_not_choppy:overlap,stop1_5,-431.66,-0.546,-741.5,1378,26.3,0.922,20.3,9,-60.49,0,957,0,0,1
long:di_ratio:W2016:T1.5:H84:none:all + short:aroon_down_25:W2016:T1.5:H12:trend_not_choppy:overlap,trail1,-2994.16,-12.791,-2994.16,1378,6.5,0.039,0.8,0,-42.88,1369,0,0,0,0
long:di_ratio:W2016:T1.5:H84:none:all + short:aroon_down_25:W2016:T1.5:H12:trend_not_choppy:overlap,trail1_5,-3007.76,-9.182,-3009.13,1378,17.0,0.193,3.0,2,-60.49,1346,0,0,0,0
long:di_ratio:W2016:T1.5:H84:none:all + short:aroon_down_25:W2016:T1.5:H12:trend_not_choppy:overlap,trail2,-2917.64,-6.602,-2918.89,1378,25.3,0.328,6.1,4,-60.49,1299,0,0,0,0
long:di_ratio:W2016:T1.5:H84:none:all + short:aroon_down_25:W2016:T1.5:H12:trend_not_choppy:overlap,trailtp05,-3449.02,-6.742,-3480.97,1378,29.0,0.101,11.5,3,-120.84,1108,0,0,0,0
long:di_ratio:W2016:T1.5:H84:none:all + short:aroon_down_25:W2016:T1.5:H12:trend_not_choppy:overlap,trailtp10,-3483.01,-6.664,-3515.31,1378,24.5,0.111,11.8,4,-120.84,1103,0,0,0,0
long:di_ratio:W2016:T1.5:H84:none:all + short:aroon_down_25:W2016:T1.5:H12:trend_not_choppy:overlap,be10,-1495.19,-2.408,-1531.02,1378,9.1,0.527,16.9,7,-120.84,0,0,994,0,0
long:di_ratio:W2016:T1.5:H84:none:all + short:aroon_down_25:W2016:T1.5:H12:trend_not_choppy:overlap,be15,-652.74,-0.873,-719.99,1378,18.4,0.832,26.7,11,-120.84,0,0,775,0,1
long:di_ratio:W2016:T1.5:H84:none:all + short:aroon_down_25:W2016:T1.5:H12:trend_not_choppy:overlap,stop1_5_trail2,-2937.62,-6.961,-2938.87,1378,24.6,0.313,5.7,3,-60.49,809,501,0,0,0
long:di_ratio:W2016:T1.5:H84:none:all + short:aroon_down_25:W2016:T1.5:H12:trend_not_choppy:overlap,be10_trail3,-2585.63,-5.691,-2617.12,1378,11.0,0.296,7.3,4,-76.34,528,0,729,0,0
long:di_ratio:W2016:T1.5:H84:none:all + short:close_vs_ema200:W6048:T1.5:H12:trend_not_choppy:overlap,none,2454.8,2.288,-251.76,1232,51.1,1.441,60.5,74,-120.84,0,0,0,0,4
long:di_ratio:W2016:T1.5:H84:none:all + short:close_vs_ema200:W6048:T1.5:H12:trend_not_choppy:overlap,stop2,-301.55,-0.36,-863.52,1232,30.1,0.946,27.8,13,-49.92,0,775,0,0,2
long:di_ratio:W2016:T1.5:H84:none:all + short:close_vs_ema200:W6048:T1.5:H12:trend_not_choppy:overlap,stop2_5,-194.14,-0.222,-739.3,1232,33.4,0.968,32.2,19,-60.32,0,692,0,0,3
long:di_ratio:W2016:T1.5:H84:none:all + short:close_vs_ema200:W6048:T1.5:H12:trend_not_choppy:overlap,trail3,-1691.49,-2.777,-1734.2,1232,33.1,0.635,14.7,11,-71.68,1038,0,0,0,0
long:di_ratio:W2016:T1.5:H84:none:all + short:close_vs_ema200:W6048:T1.5:H12:trend_not_choppy:overlap,trail4,-1115.96,-1.539,-1176.86,1232,37.7,0.785,24.0,16,-86.93,899,0,0,0,1
long:di_ratio:W2016:T1.5:H84:none:all + short:close_vs_ema200:W6048:T1.5:H12:trend_not_choppy:overlap,target3,-1104.74,-1.463,-1275.4,1232,60.4,0.746,30.4,18,-120.84,0,0,0,687,2
long:di_ratio:W2016:T1.5:H84:none:all + short:close_vs_ema200:W6048:T1.5:H12:trend_not_choppy:overlap,stop2_trail3,-1605.52,-2.741,-1638.76,1232,31.5,0.636,13.1,9,-44.59,585,482,0,0,0
long:di_ratio:W2016:T1.5:H84:none:all + short:close_vs_ema200:W6048:T1.5:H12:trend_not_choppy:overlap,stop1,-572.65,-0.86,-752.95,1232,18.9,0.864,15.9,4,-44.59,0,977,0,0,1
long:di_ratio:W2016:T1.5:H84:none:all + short:close_vs_ema200:W6048:T1.5:H12:trend_not_choppy:overlap,stop1_5,-431.66,-0.561,-752.05,1232,25.4,0.913,22.5,10,-48.49,0,871,0,0,1
long:di_ratio:W2016:T1.5:H84:none:all + short:close_vs_ema200:W6048:T1.5:H12:trend_not_choppy:overlap,trail1,-2486.72,-12.285,-2486.72,1232,6.8,0.045,0.9,0,-38.08,1225,0,0,0,0
long:di_ratio:W2016:T1.5:H84:none:all + short:close_vs_ema200:W6048:T1.5:H12:trend_not_choppy:overlap,trail1_5,-2531.32,-8.388,-2535.4,1232,17.0,0.213,3.2,2,-38.08,1202,0,0,0,0
long:di_ratio:W2016:T1.5:H84:none:all + short:close_vs_ema200:W6048:T1.5:H12:trend_not_choppy:overlap,trail2,-2364.38,-5.787,-2374.01,1232,25.8,0.368,6.6,4,-41.45,1161,0,0,0,0
long:di_ratio:W2016:T1.5:H84:none:all + short:close_vs_ema200:W6048:T1.5:H12:trend_not_choppy:overlap,trailtp05,-2758.5,-5.738,-2790.94,1232,30.5,0.119,12.5,3,-120.84,1013,0,0,0,0
long:di_ratio:W2016:T1.5:H84:none:all + short:close_vs_ema200:W6048:T1.5:H12:trend_not_choppy:overlap,trailtp10,-2795.6,-5.656,-2828.39,1232,25.6,0.13,12.8,4,-120.84,1009,0,0,0,0
long:di_ratio:W2016:T1.5:H84:none:all + short:close_vs_ema200:W6048:T1.5:H12:trend_not_choppy:overlap,be10,-989.89,-1.672,-1029.4,1232,8.5,0.612,18.5,7,-120.84,0,0,919,0,0
long:di_ratio:W2016:T1.5:H84:none:all + short:close_vs_ema200:W6048:T1.5:H12:trend_not_choppy:overlap,be15,26.59,0.036,-432.97,1232,18.5,1.008,29.5,16,-120.84,0,0,721,0,1
long:di_ratio:W2016:T1.5:H84:none:all + short:close_vs_ema200:W6048:T1.5:H12:trend_not_choppy:overlap,stop1_5_trail2,-2292.4,-5.758,-2302.89,1232,25.2,0.37,6.1,4,-39.52,722,446,0,0,0
long:di_ratio:W2016:T1.5:H84:none:all + short:close_vs_ema200:W6048:T1.5:H12:trend_not_choppy:overlap,be10_trail3,-2041.79,-5.034,-2073.44,1232,10.9,0.338,7.7,4,-71.68,471,0,663,0,0
long:di_ratio:W2016:T1.5:H84:none:all + short:close_vs_ema200:W6048:T1.5:H12:none:overlap,none,2499.95,2.303,-258.42,1225,50.5,1.444,61.6,74,-120.84,0,0,0,0,4
long:di_ratio:W2016:T1.5:H84:none:all + short:close_vs_ema200:W6048:T1.5:H12:none:overlap,stop2,-130.26,-0.153,-710.8,1225,29.9,0.976,28.4,14,-49.92,0,777,0,0,2
long:di_ratio:W2016:T1.5:H84:none:all + short:close_vs_ema200:W6048:T1.5:H12:none:overlap,stop2_5,-132.2,-0.149,-722.74,1225,33.1,0.978,32.9,20,-60.32,0,701,0,0,3
long:di_ratio:W2016:T1.5:H84:none:all + short:close_vs_ema200:W6048:T1.5:H12:none:overlap,trail3,-1763.87,-2.909,-1807.12,1225,32.6,0.619,14.8,11,-71.68,1058,0,0,0,0
long:di_ratio:W2016:T1.5:H84:none:all + short:close_vs_ema200:W6048:T1.5:H12:none:overlap,trail4,-1198.06,-1.636,-1278.46,1225,37.1,0.772,24.3,17,-86.93,918,0,0,0,1
long:di_ratio:W2016:T1.5:H84:none:all + short:close_vs_ema200:W6048:T1.5:H12:none:overlap,target3,-1200.98,-1.579,-1393.61,1225,60.0,0.727,30.6,20,-120.84,0,0,0,700,2
long:di_ratio:W2016:T1.5:H84:none:all + short:close_vs_ema200:W6048:T1.5:H12:none:overlap,stop2_trail3,-1568.23,-2.689,-1620.11,1225,31.3,0.638,13.2,9,-44.59,599,480,0,0,0
long:di_ratio:W2016:T1.5:H84:none:all + short:close_vs_ema200:W6048:T1.5:H12:none:overlap,stop1,-531.2,-0.801,-767.68,1225,19.1,0.871,16.3,4,-44.59,0,972,0,0,1
long:di_ratio:W2016:T1.5:H84:none:all + short:close_vs_ema200:W6048:T1.5:H12:none:overlap,stop1_5,-204.11,-0.261,-595.57,1225,25.3,0.958,23.1,10,-48.49,0,872,0,0,1
long:di_ratio:W2016:T1.5:H84:none:all + short:close_vs_ema200:W6048:T1.5:H12:none:overlap,trail1,-2436.23,-12.257,-2436.23,1225,6.8,0.038,0.9,0,-38.08,1218,0,0,0,0
long:di_ratio:W2016:T1.5:H84:none:all + short:close_vs_ema200:W6048:T1.5:H12:none:overlap,trail1_5,-2495.93,-8.612,-2500.01,1225,16.8,0.201,3.2,2,-38.08,1198,0,0,0,0
long:di_ratio:W2016:T1.5:H84:none:all + short:close_vs_ema200:W6048:T1.5:H12:none:overlap,trail2,-2392.58,-5.92,-2401.9,1225,25.7,0.352,6.5,4,-41.45,1167,0,0,0,0
long:di_ratio:W2016:T1.5:H84:none:all + short:close_vs_ema200:W6048:T1.5:H12:none:overlap,trailtp05,-2843.13,-5.903,-2875.57,1225,30.4,0.109,12.5,3,-120.84,1016,0,0,0,0
long:di_ratio:W2016:T1.5:H84:none:all + short:close_vs_ema200:W6048:T1.5:H12:none:overlap,trailtp10,-2891.31,-5.843,-2924.1,1225,25.4,0.117,12.8,4,-120.84,1012,0,0,0,0
long:di_ratio:W2016:T1.5:H84:none:all + short:close_vs_ema200:W6048:T1.5:H12:none:overlap,be10,-1272.42,-2.213,-1311.93,1225,7.8,0.508,18.5,7,-120.84,0,0,930,0,0
long:di_ratio:W2016:T1.5:H84:none:all + short:close_vs_ema200:W6048:T1.5:H12:none:overlap,be15,-32.11,-0.043,-518.25,1225,17.5,0.99,29.8,17,-120.84,0,0,733,0,1
long:di_ratio:W2016:T1.5:H84:none:all + short:close_vs_ema200:W6048:T1.5:H12:none:overlap,stop1_5_trail2,-2296.57,-5.889,-2307.06,1225,25.1,0.358,6.1,4,-39.52,729,443,0,0,0
long:di_ratio:W2016:T1.5:H84:none:all + short:close_vs_ema200:W6048:T1.5:H12:none:overlap,be10_trail3,-2179.79,-5.617,-2211.44,1225,10.3,0.298,7.6,4,-71.68,475,0,672,0,0
long:plus_di_14:W6048:T2:H84:none:new_york + short:aroon_down_25:W2016:T1.5:H12:trend_not_choppy:overlap,none,1474.86,1.929,-196.49,699,50.4,1.52,31.7,11,-72.16,0,0,0,0,5
long:plus_di_14:W6048:T2:H84:none:new_york + short:aroon_down_25:W2016:T1.5:H12:trend_not_choppy:overlap,stop2,193.12,0.283,-458.97,699,37.3,1.059,16.6,11,-76.34,0,344,0,0,2
long:plus_di_14:W6048:T2:H84:none:new_york + short:aroon_down_25:W2016:T1.5:H12:trend_not_choppy:overlap,stop2_5,306.96,0.438,-413.48,699,40.8,1.091,19.3,11,-83.62,0,288,0,0,3
long:plus_di_14:W6048:T2:H84:none:new_york + short:aroon_down_25:W2016:T1.5:H12:trend_not_choppy:overlap,trail3,-1046.27,-1.956,-1129.34,699,33.6,0.643,10.3,8,-76.34,491,0,0,0,1
long:plus_di_14:W6048:T2:H84:none:new_york + short:aroon_down_25:W2016:T1.5:H12:trend_not_choppy:overlap,trail4,-398.95,-0.666,-678.92,699,39.9,0.871,14.9,11,-72.16,359,0,0,0,3
long:plus_di_14:W6048:T2:H84:none:new_york + short:aroon_down_25:W2016:T1.5:H12:trend_not_choppy:overlap,target3,-623.22,-1.118,-716.36,699,52.1,0.752,18.2,11,-72.16,0,0,0,283,4
long:plus_di_14:W6048:T2:H84:none:new_york + short:aroon_down_25:W2016:T1.5:H12:trend_not_choppy:overlap,stop2_trail3,-1190.4,-2.287,-1202.21,699,31.9,0.595,9.2,6,-76.34,266,251,0,0,1
long:plus_di_14:W6048:T2:H84:none:new_york + short:aroon_down_25:W2016:T1.5:H12:trend_not_choppy:overlap,stop1,-204.63,-0.357,-516.27,699,24.2,0.926,9.5,3,-60.49,0,511,0,0,1
long:plus_di_14:W6048:T2:H84:none:new_york + short:aroon_down_25:W2016:T1.5:H12:trend_not_choppy:overlap,stop1_5,68.97,0.106,-414.15,699,32.8,1.022,13.5,7,-60.49,0,415,0,0,1
long:plus_di_14:W6048:T2:H84:none:new_york + short:aroon_down_25:W2016:T1.5:H12:trend_not_choppy:overlap,trail1,-1911.93,-9.901,-1911.93,699,4.6,0.025,0.5,0,-42.88,691,0,0,0,0
long:plus_di_14:W6048:T2:H84:none:new_york + short:aroon_down_25:W2016:T1.5:H12:trend_not_choppy:overlap,trail1_5,-1944.67,-7.39,-1945.98,699,14.7,0.138,2.1,1,-60.49,669,0,0,0,0
long:plus_di_14:W6048:T2:H84:none:new_york + short:aroon_down_25:W2016:T1.5:H12:trend_not_choppy:overlap,trail2,-1890.14,-5.354,-1892.25,699,23.6,0.261,4.6,3,-60.49,623,0,0,0,0
long:plus_di_14:W6048:T2:H84:none:new_york + short:aroon_down_25:W2016:T1.5:H12:trend_not_choppy:overlap,trailtp05,-1870.65,-5.505,-1910.81,699,22.9,0.087,7.5,2,-72.16,526,0,0,0,1
long:plus_di_14:W6048:T2:H84:none:new_york + short:aroon_down_25:W2016:T1.5:H12:trend_not_choppy:overlap,trailtp10,-1865.48,-5.359,-1905.64,699,19.9,0.099,7.8,3,-72.16,523,0,0,0,1
long:plus_di_14:W6048:T2:H84:none:new_york + short:aroon_down_25:W2016:T1.5:H12:trend_not_choppy:overlap,be10,-617.71,-1.451,-686.04,699,11.7,0.598,10.6,5,-72.16,0,0,456,0,1
long:plus_di_14:W6048:T2:H84:none:new_york + short:aroon_down_25:W2016:T1.5:H12:trend_not_choppy:overlap,be15,-268.67,-0.525,-358.2,699,22.9,0.863,16.8,11,-72.16,0,0,324,0,3
long:plus_di_14:W6048:T2:H84:none:new_york + short:aroon_down_25:W2016:T1.5:H12:trend_not_choppy:overlap,stop1_5_trail2,-1942.6,-5.769,-1944.71,699,23.2,0.237,4.3,2,-60.49,398,235,0,0,0
long:plus_di_14:W6048:T2:H84:none:new_york + short:aroon_down_25:W2016:T1.5:H12:trend_not_choppy:overlap,be10_trail3,-1376.56,-3.795,-1389.6,699,12.2,0.311,5.5,3,-76.34,233,0,359,0,0
long:plus_di_14:W6048:T2:H84:none:new_york + short:close_vs_ema200:W6048:T1.5:H12:trend_not_choppy:overlap,none,1502.33,1.985,-186.27,562,51.4,1.654,39.0,28,-43.55,0,0,0,0,5
long:plus_di_14:W6048:T2:H84:none:new_york + short:close_vs_ema200:W6048:T1.5:H12:trend_not_choppy:overlap,stop2,306.59,0.459,-453.27,562,36.3,1.117,20.0,11,-37.02,0,280,0,0,2
long:plus_di_14:W6048:T2:H84:none:new_york + short:close_vs_ema200:W6048:T1.5:H12:trend_not_choppy:overlap,stop2_5,361.0,0.528,-439.91,562,39.3,1.13,23.1,11,-49.84,0,238,0,0,3
long:plus_di_14:W6048:T2:H84:none:new_york + short:close_vs_ema200:W6048:T1.5:H12:trend_not_choppy:overlap,trail3,-706.15,-1.461,-974.98,562,34.3,0.694,11.8,10,-49.84,395,0,0,0,1
long:plus_di_14:W6048:T2:H84:none:new_york + short:close_vs_ema200:W6048:T1.5:H12:trend_not_choppy:overlap,trail4,-289.98,-0.524,-699.54,562,40.4,0.881,17.2,11,-49.84,305,0,0,0,3
long:plus_di_14:W6048:T2:H84:none:new_york + short:close_vs_ema200:W6048:T1.5:H12:trend_not_choppy:overlap,target3,-360.73,-0.716,-633.66,562,55.2,0.813,20.8,11,-43.55,0,0,0,246,4
long:plus_di_14:W6048:T2:H84:none:new_york + short:close_vs_ema200:W6048:T1.5:H12:trend_not_choppy:overlap,stop2_trail3,-847.84,-1.799,-1057.82,562,32.4,0.633,10.5,7,-44.59,217,199,0,0,1
long:plus_di_14:W6048:T2:H84:none:new_york + short:close_vs_ema200:W6048:T1.5:H12:trend_not_choppy:overlap,stop1,-28.2,-0.051,-426.85,562,24.7,0.987,11.6,3,-44.59,0,401,0,0,1
long:plus_di_14:W6048:T2:H84:none:new_york + short:close_vs_ema200:W6048:T1.5:H12:trend_not_choppy:overlap,stop1_5,95.0,0.152,-400.38,562,32.2,1.038,16.2,8,-48.49,0,335,0,0,1
long:plus_di_14:W6048:T2:H84:none:new_york + short:close_vs_ema200:W6048:T1.5:H12:trend_not_choppy:overlap,trail1,-1419.33,-9.265,-1420.66,562,4.6,0.031,0.6,0,-35.11,556,0,0,0,0
long:plus_di_14:W6048:T2:H84:none:new_york + short:close_vs_ema200:W6048:T1.5:H12:trend_not_choppy:overlap,trail1_5,-1489.17,-6.461,-1499.01,562,13.7,0.155,2.5,1,-35.11,534,0,0,0,0
long:plus_di_14:W6048:T2:H84:none:new_york + short:close_vs_ema200:W6048:T1.5:H12:trend_not_choppy:overlap,trail2,-1346.58,-4.323,-1362.77,562,23.8,0.317,5.2,3,-39.52,493,0,0,0,0
long:plus_di_14:W6048:T2:H84:none:new_york + short:close_vs_ema200:W6048:T1.5:H12:trend_not_choppy:overlap,trailtp05,-1277.09,-4.49,-1319.07,562,24.2,0.112,8.1,3,-33.18,432,0,0,0,1
long:plus_di_14:W6048:T2:H84:none:new_york + short:close_vs_ema200:W6048:T1.5:H12:trend_not_choppy:overlap,trailtp10,-1274.6,-4.287,-1316.58,562,20.6,0.127,8.3,3,-33.18,429,0,0,0,1
long:plus_di_14:W6048:T2:H84:none:new_york + short:close_vs_ema200:W6048:T1.5:H12:trend_not_choppy:overlap,be10,-192.25,-0.51,-403.52,562,11.2,0.813,11.9,5,-33.18,0,0,378,0,1
long:plus_di_14:W6048:T2:H84:none:new_york + short:close_vs_ema200:W6048:T1.5:H12:trend_not_choppy:overlap,be15,174.12,0.361,-248.63,562,23.5,1.12,19.3,11,-40.11,0,0,266,0,3
long:plus_di_14:W6048:T2:H84:none:new_york + short:close_vs_ema200:W6048:T1.5:H12:trend_not_choppy:overlap,stop1_5_trail2,-1304.77,-4.243,-1317.64,562,23.7,0.323,5.0,3,-39.52,312,187,0,0,0
long:plus_di_14:W6048:T2:H84:none:new_york + short:close_vs_ema200:W6048:T1.5:H12:trend_not_choppy:overlap,be10_trail3,-845.52,-2.817,-962.92,562,11.9,0.41,6.3,3,-49.84,179,0,295,0,0
long:plus_di_14:W6048:T2:H84:none:new_york + short:close_vs_ema200:W6048:T1.5:H12:none:overlap,none,1532.14,1.977,-186.27,555,50.3,1.645,40.9,33,-43.55,0,0,0,0,5
long:plus_di_14:W6048:T2:H84:none:new_york + short:close_vs_ema200:W6048:T1.5:H12:none:overlap,stop2,477.88,0.7,-398.88,555,35.9,1.187,21.3,11,-39.08,0,282,0,0,2
long:plus_di_14:W6048:T2:H84:none:new_york + short:close_vs_ema200:W6048:T1.5:H12:none:overlap,stop2_5,422.94,0.606,-444.73,555,38.6,1.151,24.5,14,-49.84,0,247,0,0,3
long:plus_di_14:W6048:T2:H84:none:new_york + short:close_vs_ema200:W6048:T1.5:H12:none:overlap,trail3,-778.53,-1.623,-1067.17,555,33.2,0.662,12.0,9,-49.84,415,0,0,0,1
long:plus_di_14:W6048:T2:H84:none:new_york + short:close_vs_ema200:W6048:T1.5:H12:none:overlap,trail4,-370.16,-0.658,-794.49,555,39.1,0.851,17.9,12,-53.54,323,0,0,0,3
long:plus_di_14:W6048:T2:H84:none:new_york + short:close_vs_ema200:W6048:T1.5:H12:none:overlap,target3,-469.63,-0.916,-761.2,555,54.2,0.763,21.1,11,-43.55,0,0,0,259,4
long:plus_di_14:W6048:T2:H84:none:new_york + short:close_vs_ema200:W6048:T1.5:H12:none:overlap,stop2_trail3,-810.55,-1.732,-1038.61,555,31.9,0.637,10.7,7,-44.59,231,197,0,0,1
long:plus_di_14:W6048:T2:H84:none:new_york + short:close_vs_ema200:W6048:T1.5:H12:none:overlap,stop1,13.25,0.024,-408.96,555,25.2,1.006,12.5,3,-44.59,0,396,0,0,1
long:plus_di_14:W6048:T2:H84:none:new_york + short:close_vs_ema200:W6048:T1.5:H12:none:overlap,stop1_5,322.55,0.506,-285.04,555,32.1,1.137,17.4,8,-48.49,0,336,0,0,1
long:plus_di_14:W6048:T2:H84:none:new_york + short:close_vs_ema200:W6048:T1.5:H12:none:overlap,trail1,-1368.84,-9.229,-1370.17,555,4.5,0.019,0.6,0,-35.11,549,0,0,0,0
long:plus_di_14:W6048:T2:H84:none:new_york + short:close_vs_ema200:W6048:T1.5:H12:none:overlap,trail1_5,-1453.78,-6.775,-1463.62,555,13.3,0.13,2.4,1,-35.11,530,0,0,0,0
long:plus_di_14:W6048:T2:H84:none:new_york + short:close_vs_ema200:W6048:T1.5:H12:none:overlap,trail2,-1374.78,-4.499,-1387.46,555,23.6,0.286,5.1,3,-39.52,499,0,0,0,0
long:plus_di_14:W6048:T2:H84:none:new_york + short:close_vs_ema200:W6048:T1.5:H12:none:overlap,trailtp05,-1356.54,-4.752,-1398.52,555,23.8,0.092,7.8,2,-41.9,435,0,0,0,1
long:plus_di_14:W6048:T2:H84:none:new_york + short:close_vs_ema200:W6048:T1.5:H12:none:overlap,trailtp10,-1365.13,-4.585,-1407.11,555,20.2,0.099,8.1,3,-41.9,432,0,0,0,1
long:plus_di_14:W6048:T2:H84:none:new_york + short:close_vs_ema200:W6048:T1.5:H12:none:overlap,be10,-469.6,-1.345,-688.89,555,9.7,0.555,11.6,5,-41.9,0,0,389,0,1
long:plus_di_14:W6048:T2:H84:none:new_york + short:close_vs_ema200:W6048:T1.5:H12:none:overlap,be15,107.58,0.216,-379.28,555,21.3,1.074,19.7,11,-41.9,0,0,278,0,3
long:plus_di_14:W6048:T2:H84:none:new_york + short:close_vs_ema200:W6048:T1.5:H12:none:overlap,stop1_5_trail2,-1308.94,-4.409,-1321.62,555,23.6,0.296,4.9,3,-39.52,319,184,0,0,0
long:plus_di_14:W6048:T2:H84:none:new_york + short:close_vs_ema200:W6048:T1.5:H12:none:overlap,be10_trail3,-983.52,-3.564,-1108.94,555,10.6,0.324,6.0,3,-49.84,183,0,304,0,0
long:plus_di_14:W6048:T2:H84:trend:new_york + short:aroon_down_25:W2016:T1.5:H12:trend_not_choppy:overlap,none,1437.64,1.891,-196.49,680,50.1,1.511,31.3,11,-72.16,0,0,0,0,5
long:plus_di_14:W6048:T2:H84:trend:new_york + short:aroon_down_25:W2016:T1.5:H12:trend_not_choppy:overlap,stop2,157.84,0.232,-490.58,680,37.2,1.049,16.3,11,-76.34,0,336,0,0,2
long:plus_di_14:W6048:T2:H84:trend:new_york + short:aroon_down_25:W2016:T1.5:H12:trend_not_choppy:overlap,stop2_5,294.36,0.422,-422.41,680,40.6,1.089,19.1,11,-83.62,0,279,0,0,3
long:plus_di_14:W6048:T2:H84:trend:new_york + short:aroon_down_25:W2016:T1.5:H12:trend_not_choppy:overlap,trail3,-1042.02,-1.95,-1125.09,680,33.2,0.641,10.1,8,-76.34,479,0,0,0,1
long:plus_di_14:W6048:T2:H84:trend:new_york + short:aroon_down_25:W2016:T1.5:H12:trend_not_choppy:overlap,trail4,-418.26,-0.702,-698.23,680,39.4,0.863,14.7,11,-72.16,347,0,0,0,3
long:plus_di_14:W6048:T2:H84:trend:new_york + short:aroon_down_25:W2016:T1.5:H12:trend_not_choppy:overlap,target3,-620.99,-1.115,-714.13,680,51.9,0.751,17.9,11,-72.16,0,0,0,274,4
long:plus_di_14:W6048:T2:H84:trend:new_york + short:aroon_down_25:W2016:T1.5:H12:trend_not_choppy:overlap,stop2_trail3,-1173.46,-2.254,-1185.27,680,31.8,0.597,9.0,6,-76.34,260,244,0,0,1
long:plus_di_14:W6048:T2:H84:trend:new_york + short:aroon_down_25:W2016:T1.5:H12:trend_not_choppy:overlap,stop1,-177.58,-0.31,-489.22,680,24.6,0.935,9.5,3,-60.49,0,496,0,0,1
long:plus_di_14:W6048:T2:H84:trend:new_york + short:aroon_down_25:W2016:T1.5:H12:trend_not_choppy:overlap,stop1_5,88.28,0.136,-394.84,680,32.9,1.029,13.5,7,-60.49,0,403,0,0,1
long:plus_di_14:W6048:T2:H84:trend:new_york + short:aroon_down_25:W2016:T1.5:H12:trend_not_choppy:overlap,trail1,-1862.93,-9.741,-1862.93,680,4.4,0.025,0.5,0,-42.88,673,0,0,0,0
long:plus_di_14:W6048:T2:H84:trend:new_york + short:aroon_down_25:W2016:T1.5:H12:trend_not_choppy:overlap,trail1_5,-1911.7,-7.279,-1913.01,680,14.7,0.133,2.1,1,-60.49,653,0,0,0,0
long:plus_di_14:W6048:T2:H84:trend:new_york + short:aroon_down_25:W2016:T1.5:H12:trend_not_choppy:overlap,trail2,-1859.32,-5.274,-1861.43,680,23.5,0.258,4.5,3,-60.49,609,0,0,0,0
long:plus_di_14:W6048:T2:H84:trend:new_york + short:aroon_down_25:W2016:T1.5:H12:trend_not_choppy:overlap,trailtp05,-1844.81,-5.475,-1884.97,680,22.6,0.087,7.2,2,-72.16,513,0,0,0,1
long:plus_di_14:W6048:T2:H84:trend:new_york + short:aroon_down_25:W2016:T1.5:H12:trend_not_choppy:overlap,trailtp10,-1838.14,-5.323,-1878.3,680,19.9,0.099,7.5,3,-72.16,510,0,0,0,1
long:plus_di_14:W6048:T2:H84:trend:new_york + short:aroon_down_25:W2016:T1.5:H12:trend_not_choppy:overlap,be10,-594.62,-1.407,-662.95,680,11.8,0.606,10.3,4,-72.16,0,0,444,0,1
long:plus_di_14:W6048:T2:H84:trend:new_york + short:aroon_down_25:W2016:T1.5:H12:trend_not_choppy:overlap,be15,-254.84,-0.5,-344.37,680,22.6,0.868,16.3,11,-72.16,0,0,317,0,3
long:plus_di_14:W6048:T2:H84:trend:new_york + short:aroon_down_25:W2016:T1.5:H12:trend_not_choppy:overlap,stop1_5_trail2,-1912.35,-5.684,-1914.46,680,23.1,0.234,4.2,2,-60.49,394,224,0,0,0
long:plus_di_14:W6048:T2:H84:trend:new_york + short:aroon_down_25:W2016:T1.5:H12:trend_not_choppy:overlap,be10_trail3,-1351.79,-3.75,-1364.83,680,12.1,0.313,5.4,3,-76.34,226,0,351,0,0
long:plus_di_14:W6048:T2:H84:trend:new_york + short:close_vs_ema200:W6048:T1.5:H12:trend_not_choppy:overlap,none,1459.75,1.938,-199.29,543,51.0,1.642,38.8,28,-43.55,0,0,0,0,5
long:plus_di_14:W6048:T2:H84:trend:new_york + short:close_vs_ema200:W6048:T1.5:H12:trend_not_choppy:overlap,stop2,269.31,0.405,-493.88,543,36.1,1.104,19.7,11,-37.02,0,272,0,0,2
long:plus_di_14:W6048:T2:H84:trend:new_york + short:close_vs_ema200:W6048:T1.5:H12:trend_not_choppy:overlap,stop2_5,346.4,0.509,-454.51,543,39.0,1.127,23.0,11,-49.84,0,229,0,0,3
long:plus_di_14:W6048:T2:H84:trend:new_york + short:close_vs_ema200:W6048:T1.5:H12:trend_not_choppy:overlap,trail3,-703.9,-1.458,-972.73,543,33.9,0.691,11.6,9,-49.84,383,0,0,0,1
long:plus_di_14:W6048:T2:H84:trend:new_york + short:close_vs_ema200:W6048:T1.5:H12:trend_not_choppy:overlap,trail4,-312.2,-0.568,-719.45,543,39.6,0.87,17.0,11,-49.84,293,0,0,0,3
long:plus_di_14:W6048:T2:H84:trend:new_york + short:close_vs_ema200:W6048:T1.5:H12:trend_not_choppy:overlap,target3,-350.86,-0.696,-623.79,543,54.9,0.815,20.7,11,-43.55,0,0,0,237,4
long:plus_di_14:W6048:T2:H84:trend:new_york + short:close_vs_ema200:W6048:T1.5:H12:trend_not_choppy:overlap,stop2_trail3,-832.9,-1.767,-1042.88,543,32.2,0.634,10.4,7,-44.59,211,192,0,0,1
long:plus_di_14:W6048:T2:H84:trend:new_york + short:close_vs_ema200:W6048:T1.5:H12:trend_not_choppy:overlap,stop1,-5.3,-0.01,-413.93,543,25.0,0.998,11.7,3,-44.59,0,387,0,0,1
long:plus_di_14:W6048:T2:H84:trend:new_york + short:close_vs_ema200:W6048:T1.5:H12:trend_not_choppy:overlap,stop1_5,109.13,0.175,-391.03,543,32.2,1.045,16.3,8,-48.49,0,324,0,0,1
long:plus_di_14:W6048:T2:H84:trend:new_york + short:close_vs_ema200:W6048:T1.5:H12:trend_not_choppy:overlap,trail1,-1372.33,-9.099,-1373.66,543,4.4,0.032,0.6,0,-35.11,538,0,0,0,0
long:plus_di_14:W6048:T2:H84:trend:new_york + short:close_vs_ema200:W6048:T1.5:H12:trend_not_choppy:overlap,trail1_5,-1458.2,-6.344,-1468.04,543,13.6,0.149,2.4,1,-35.11,518,0,0,0,0
long:plus_di_14:W6048:T2:H84:trend:new_york + short:close_vs_ema200:W6048:T1.5:H12:trend_not_choppy:overlap,trail2,-1317.76,-4.238,-1333.95,543,23.8,0.315,5.1,3,-39.52,479,0,0,0,0
long:plus_di_14:W6048:T2:H84:trend:new_york + short:close_vs_ema200:W6048:T1.5:H12:trend_not_choppy:overlap,trailtp05,-1241.39,-4.405,-1283.37,543,23.9,0.113,7.8,3,-33.18,418,0,0,0,1
long:plus_di_14:W6048:T2:H84:trend:new_york + short:close_vs_ema200:W6048:T1.5:H12:trend_not_choppy:overlap,trailtp10,-1237.04,-4.196,-1279.02,543,20.8,0.129,8.1,3,-33.18,416,0,0,0,1
long:plus_di_14:W6048:T2:H84:trend:new_york + short:close_vs_ema200:W6048:T1.5:H12:trend_not_choppy:overlap,be10,-159.09,-0.425,-370.36,543,11.2,0.839,11.7,5,-33.18,0,0,366,0,1
long:plus_di_14:W6048:T2:H84:trend:new_york + short:close_vs_ema200:W6048:T1.5:H12:trend_not_choppy:overlap,be15,197.81,0.411,-248.88,543,23.2,1.14,19.0,11,-40.11,0,0,258,0,3
long:plus_di_14:W6048:T2:H84:trend:new_york + short:close_vs_ema200:W6048:T1.5:H12:trend_not_choppy:overlap,stop1_5_trail2,-1276.52,-4.156,-1289.39,543,23.6,0.321,4.9,3,-39.52,307,177,0,0,0
long:plus_di_14:W6048:T2:H84:trend:new_york + short:close_vs_ema200:W6048:T1.5:H12:trend_not_choppy:overlap,be10_trail3,-820.53,-2.758,-937.93,543,12.0,0.415,6.1,3,-49.84,172,0,286,0,0
long:plus_di_14:W6048:T2:H84:trend:new_york + short:close_vs_ema200:W6048:T1.5:H12:none:overlap,none,1484.55,1.924,-186.27,536,49.8,1.63,41.0,33,-43.55,0,0,0,0,5
long:plus_di_14:W6048:T2:H84:trend:new_york + short:close_vs_ema200:W6048:T1.5:H12:none:overlap,stop2,440.6,0.649,-410.67,536,35.6,1.174,21.0,11,-39.08,0,274,0,0,2
long:plus_di_14:W6048:T2:H84:trend:new_york + short:close_vs_ema200:W6048:T1.5:H12:none:overlap,stop2_5,408.34,0.588,-439.27,536,38.2,1.149,24.4,13,-49.84,0,238,0,0,3
long:plus_di_14:W6048:T2:H84:trend:new_york + short:close_vs_ema200:W6048:T1.5:H12:none:overlap,trail3,-776.28,-1.62,-1064.92,536,32.6,0.659,11.8,8,-49.84,403,0,0,0,1
long:plus_di_14:W6048:T2:H84:trend:new_york + short:close_vs_ema200:W6048:T1.5:H12:none:overlap,trail4,-394.3,-0.705,-818.63,536,38.2,0.84,17.7,11,-53.54,312,0,0,0,3
long:plus_di_14:W6048:T2:H84:trend:new_york + short:close_vs_ema200:W6048:T1.5:H12:none:overlap,target3,-465.6,-0.908,-757.17,536,53.9,0.762,21.1,11,-43.55,0,0,0,250,4
long:plus_di_14:W6048:T2:H84:trend:new_york + short:close_vs_ema200:W6048:T1.5:H12:none:overlap,stop2_trail3,-795.61,-1.699,-1023.67,536,31.7,0.638,10.6,7,-44.59,225,190,0,0,1
long:plus_di_14:W6048:T2:H84:trend:new_york + short:close_vs_ema200:W6048:T1.5:H12:none:overlap,stop1,36.15,0.066,-396.04,536,25.6,1.017,12.5,3,-44.59,0,382,0,0,1
long:plus_di_14:W6048:T2:H84:trend:new_york + short:close_vs_ema200:W6048:T1.5:H12:none:overlap,stop1_5,336.68,0.528,-283.91,536,32.1,1.145,17.5,8,-48.49,0,325,0,0,1
long:plus_di_14:W6048:T2:H84:trend:new_york + short:close_vs_ema200:W6048:T1.5:H12:none:overlap,trail1,-1321.84,-9.062,-1323.17,536,4.3,0.019,0.6,0,-35.11,531,0,0,0,0
long:plus_di_14:W6048:T2:H84:trend:new_york + short:close_vs_ema200:W6048:T1.5:H12:none:overlap,trail1_5,-1422.81,-6.651,-1432.65,536,13.2,0.123,2.3,1,-35.11,514,0,0,0,0
long:plus_di_14:W6048:T2:H84:trend:new_york + short:close_vs_ema200:W6048:T1.5:H12:none:overlap,trail2,-1345.96,-4.412,-1358.64,536,23.5,0.283,5.0,3,-39.52,485,0,0,0,0
long:plus_di_14:W6048:T2:H84:trend:new_york + short:close_vs_ema200:W6048:T1.5:H12:none:overlap,trailtp05,-1326.68,-4.682,-1368.66,536,23.5,0.092,7.7,2,-41.9,421,0,0,0,1
long:plus_di_14:W6048:T2:H84:trend:new_york + short:close_vs_ema200:W6048:T1.5:H12:none:overlap,trailtp10,-1333.41,-4.51,-1375.39,536,20.3,0.1,8.0,3,-41.9,419,0,0,0,1
long:plus_di_14:W6048:T2:H84:trend:new_york + short:close_vs_ema200:W6048:T1.5:H12:none:overlap,be10,-442.28,-1.276,-661.57,536,9.7,0.569,11.5,4,-41.9,0,0,377,0,1
long:plus_di_14:W6048:T2:H84:trend:new_york + short:close_vs_ema200:W6048:T1.5:H12:none:overlap,be15,125.43,0.252,-367.26,536,20.9,1.088,19.5,11,-41.9,0,0,270,0,3
long:plus_di_14:W6048:T2:H84:trend:new_york + short:close_vs_ema200:W6048:T1.5:H12:none:overlap,stop1_5_trail2,-1280.69,-4.319,-1293.37,536,23.5,0.293,4.8,3,-39.52,314,174,0,0,0
long:plus_di_14:W6048:T2:H84:trend:new_york + short:close_vs_ema200:W6048:T1.5:H12:none:overlap,be10_trail3,-958.53,-3.51,-1083.95,536,10.6,0.327,5.8,3,-49.84,176,0,295,0,0
