time,open,high,low,close,tick_volume
1993-05-09,1.537,1.5445,1.518,1.5387,8063
1993-05-16,1.5365,1.5603,1.5237,1.5425,13705
1993-05-23,1.54,1.568,1.5289000000000001,1.5607,12105
1993-05-30,1.5605,1.567,1.506,1.5085,13945
1993-06-06,1.5063,1.5405,1.506,1.5215,14865
1993-06-13,1.5190000000000001,1.5354999999999999,1.492,1.4975,15045
1993-06-20,1.494,1.498,1.4637,1.4762,12365
1993-06-27,1.4785,1.5255,1.475,1.5070000000000001,16015
1993-07-04,1.508,1.5145,1.4765,1.48,11115
1993-07-11,1.484,1.5051999999999999,1.472,1.486,14275
1993-07-18,1.4845,1.522,1.483,1.5034999999999998,13445
1993-07-25,1.504,1.5058,1.475,1.4815,11425
1993-08-01,1.479,1.5095,1.4759,1.4979,14085
1993-08-08,1.4969999999999999,1.499,1.455,1.459,12545
1993-08-15,1.46,1.5215,1.4595,1.5150000000000001,16485
1993-08-22,1.5145,1.5190000000000001,1.478,1.5030000000000001,15455
1993-08-29,1.5038,1.5323,1.4847000000000001,1.53,16175
1993-09-05,1.529,1.558,1.5238,1.5525,14475
1993-09-12,1.5485,1.558,1.524,1.532,14875
1993-09-19,1.53,1.5434999999999999,1.4915,1.508,17265
1993-09-26,1.5145,1.5194999999999999,1.4885,1.504,11805
1993-10-03,1.495,1.5390000000000001,1.4933,1.534,13085
1993-10-10,1.533,1.5394999999999999,1.508,1.5105,11905
1993-10-17,1.5074999999999998,1.509,1.47,1.472,12725
1993-10-24,1.4785,1.498,1.4725,1.478,13395
1993-10-31,1.4825,1.4883,1.4705,1.482,10985
1993-11-07,1.4849999999999999,1.4981,1.4635,1.492,11155
1993-11-14,1.4918,1.4965,1.4689999999999999,1.4735,10225
1993-11-21,1.4729999999999999,1.4955,1.4693,1.4785,9495
1993-11-28,1.4815,1.4963,1.4755,1.49,10015
1993-12-05,1.4927000000000001,1.506,1.486,1.495,9805
1993-12-12,1.4935,1.498,1.476,1.4874,8135
1993-12-19,1.4875,1.51,1.4833,1.5030000000000001,7805
1993-12-26,1.502,1.5114999999999998,1.472,1.4765,12215
1994-01-02,1.478,1.496,1.474,1.4929999999999999,9165
1994-01-09,1.492,1.5070000000000001,1.4867,1.4928,9505
1994-01-16,1.4882,1.504,1.487,1.4923,9325
1994-01-23,1.491,1.512,1.4895,1.4954,8195
1994-01-30,1.4929999999999999,1.5097,1.472,1.4769,12535
1994-02-06,1.474,1.4885,1.454,1.4625,10785
1994-02-13,1.464,1.494,1.4625,1.482,11905
1994-02-20,1.48,1.4943,1.4717,1.4886,10165
1994-02-27,1.4885,1.5005,1.4825,1.4901,8665
1994-03-06,1.4889999999999999,1.506,1.4849999999999999,1.5001,7115
1994-03-13,1.5003,1.5011,1.4845,1.4910999999999999,8265
1994-03-20,1.4889999999999999,1.504,1.4804,1.4971,9435
1994-03-27,1.499,1.501,1.471,1.4737,11275
1994-04-03,1.4695,1.4788000000000001,1.4607,1.4761,7725
1994-04-10,1.4769999999999999,1.4805,1.466,1.4716,7085
1994-04-17,1.4708,1.499,1.4676,1.4886,8945
1994-04-24,1.4885,1.526,1.488,1.52,10485
1994-05-01,1.516,1.521,1.4889999999999999,1.4936,9525
1994-05-08,1.4906,1.5034999999999998,1.4849999999999999,1.4990999999999999,7845
1994-05-15,1.4976,1.5152,1.4953,1.5065,8525
1994-05-22,1.505,1.5131999999999999,1.5023,1.5108000000000001,6745
1994-05-29,1.5102,1.5208,1.5015,1.5055,7425
1994-06-05,1.504,1.5131999999999999,1.502,1.5095,7205
1994-06-12,1.5085,1.538,1.5070000000000001,1.5354999999999999,8935
1994-06-19,1.5342,1.5569,1.5270000000000001,1.553,12015
1994-06-26,1.5537,1.5594999999999999,1.5295999999999998,1.538,12795
1994-07-03,1.5348000000000002,1.5533000000000001,1.5322,1.55,10155
1994-07-10,1.5550000000000002,1.577,1.553,1.562,10405
1994-07-17,1.5615999999999999,1.5665,1.52,1.5274999999999999,13415
1994-07-24,1.5307,1.5453000000000001,1.5205,1.544,10515
1994-07-31,1.5525,1.5535,1.533,1.542,8895
1994-08-07,1.5438,1.5546,1.5295999999999998,1.548,10505
1994-08-14,1.5449000000000002,1.5543,1.5262,1.5476999999999999,12185
1994-08-21,1.549,1.5625,1.5230000000000001,1.5305,13665
1994-08-28,1.5276999999999998,1.5526,1.5204,1.5526,11975
1994-09-04,1.5465,1.557,1.5385,1.5537999999999998,10785
1994-09-11,1.5516,1.5901999999999998,1.5495,1.5792000000000002,12675
1994-09-18,1.5779,1.5842,1.5622,1.5787,10345
1994-09-25,1.5766,1.5869,1.5685,1.5777,10365
1994-10-02,1.5766,1.597,1.5729,1.5863,9315
1994-10-09,1.585,1.5977999999999999,1.5758,1.5967,8235
1994-10-16,1.591,1.6359,1.591,1.6265,12045
1994-10-23,1.6271,1.642,1.6155,1.6231,10335
1994-10-30,1.6185,1.645,1.6047,1.6162,16135
1994-11-06,1.6164,1.6247,1.5935000000000001,1.5981,11195
1994-11-13,1.5952,1.597,1.5631,1.5667,10955
1994-11-20,1.5654,1.5766,1.5594999999999999,1.5631,6605
1994-11-27,1.5615,1.573,1.5568,1.5596999999999999,8505
1994-12-04,1.56,1.5706,1.554,1.5605,7885
1994-12-11,1.56,1.567,1.5561,1.5612,6305
1994-12-18,1.5594999999999999,1.563,1.5390000000000001,1.5470000000000002,8075
1994-12-25,1.545,1.577,1.5394999999999999,1.5662,12025
1995-01-01,1.5636999999999999,1.5675,1.5474999999999999,1.55,8235
1995-01-08,1.5510000000000002,1.5765,1.5503,1.5705,10125
1995-01-15,1.5685,1.5922,1.5609,1.5886,9525
1995-01-22,1.5862,1.6036000000000001,1.584,1.5895000000000001,9775
1995-01-29,1.588,1.5988,1.5594999999999999,1.564,10305
1995-02-05,1.5605,1.5673,1.5491000000000001,1.5615,9345
1995-02-12,1.5625,1.5905,1.5514000000000001,1.5819999999999999,11755
1995-02-19,1.5814,1.5979,1.5725,1.589,11895
1995-02-26,1.5775000000000001,1.6333,1.5731000000000002,1.6320000000000001,16745
1995-03-05,1.6337000000000002,1.6684,1.5635,1.5745,38455
1995-03-12,1.5755,1.6059999999999999,1.5699999999999998,1.5836999999999999,16825
1995-03-19,1.5876000000000001,1.6018,1.5691000000000002,1.5932,15345
1995-03-26,1.591,1.6345,1.589,1.6219999999999999,16145
1995-04-02,1.6242999999999999,1.6280000000000001,1.5972,1.6078000000000001,18075
1995-04-09,1.604,1.6179999999999999,1.5847,1.6021999999999998,16015
1995-04-16,1.603,1.6265,1.6006,1.6115,14955
1995-04-23,1.612,1.6255,1.5944,1.6092,17325
1995-04-30,1.6099999999999999,1.625,1.5939999999999999,1.597,11675
1995-05-07,1.6009,1.6112,1.5461,1.5644,19965
1995-05-14,1.5635,1.5815000000000001,1.558,1.5715,14525
1995-05-21,1.5694,1.6213,1.5625,1.6037,17065
1995-05-28,1.6036000000000001,1.6098,1.5774,1.5937999999999999,18235
1995-06-04,1.5895000000000001,1.6035,1.5852,1.593,10635
1995-06-11,1.5929,1.6185,1.5907,1.6046,12485
1995-06-18,1.6004,1.6125,1.592,1.6058,10915
1995-06-25,1.6045,1.6077,1.5684,1.5957,16045
1995-07-02,1.5920999999999998,1.6053,1.5843,1.5966,11725
1995-07-09,1.5955,1.6065,1.585,1.5957,9615
1995-07-16,1.5939,1.6035,1.589,1.5956000000000001,7565
1995-07-23,1.5947,1.605,1.5866,1.6006,8645
1995-07-30,1.6029,1.612,1.5939,1.6063,10205
1995-08-06,1.6047,1.6096,1.568,1.5694,9895
1995-08-13,1.565,1.5796999999999999,1.529,1.5391,17495
1995-08-20,1.5394999999999999,1.554,1.5298,1.5509,11205
1995-08-27,1.5497999999999998,1.561,1.5390000000000001,1.5575,9855
1995-09-03,1.5577,1.5623,1.5430000000000001,1.5502,8445
1995-09-10,1.5602,1.561,1.542,1.5510000000000002,9595
1995-09-17,1.545,1.599,1.5425,1.5694,12935
1995-09-24,1.5726,1.5857,1.5623,1.585,9835
1995-10-01,1.5815000000000001,1.5960999999999999,1.5739,1.5838,11655
1995-10-08,1.5815000000000001,1.5935000000000001,1.5666,1.5758999999999999,9115
1995-10-15,1.5748,1.5811,1.5659999999999998,1.5728,7885
1995-10-22,1.5748,1.588,1.5695000000000001,1.5773000000000001,9455
1995-10-29,1.5769,1.5840999999999998,1.5716999999999999,1.579,8095
1995-11-05,1.5775000000000001,1.587,1.563,1.5659999999999998,8645
1995-11-12,1.5676999999999999,1.5714000000000001,1.5390000000000001,1.5431,12495
1995-11-19,1.5451000000000001,1.5666,1.5381,1.5598,9995
1995-11-26,1.5591,1.5612,1.5232999999999999,1.5312000000000001,12815
1995-12-03,1.5324,1.5470000000000002,1.5203,1.5329000000000002,10945
1995-12-10,1.5333999999999999,1.5473,1.5263,1.5375,8875
1995-12-17,1.5385,1.548,1.534,1.5448,7785
1995-12-24,1.5446,1.563,1.5351,1.5497999999999998,13795
1995-12-31,1.5470000000000002,1.5605,1.5412,1.5511,9164
1996-01-07,1.5482,1.5546,1.5396,1.5470000000000002,7805
1996-01-14,1.546,1.548,1.5034,1.5107,9915
1996-01-21,1.5119,1.5196,1.4969999999999999,1.5045,10995
1996-01-28,1.5025,1.5267,1.5013999999999998,1.5255999999999998,8015
1996-02-04,1.528,1.5457,1.5270000000000001,1.5314999999999999,8545
1996-02-11,1.5272000000000001,1.5535,1.5247000000000002,1.5522,8275
1996-02-18,1.5439,1.5524,1.5362,1.5401,8415
1996-02-25,1.5405,1.5449000000000002,1.5237,1.529,8055
1996-03-03,1.5289000000000001,1.5333999999999999,1.5150000000000001,1.5239,7975
1996-03-10,1.5205,1.532,1.516,1.5295999999999998,7625
1996-03-17,1.5276999999999998,1.5415,1.5253,1.5368,6465
1996-03-24,1.5348000000000002,1.5361,1.5167000000000002,1.5269,8335
1996-03-31,1.525,1.5322,1.521,1.5295,5265
1996-04-07,1.5276999999999998,1.5332,1.5043,1.5145,8975
1996-04-14,1.5110000000000001,1.5255,1.504,1.5142,8155
1996-04-21,1.5112999999999999,1.5187,1.5044,1.5122,6275
1996-04-28,1.5131000000000001,1.5156,1.4889999999999999,1.5074999999999998,10145
1996-05-05,1.5058,1.53,1.5055,1.5209000000000001,7915
1996-05-12,1.52,1.5231,1.5096,1.5133,6565
1996-05-19,1.5114,1.5171000000000001,1.5065,1.5125,6315
1996-05-26,1.5114999999999998,1.5549,1.5093999999999999,1.5528,8705
1996-06-02,1.5523,1.5575,1.5354999999999999,1.5365,10095
1996-06-09,1.5375999999999999,1.5436,1.5270000000000001,1.5363,8005
1996-06-16,1.5352000000000001,1.5506,1.5345,1.536,7185
1996-06-23,1.5372,1.5558999999999998,1.533,1.5531000000000001,7385
1996-06-30,1.5512000000000001,1.565,1.5493000000000001,1.5579,7085
1996-07-07,1.5566,1.5587,1.5465,1.552,6115
1996-07-14,1.5516,1.565,1.5368,1.5452,10285
1996-07-21,1.5405,1.5632000000000001,1.5394,1.5554000000000001,7555
1996-07-28,1.5547,1.5622,1.5392000000000001,1.5431,7315
1996-08-04,1.5434999999999999,1.5545,1.534,1.5514000000000001,7255
1996-08-11,1.552,1.554,1.5453000000000001,1.5484,5265
1996-08-18,1.5484,1.558,1.542,1.5569,6775
1996-08-25,1.5565,1.5659999999999998,1.5522,1.565,6285
1996-09-01,1.5607,1.5726,1.5575,1.56,7715
1996-09-08,1.56,1.5626,1.5502,1.5544,6275
1996-09-15,1.5547,1.5642,1.5485,1.5558999999999998,7355
1996-09-22,1.554,1.5685,1.5509,1.5636999999999999,6925
1996-09-29,1.5627,1.5705,1.5601,1.5659999999999998,5545
1996-10-06,1.5642,1.5781,1.5602,1.576,5595
1996-10-13,1.5786,1.5941999999999998,1.5769,1.589,7055
1996-10-20,1.5906,1.6099999999999999,1.588,1.6045,9395
1996-10-27,1.603,1.6442,1.6017000000000001,1.6364999999999998,11735
1996-11-03,1.6364999999999998,1.6573,1.6318000000000001,1.6495,11705
1996-11-10,1.6482,1.6705,1.641,1.6642000000000001,11335
1996-11-17,1.6632,1.692,1.661,1.6804999999999999,9275
1996-11-24,1.6816,1.6854,1.6646,1.6823000000000001,9625
1996-12-01,1.6827,1.6882000000000001,1.6095000000000002,1.6473,21515
1996-12-08,1.6435,1.6640000000000001,1.6401,1.6557,10905
1996-12-15,1.6542,1.6763,1.6522999999999999,1.6723,10435
1996-12-22,1.67,1.6955,1.6674,1.6925,8195
1996-12-29,1.6922000000000001,1.7173,1.6827999999999999,1.6878,12634
1997-01-05,1.6872,1.7027999999999999,1.674,1.6804999999999999,12705
1997-01-12,1.6759,1.6856,1.6646,1.669,12425
1997-01-19,1.6677,1.6712,1.6179999999999999,1.6298,15405
1997-01-26,1.6268,1.6315,1.5945,1.6021999999999998,16655
1997-02-02,1.5975000000000001,1.6475,1.5969,1.6284999999999998,13895
1997-02-09,1.6326,1.6461000000000001,1.615,1.6235,13425
1997-02-16,1.6193,1.6235,1.5979999999999999,1.6178,12575
1997-02-23,1.6195,1.6432,1.616,1.6292,11615
1997-03-02,1.6277,1.631,1.597,1.6035,10795
1997-03-09,1.6016,1.6099999999999999,1.5878999999999999,1.6025,12055
1997-03-16,1.6021999999999998,1.6067,1.5849,1.6049,10185
1997-03-23,1.6029,1.635,1.6009,1.6311,8615
1997-03-30,1.6287,1.6560000000000001,1.6284999999999998,1.6349,11235
1997-04-06,1.633,1.6360000000000001,1.6167,1.6242999999999999,10155
1997-04-13,1.6280000000000001,1.6357,1.6179000000000001,1.634,8645
1997-04-20,1.6322,1.6404,1.6154,1.6238000000000001,9645
1997-04-27,1.6253,1.6346,1.6,1.623,12445
1997-05-04,1.623,1.642,1.6085,1.6235,17245
1997-05-11,1.6219999999999999,1.6498,1.6147,1.637,11845
1997-05-18,1.6357,1.6608,1.6221999999999999,1.6359,12495
1997-05-25,1.6375,1.6455,1.6265,1.6415,9185
1997-06-01,1.6408,1.6438000000000001,1.6188,1.6329,12205
1997-06-08,1.6317,1.6442,1.625,1.6349,9525
1997-06-15,1.6345,1.6585,1.6320000000000001,1.6572,7615
1997-06-22,1.6568,1.6735,1.6522000000000001,1.6635,10775
1997-06-29,1.6637,1.6938,1.649,1.687,12755
1997-07-06,1.6886999999999999,1.7002000000000002,1.6800000000000002,1.6883,11565
1997-07-13,1.6877,1.694,1.6638,1.6785,13415
1997-07-20,1.6781000000000001,1.6876,1.6597,1.6623999999999999,11125
1997-07-27,1.6615,1.6633,1.623,1.6319,12545
1997-08-03,1.6311,1.6353,1.5663,1.5895000000000001,19865
1997-08-10,1.5859999999999999,1.6126,1.5711,1.6103,11975
1997-08-17,1.6099999999999999,1.6155,1.5843,1.6094,13915
1997-08-24,1.6088,1.6256,1.6008,1.6233,12285
1997-08-31,1.6139999999999999,1.6166,1.5767,1.5935000000000001,12695
1997-09-07,1.5895000000000001,1.6118999999999999,1.579,1.608,11005
1997-09-14,1.6016,1.6183,1.5869,1.6116000000000001,13205
1997-09-21,1.6105,1.6305,1.5993,1.608,11155
1997-09-28,1.613,1.623,1.5985,1.617,11895
1997-10-05,1.6145,1.631,1.6101999999999999,1.6237,9315
1997-10-12,1.6218,1.627,1.6118000000000001,1.6173,8545
1997-10-19,1.6288,1.6404,1.6255,1.633,9815
1997-10-26,1.6343,1.6882000000000001,1.633,1.6747999999999998,16235
1997-11-02,1.678,1.697,1.6703000000000001,1.689,13145
1997-11-09,1.685,1.7155,1.6782,1.6935,12685
1997-11-16,1.6898,1.6994,1.6834,1.694,10185
1997-11-23,1.6895,1.6966,1.6669,1.689,10395
1997-11-30,1.6896,1.6907,1.6494,1.6600000000000001,10705
1997-12-07,1.6583,1.6658,1.6427,1.6515,10935
1997-12-14,1.6475,1.6768,1.6263999999999998,1.6703999999999999,13615
1997-12-21,1.6683,1.6795,1.6575,1.6764000000000001,9425
1997-12-28,1.678,1.6800000000000002,1.6345,1.6455,8035
1998-01-04,1.6409,1.6475,1.6092,1.6133,1398
1998-01-11,1.612,1.6402,1.609,1.6289,1082
1998-01-18,1.635,1.6751,1.6194,1.6728,1326
1998-01-25,1.6755,1.687,1.63,1.6346,1618
1998-02-01,1.6308,1.6609,1.624,1.6411,1232
1998-02-08,1.6423999999999999,1.6458,1.6205,1.6417000000000002,1215
1998-02-15,1.6417000000000002,1.645,1.6267,1.6375,1045
1998-02-22,1.6362999999999999,1.6524999999999999,1.631,1.6442,1115
1998-03-01,1.6448,1.663,1.6279,1.6392,1257
1998-03-08,1.6375,1.6752,1.6320999999999999,1.6717,1044
1998-03-15,1.6723,1.6783000000000001,1.6596,1.6680000000000001,837
1998-03-22,1.6680000000000001,1.69,1.6646999999999998,1.6832,941
1998-03-29,1.6833,1.6863000000000001,1.655,1.6592,1126
1998-04-05,1.658,1.681,1.6545999999999998,1.6735,992
1998-04-12,1.6732,1.6982,1.6642000000000001,1.6843,1154
1998-04-19,1.6842000000000001,1.687,1.658,1.6677,1135
1998-04-26,1.6678,1.6782,1.6582,1.666,38845
1998-05-03,1.6625,1.6714,1.633,1.6396,31612
1998-05-10,1.6360999999999999,1.6447,1.6194,1.6261999999999999,31048
1998-05-17,1.6221,1.6362,1.6152,1.631,26310
1998-05-24,1.6313,1.6455,1.6207,1.631,30074
1998-05-31,1.6324999999999998,1.651,1.627,1.6352,46315
1998-06-07,1.634,1.6400000000000001,1.625,1.6324,68722
1998-06-14,1.6298,1.6793,1.626,1.6747999999999998,65761
1998-06-21,1.6720000000000002,1.6777,1.657,1.6619000000000002,60274
1998-06-28,1.6599,1.6731,1.6446,1.6475,53140
1998-07-05,1.6414,1.65,1.6267,1.6329,46986
1998-07-12,1.6305,1.647,1.6288,1.645,43786
1998-07-19,1.6455,1.6623,1.637,1.657,41874
1998-07-26,1.657,1.6623999999999999,1.6295,1.6327,31136
1998-08-02,1.634,1.6421000000000001,1.6212,1.6293,42438
1998-08-09,1.6284999999999998,1.6375,1.6147,1.6192,44532
1998-08-16,1.6192,1.6404,1.6075,1.6368,44767
1998-08-23,1.6355,1.6852,1.6324999999999998,1.6811,42011
1998-08-30,1.6827,1.6904,1.6604,1.6705,33025
1998-09-06,1.6693,1.6949999999999998,1.65,1.6728,34217
1998-09-13,1.6705,1.6944,1.6680000000000001,1.6835,85027
1998-09-20,1.6784,1.7086000000000001,1.6705,1.696,78708
1998-09-27,1.6975,1.7185000000000001,1.6915,1.6992,67309
1998-10-04,1.7,1.7367,1.6764999999999999,1.7101,72290
1998-10-11,1.7,1.7128,1.6862,1.7027,73240
1998-10-18,1.7023000000000001,1.712,1.6859,1.6876,69526
1998-10-25,1.685,1.6888999999999998,1.662,1.6755,60636
1998-11-01,1.6760000000000002,1.6789,1.6497000000000002,1.6602999999999999,57378
1998-11-08,1.6575,1.671,1.6514,1.663,50402
1998-11-15,1.6633,1.6806,1.6502,1.6562999999999999,46275
1998-11-22,1.6561,1.6655,1.6440000000000001,1.6513,55150
1998-11-29,1.6537,1.6735,1.6423999999999999,1.6662,59248
1998-12-06,1.6609,1.6923,1.6463,1.6918,66694
1998-12-13,1.6869,1.6949999999999998,1.6662,1.6796,61720
1998-12-20,1.6835,1.687,1.6696,1.6719,36631
1998-12-27,1.6739000000000002,1.686,1.6521,1.6609,30262
1999-01-03,1.6686,1.6720000000000002,1.6357,1.6404999999999998,27298
1999-01-10,1.6398000000000001,1.6646,1.6233,1.6502,29254
1999-01-17,1.6491,1.6625999999999999,1.6419000000000001,1.6564999999999999,24839
1999-01-24,1.6551,1.6627999999999998,1.6419000000000001,1.645,24037
1999-01-31,1.6469,1.6481,1.6298,1.6331,25714
1999-02-07,1.6327,1.6413,1.6188,1.635,25464
1999-02-14,1.6345,1.6395,1.6202,1.6219999999999999,22796
1999-02-21,1.6225,1.6266,1.5952,1.6038000000000001,23201
1999-02-28,1.5997,1.6225,1.5952,1.605,22499
1999-03-07,1.6013,1.6429,1.6004,1.6319,24657
1999-03-14,1.6308,1.6332,1.6175000000000002,1.6282999999999999,23586
1999-03-21,1.6282,1.6480000000000001,1.6174,1.6231,24877
1999-03-28,1.6227,1.6242999999999999,1.6012,1.6037,18064
1999-04-04,1.6037,1.6120999999999999,1.5840999999999998,1.6087,21506
1999-04-11,1.6072,1.621,1.6031,1.6133,23579
1999-04-18,1.6124,1.6239,1.6042,1.6155,23984
1999-04-25,1.6134,1.6221999999999999,1.6059999999999999,1.6095000000000002,24269
1999-05-02,1.6097000000000001,1.6435,1.6063,1.6296,27272
1999-05-09,1.6297000000000001,1.6353,1.6137000000000001,1.619,23587
1999-05-16,1.6212,1.6257000000000001,1.6002999999999998,1.6006,24449
1999-05-23,1.6015000000000001,1.6055000000000001,1.5882,1.6014,23003
1999-05-30,1.6029,1.6141,1.5985,1.6103,24159
1999-06-06,1.6101999999999999,1.6181,1.5981999999999998,1.6168,25663
1999-06-13,1.6141999999999999,1.6165,1.5855000000000001,1.5960999999999999,30331
1999-06-20,1.5945,1.5960999999999999,1.5739999999999998,1.5862,27745
1999-06-27,1.5867,1.5875,1.5693000000000001,1.5787,24130
1999-07-04,1.5782,1.5789,1.5470000000000002,1.5487,23067
1999-07-11,1.55,1.5703,1.5483,1.5619,24098
1999-07-18,1.563,1.5874000000000001,1.557,1.5776,23016
1999-07-25,1.5782,1.6256,1.5782,1.6215000000000002,24185
1999-08-01,1.6202999999999999,1.6282999999999999,1.6076000000000001,1.6084,28657
1999-08-08,1.6093,1.619,1.6011,1.6045,25617
1999-08-15,1.6059999999999999,1.6221999999999999,1.5955,1.6153,27141
1999-08-22,1.6156000000000001,1.6185,1.5832000000000002,1.588,26725
1999-08-29,1.5892,1.6157,1.5855000000000001,1.6019999999999999,26500
1999-09-05,1.6032,1.6375,1.5994000000000002,1.6185,29659
1999-09-12,1.6199,1.6267,1.5986,1.6235,30795
1999-09-19,1.6229,1.647,1.6195,1.6418,30287
1999-09-26,1.6417000000000002,1.6572,1.6394,1.6548,27580
1999-10-03,1.6549,1.6602999999999999,1.6473,1.6524999999999999,27986
1999-10-10,1.6515,1.6726999999999999,1.6494,1.6675,27075
1999-10-17,1.669,1.6795,1.6532,1.6539000000000001,29401
1999-10-24,1.6568,1.665,1.6326,1.6429,31570
1999-10-31,1.6441,1.6519,1.6158000000000001,1.6185,32277
1999-11-07,1.6228,1.6293,1.6099999999999999,1.616,27523
1999-11-14,1.6148,1.629,1.6120999999999999,1.6189,29476
1999-11-21,1.6195,1.6276000000000002,1.6019999999999999,1.6069,30924
1999-11-28,1.6058,1.6086,1.5911,1.6021999999999998,30299
1999-12-05,1.6017000000000001,1.6312,1.5991,1.6215000000000002,27571
1999-12-12,1.6223999999999998,1.6261,1.6021999999999998,1.604,26616
1999-12-19,1.6061999999999999,1.623,1.6019,1.6151,26455
1999-12-26,1.6160999999999999,1.6213,1.6112,1.6154,16151
2000-01-02,1.6146,1.6511,1.6138,1.6394,28316
2000-01-09,1.6387,1.6509,1.6313,1.6353,31810
2000-01-16,1.6345,1.6581000000000001,1.6297000000000001,1.6488,31073
2000-01-23,1.6463999999999999,1.6560000000000001,1.6155,1.6195,30813
2000-01-30,1.6221,1.6261,1.583,1.5916000000000001,34539
2000-02-06,1.591,1.6177000000000001,1.587,1.5944,38729
2000-02-13,1.593,1.6139999999999999,1.5842,1.6021,34921
2000-02-20,1.6000999999999999,1.6196000000000002,1.5885,1.5949,35054
2000-02-27,1.5905,1.6023,1.5751,1.5775000000000001,36694
2000-03-05,1.5796999999999999,1.5877,1.5692,1.5768,34606
2000-03-12,1.5773000000000001,1.5833,1.5678,1.5763,36820
2000-03-19,1.5754000000000001,1.5957,1.5614,1.5956000000000001,37111
2000-03-26,1.5929,1.6008,1.5811,1.5911,37404
2000-04-02,1.5912,1.6082,1.5775000000000001,1.5794000000000001,32157
2000-04-09,1.5798999999999999,1.5933000000000002,1.5766,1.588,32513
2000-04-16,1.5892,1.5946,1.5747,1.5776,31514
2000-04-23,1.5767,1.5826,1.5505,1.5521,34319
2000-04-30,1.5535,1.5673,1.5245,1.5303,32485
2000-05-07,1.5279,1.5371000000000001,1.4928,1.5161,40413
2000-05-14,1.5224,1.5230000000000001,1.4753,1.4885,35374
2000-05-21,1.4862,1.4967,1.4664,1.49,39484
2000-05-28,1.4888,1.5129000000000001,1.4858,1.5101,34562
2000-06-04,1.5103,1.5314,1.5008,1.5101,38437
2000-06-11,1.5085,1.5182,1.4952,1.5152,37747
2000-06-18,1.5147,1.5203,1.4944,1.4994,38208
2000-06-25,1.5011,1.5211999999999999,1.4936,1.5173,37164
2000-07-02,1.5168,1.5197,1.504,1.5131000000000001,35844
2000-07-09,1.5151,1.5196,1.4968,1.5021,37650
2000-07-16,1.5006,1.5201,1.4904,1.517,37004
2000-07-23,1.5175999999999998,1.5223,1.4987,1.5023,34680
2000-07-30,1.5028000000000001,1.508,1.4827,1.5053999999999998,33482
2000-08-06,1.5046,1.5143,1.4947,1.5023,31054
2000-08-13,1.5022,1.5143,1.4875,1.49,34712
2000-08-20,1.4902,1.4936,1.4689,1.4693,34514
2000-08-27,1.4708,1.4737,1.4419,1.4638,34205
2000-09-03,1.4627,1.466,1.4137,1.4139,36849
2000-09-10,1.414,1.4231,1.395,1.3973,38701
2000-09-17,1.3987,1.4758,1.3959,1.4532,37191
2000-09-24,1.4572,1.4802,1.45,1.4761,37602
2000-10-01,1.4764,1.4779,1.4422,1.4456,34956
2000-10-08,1.4469,1.4804,1.4454,1.452,35345
2000-10-15,1.4518,1.4616,1.4342,1.4515,40572
2000-10-22,1.4527999999999999,1.4581,1.4191,1.4553,41564
2000-10-29,1.4543,1.4676,1.4394,1.4504000000000001,44876
2000-11-05,1.4494,1.452,1.4129,1.4259,45423
2000-11-12,1.4264999999999999,1.4428,1.4197,1.4223,41179
2000-11-19,1.4224,1.4296,1.3957,1.3999,39225
2000-11-26,1.4008,1.4451,1.4001000000000001,1.4419,44597
2000-12-03,1.4395,1.4556,1.4308,1.4517,48898
2000-12-10,1.4462,1.4781,1.4429,1.4757,46953
2000-12-17,1.4736,1.4842,1.4606,1.4769,49014
2000-12-24,1.4769999999999999,1.4983,1.474,1.4929000000000001,34508
2000-12-31,1.4931,1.5098,1.4882,1.5041,39730
2001-01-07,1.5036,1.5106000000000002,1.4755,1.4773,45035
2001-01-14,1.4784,1.4808,1.4626000000000001,1.4628999999999999,46913
2001-01-21,1.4637,1.4744,1.4463,1.4615,49468
2001-01-28,1.4612,1.4838,1.4553,1.4689,45592
2001-02-04,1.4689999999999999,1.4785,1.4372,1.4445999999999999,46508
2001-02-11,1.4455,1.4614,1.444,1.4487,44677
2001-02-18,1.4474,1.4558,1.431,1.4551,44873
2001-02-25,1.4535,1.4763,1.4388,1.4678,46468
2001-03-04,1.4696,1.4752,1.4574,1.4694,44764
2001-03-11,1.4672,1.4699,1.4251,1.4325999999999999,52670
2001-03-18,1.4311,1.4395,1.4179,1.4251,46528
2001-03-25,1.4276,1.4426999999999999,1.4151,1.4163000000000001,48640
2001-04-01,1.4144,1.4413,1.4138,1.4398,45718
2001-04-08,1.4408,1.4502,1.427,1.4372,38082
2001-04-15,1.437,1.4487999999999999,1.4184999999999999,1.4412,39707
2001-04-22,1.4421,1.4478,1.4309,1.4386,45014
2001-04-29,1.435,1.4453,1.4264000000000001,1.4393,37851
2001-05-06,1.4376,1.4417,1.4131,1.419,41214
2001-05-13,1.4194,1.4405999999999999,1.4154,1.4395,41131
2001-05-20,1.4393,1.442,1.407,1.4224999999999999,45630
2001-05-27,1.4223,1.4276,1.4117,1.4175,41464
2001-06-03,1.4184999999999999,1.4217,1.3772,1.3786,44462
2001-06-10,1.3822,1.4109,1.3682,1.4031,44376
2001-06-17,1.4043,1.4196,1.3905,1.4133,43993
2001-06-24,1.4123,1.4231,1.403,1.4163000000000001,43186
2001-07-01,1.4161000000000001,1.4181,1.3963999999999999,1.412,38768
2001-07-08,1.4106,1.4192,1.3978,1.4045,41067
2001-07-15,1.4035,1.4357,1.3927,1.4279,47094
2001-07-22,1.4239,1.4317,1.4153,1.4238,46231
2001-07-29,1.4226,1.4361,1.4205999999999999,1.4293,44422
2001-08-05,1.4283000000000001,1.4287,1.4121000000000001,1.4231,44158
2001-08-12,1.4236,1.4522,1.4163999999999999,1.4451,47563
2001-08-19,1.445,1.4591,1.4405999999999999,1.4428,46158
2001-08-26,1.4433,1.4627,1.4374,1.4542,45438
2001-09-02,1.4527999999999999,1.4637,1.4404,1.461,48516
2001-09-09,1.4607999999999999,1.4792,1.453,1.4721,49018
2001-09-16,1.474,1.4784,1.4515,1.4567999999999999,46884
2001-09-23,1.4556,1.4775,1.4527,1.4744,46486
2001-09-30,1.4724,1.4845,1.4618,1.4842,46189
2001-10-07,1.4830999999999999,1.4834,1.4397,1.452,44565
2001-10-14,1.4521,1.4542,1.4322,1.4333,44924
2001-10-21,1.434,1.4376,1.4196,1.4365,45342
2001-10-28,1.4362,1.4684,1.4361,1.4626000000000001,46355
2001-11-04,1.4617,1.4675,1.4474,1.4563,42069
2001-11-11,1.4564,1.462,1.4263,1.427,41778
2001-11-18,1.428,1.4285,1.404,1.4093,46768
2001-11-25,1.4099,1.4297,1.4062000000000001,1.4242,47385
2001-12-02,1.4233,1.4341,1.4139,1.4338,44938
2001-12-09,1.4322,1.4569,1.4271,1.4541,45952
2001-12-16,1.4536,1.4611,1.4342,1.4416,48627
2001-12-23,1.4407,1.4555,1.4325999999999999,1.4513,37113
2001-12-30,1.4506000000000001,1.4565000000000001,1.4362,1.4473,36121
2002-01-06,1.4469,1.4497,1.4338,1.448,49019
2002-01-13,1.4498,1.4521,1.4298,1.4382,46926
2002-01-20,1.4374,1.4422,1.4062000000000001,1.4083,45875
2002-01-27,1.4083999999999999,1.4184999999999999,1.4041000000000001,1.4162,48698
2002-02-03,1.4144,1.4248,1.4064999999999999,1.4151,44402
2002-02-10,1.4132,1.4363000000000001,1.413,1.4325,42062
2002-02-17,1.432,1.4344000000000001,1.4223,1.4334,40542
2002-02-24,1.4316,1.4329,1.4108,1.4181,45803
2002-03-03,1.419,1.4312,1.4155,1.423,45761
2002-03-10,1.4218,1.4272,1.4088,1.4248,43970
2002-03-17,1.4233,1.4327,1.4195,1.4261,43337
2002-03-24,1.4252,1.429,1.4209,1.4259,41377
2002-03-31,1.4257,1.4431,1.4248,1.4321,43106
2002-04-07,1.4306,1.4408,1.4285999999999999,1.4361,43414
2002-04-14,1.4361,1.4501,1.434,1.4476,42223
2002-04-21,1.4464000000000001,1.4588,1.4453,1.4583,39092
2002-04-28,1.4569,1.4708,1.4549,1.4691,41919
2002-05-05,1.4683,1.4698,1.4531,1.4641,40666
2002-05-12,1.4634,1.4652,1.446,1.4582,44785
2002-05-19,1.4593,1.4634,1.4508,1.4581,45147
2002-05-26,1.4567999999999999,1.4689999999999999,1.4538,1.4543,40812
2002-06-02,1.4571,1.4668999999999999,1.4532,1.4599,42200
2002-06-09,1.4594,1.4803,1.4551,1.4772,41821
2002-06-16,1.4769999999999999,1.5019,1.4748999999999999,1.4975,42007
2002-06-23,1.4963,1.5381,1.4948000000000001,1.5331000000000001,48874
2002-06-30,1.5323,1.5366,1.5150000000000001,1.5225,42677
2002-07-07,1.5244,1.5582,1.5230000000000001,1.5535999999999999,46923
2002-07-14,1.5514000000000001,1.5857999999999999,1.5510000000000002,1.5773000000000001,49483
2002-07-21,1.5754000000000001,1.5867,1.5554000000000001,1.5657,51461
2002-07-28,1.5654,1.5745,1.5470000000000002,1.5697999999999999,48257
2002-08-04,1.5697,1.5713,1.5209000000000001,1.5245,48551
2002-08-11,1.5234,1.5472000000000001,1.5227,1.5390000000000001,46742
2002-08-18,1.5394,1.5448,1.5162,1.5206,43317
2002-08-25,1.521,1.5549,1.5183,1.5497999999999998,41187
2002-09-01,1.5491000000000001,1.5732,1.5462,1.5585,49400
2002-09-08,1.5587,1.5657,1.5473,1.5511,49770
2002-09-15,1.5507,1.5596,1.5283,1.5547,52190
2002-09-22,1.5546,1.5672000000000001,1.5483,1.561,50155
2002-09-29,1.561,1.5767,1.5598999999999998,1.5651000000000002,50372
2002-10-06,1.5644,1.5694,1.5505,1.5617,48653
2002-10-13,1.5621,1.5653000000000001,1.5431,1.5457999999999998,55359
2002-10-20,1.5459,1.557,1.541,1.5507,54671
2002-10-27,1.5482,1.5678,1.545,1.5651000000000002,49520
2002-11-03,1.5643,1.5931,1.5522,1.5918,49395
2002-11-10,1.5903,1.5972,1.5729,1.5800999999999998,50115
2002-11-17,1.581,1.5916000000000001,1.5701,1.5798999999999999,51110
2002-11-24,1.5781,1.5791,1.5412,1.5575,48002
2002-12-01,1.5573000000000001,1.58,1.545,1.5768,50461
2002-12-08,1.5784,1.5912,1.5682,1.5905,52284
2002-12-15,1.5891,1.6065,1.5864,1.603,54335
2002-12-22,1.6019,1.6069,1.5868,1.6040999999999999,35083
2002-12-29,1.6032,1.6138,1.5905,1.6109,39515
2003-01-05,1.609,1.6168,1.5964,1.6076000000000001,56359
2003-01-12,1.609,1.6200999999999999,1.5955,1.6133,55611
2003-01-19,1.6118000000000001,1.6360999999999999,1.6016,1.6336,61617
2003-01-26,1.6332,1.6573,1.6280000000000001,1.6471,62136
2003-02-02,1.6478000000000002,1.6539000000000001,1.6233,1.6322,54822
2003-02-09,1.6315,1.6356000000000002,1.6098,1.6145,53669
2003-02-16,1.6112,1.6122,1.5771,1.5788,53877
2003-02-23,1.5758,1.5892,1.5701,1.5734,50447
2003-03-02,1.5718,1.6094,1.5712000000000002,1.6031,51523
2003-03-09,1.6023,1.6159,1.5791,1.5836000000000001,51770
2003-03-16,1.5878,1.5907,1.5537999999999998,1.5631,54155
2003-03-23,1.5643,1.58,1.561,1.5741,50042
2003-03-30,1.5744,1.5840999999999998,1.5588,1.561,51377
2003-04-06,1.5556,1.5744,1.546,1.5705,51582
2003-04-13,1.5705,1.5848,1.5672000000000001,1.5712000000000002,43863
2003-04-20,1.5725,1.5981,1.5586,1.5918,44946
2003-04-27,1.5934,1.6141,1.5859999999999999,1.6040999999999999,47363
2003-05-04,1.604,1.6192,1.5901999999999998,1.6055000000000001,61279
2003-05-11,1.608,1.6298,1.6037,1.6216,53144
2003-05-18,1.6278000000000001,1.6472,1.625,1.6355,51521
2003-05-25,1.6335,1.6553,1.6308,1.6360000000000001,49050
2003-06-01,1.6263999999999998,1.6716,1.623,1.6618,56368
2003-06-08,1.6583,1.6794,1.6418,1.673,56393
2003-06-15,1.6743000000000001,1.6905999999999999,1.6583999999999999,1.6640000000000001,58132
2003-06-22,1.6609,1.6800000000000002,1.6452,1.6495,59494
2003-06-29,1.6491,1.6745999999999999,1.6454,1.6676,48930
2003-07-06,1.6667,1.6679,1.6217000000000001,1.6318000000000001,54752
2003-07-13,1.6297000000000001,1.6299000000000001,1.5821,1.591,57539
2003-07-20,1.5792000000000002,1.6240999999999999,1.5776,1.6215000000000002,56767
2003-07-27,1.6192,1.6315,1.5998999999999999,1.6115,54938
2003-08-03,1.6115,1.6195,1.6008,1.6056,54069
2003-08-10,1.6033,1.6143,1.5925,1.5968,54638
2003-08-17,1.5981,1.599,1.5699,1.5745,51283
2003-08-24,1.5741,1.5831,1.5614,1.5777,52836
2003-08-31,1.5789,1.5913,1.5609,1.5888,53253
2003-09-07,1.5868,1.6072,1.5782,1.6026,52152
2003-09-14,1.6049,1.6379000000000001,1.5851,1.6364999999999998,53079
2003-09-21,1.6473,1.6634,1.6413,1.6585999999999999,56009
2003-09-28,1.658,1.6763,1.6451,1.6635,56540
2003-10-05,1.6614,1.6781000000000001,1.6559,1.6640000000000001,52476
2003-10-12,1.6643,1.6819,1.6534,1.6785,52527
2003-10-19,1.6793,1.7001,1.6686,1.6949999999999998,52909
2003-10-26,1.696,1.7083,1.6875,1.6978,54637
2003-11-02,1.6955,1.698,1.6566,1.6761,52389
2003-11-09,1.6733,1.6914,1.663,1.6872,50626
2003-11-16,1.6899,1.7088999999999999,1.6859,1.7037,54501
2003-11-23,1.7055,1.7247,1.6924000000000001,1.7217,49604
2003-11-30,1.7215,1.7322,1.7167,1.7311999999999999,53835
2003-12-07,1.7302,1.7511999999999999,1.7266,1.746,52307
2003-12-14,1.7359,1.7745,1.7356,1.7646,53787
2003-12-21,1.7650000000000001,1.7765,1.7597,1.7715,34595
2003-12-28,1.7725,1.7952,1.7701,1.7932000000000001,36888
2004-01-04,1.7934999999999999,1.8502,1.7932000000000001,1.8481,56400
2004-01-11,1.8472,1.8584,1.7930000000000001,1.7985,57833
2004-01-18,1.7981,1.8526,1.7824,1.8264,57749
2004-01-25,1.8258,1.8386,1.8018,1.8247,65096
2004-02-01,1.8243,1.8519,1.8136999999999999,1.8471,60964
2004-02-08,1.8428,1.899,1.8415,1.885,61312
2004-02-15,1.8843,1.9143,1.8563,1.8620999999999999,57786
2004-02-22,1.8608,1.8948,1.8455,1.8679999999999999,61141
2004-02-29,1.8672,1.8752,1.8155000000000001,1.8462,63010
2004-03-07,1.8466,1.8589,1.7906,1.8034,64239
2004-03-14,1.7997999999999998,1.8407,1.7941,1.8335,60521
2004-03-21,1.8333,1.8542,1.7989000000000002,1.8161,59590
2004-03-28,1.8135,1.8608,1.8056999999999999,1.8293,60385
2004-04-04,1.8288,1.8469,1.8107,1.8333,53331
2004-04-11,1.8335,1.8427,1.7762,1.7983,72102
2004-04-18,1.7976,1.8146,1.7614999999999998,1.7722,58628
2004-04-25,1.7713999999999999,1.7974,1.7579,1.7788,63897
2004-05-02,1.7795,1.8044,1.7687,1.7879,72802
2004-05-09,1.7859,1.7877,1.748,1.7612999999999999,73371
2004-05-16,1.7606000000000002,1.7961,1.7570999999999999,1.7883,74180
2004-05-23,1.788,1.8427,1.7821,1.8322,72981
2004-05-30,1.8348,1.8492,1.8276,1.841,70199
2004-06-06,1.8413,1.8481999999999998,1.8159999999999998,1.8195000000000001,72991
2004-06-13,1.8165,1.8409,1.8042,1.8384,72597
2004-06-20,1.8387,1.8413,1.81,1.8272,70534
2004-06-27,1.8269,1.8359999999999999,1.8011,1.8311,68589
2004-07-04,1.8317,1.862,1.8268,1.8599999999999999,67685
2004-07-11,1.8599,1.876,1.8475000000000001,1.8733,66025
2004-07-18,1.8742999999999999,1.8776000000000002,1.8298999999999999,1.8321,66060
2004-07-25,1.8319999999999999,1.8452,1.8083,1.8197,69015
2004-08-01,1.8233000000000001,1.8469,1.815,1.8416000000000001,68228
2004-08-08,1.8437999999999999,1.846,1.8132000000000001,1.8437000000000001,68236
2004-08-15,1.8441999999999998,1.8468,1.8157999999999999,1.8189,64296
2004-08-22,1.8197999999999999,1.8201,1.7883,1.7901,65291
2004-08-29,1.7905,1.8068,1.7736,1.7768000000000002,55426
2004-09-05,1.7751000000000001,1.8029,1.7708,1.7964,51176
2004-09-12,1.7987,1.8037999999999998,1.7739,1.7915,48888
2004-09-19,1.7921,1.8093,1.7814999999999999,1.8041,46963
2004-09-26,1.806,1.8166,1.7928,1.7982,47173
2004-10-03,1.7976,1.798,1.7745,1.7949000000000002,49524
2004-10-10,1.7945,1.8071000000000002,1.7839,1.8037,46603
2004-10-17,1.8037,1.8319,1.7922,1.8287,48647
2004-10-24,1.8300999999999998,1.8451,1.8193000000000001,1.8378,52130
2004-10-31,1.839,1.857,1.8296999999999999,1.857,53554
2004-11-07,1.8563,1.862,1.8376000000000001,1.8567,50462
2004-11-14,1.8557000000000001,1.8639999999999999,1.8437999999999999,1.8598,50037
2004-11-21,1.8580999999999999,1.9039000000000001,1.8521,1.8933,48183
2004-11-28,1.8918,1.9445000000000001,1.8849,1.9434,53139
2004-12-05,1.9428999999999998,1.9510999999999998,1.9014,1.9117,54124
2004-12-12,1.9097,1.9552,1.9092,1.9416,54345
2004-12-19,1.9441000000000002,1.951,1.9098000000000002,1.9237,50895
2004-12-26,1.923,1.942,1.9119000000000002,1.9191,50533
2005-01-02,1.9192,1.9203999999999999,1.8645,1.8712,56867
2005-01-09,1.8700999999999999,1.8942,1.8638,1.8705,53740
2005-01-16,1.8704,1.8831,1.8523,1.8771,53534
2005-01-23,1.8784999999999998,1.8932,1.8622999999999998,1.8875,53441
2005-01-30,1.8853,1.8921999999999999,1.8728,1.8747,51889
2005-02-06,1.8719999999999999,1.8754,1.8507,1.8697,51599
2005-02-13,1.8697,1.8979,1.8677000000000001,1.8942999999999999,52680
2005-02-20,1.8934,1.92,1.8906,1.919,51822
2005-02-27,1.9173,1.9276,1.9054,1.9226999999999999,49781
2005-03-06,1.923,1.9327999999999999,1.9112,1.9262000000000001,51935
2005-03-13,1.9264000000000001,1.9295,1.9099,1.9221,52006
2005-03-20,1.9198,1.9203000000000001,1.8660999999999999,1.8712,50056
2005-03-27,1.8705,1.8979,1.8593,1.8816000000000002,52143
2005-04-03,1.8782,1.8862,1.8671,1.8862,50405
2005-04-10,1.8849,1.8958,1.8757000000000001,1.893,52169
2005-04-17,1.8934,1.9220000000000002,1.8883,1.9143,59217
2005-04-24,1.9169,1.9177,1.8987,1.9085999999999999,60668
2005-05-01,1.9066,1.9079000000000002,1.8883999999999999,1.8913,59159
2005-05-08,1.8907,1.8915,1.8481999999999998,1.8493,61015
2005-05-15,1.8506,1.8511,1.8233000000000001,1.8266,61064
2005-05-22,1.825,1.8361,1.8187,1.8244,58187
2005-05-29,1.8241,1.826,1.8075999999999999,1.8153000000000001,61370
2005-06-05,1.8131,1.8405,1.8107,1.8126,67812
2005-06-12,1.8117999999999999,1.8312,1.7999,1.8312,74069
2005-06-19,1.8239999999999998,1.8335,1.812,1.8239999999999998,70759
2005-06-26,1.8231000000000002,1.8317999999999999,1.7667000000000002,1.768,70017
2005-07-03,1.7603,1.7657,1.7309999999999999,1.7384,68819
2005-07-10,1.7368999999999999,1.7793,1.7358,1.751,74619
2005-07-17,1.7502,1.7619,1.7271,1.7401,72427
2005-07-24,1.7378,1.7614999999999998,1.7330999999999999,1.7574,65828
2005-07-31,1.7556,1.7833999999999999,1.754,1.7784,64072
2005-08-07,1.7763,1.818,1.7727,1.8148,67143
2005-08-14,1.8159999999999998,1.8167,1.7890000000000001,1.7951000000000001,65916
2005-08-21,1.7966,1.8101,1.7906,1.8014000000000001,60764
2005-08-28,1.8018,1.8452,1.7819,1.8437999999999999,63316
2005-09-04,1.8397999999999999,1.8502999999999998,1.8319,1.8391,62492
2005-09-11,1.8414000000000001,1.8431,1.8018999999999998,1.8077,60842
2005-09-18,1.8037999999999998,1.8151000000000002,1.7751000000000001,1.776,58547
2005-09-25,1.7723,1.7801,1.7565,1.7682,59076
2005-10-02,1.7619,1.7816,1.7511999999999999,1.7609,62148
2005-10-09,1.7601,1.7709000000000001,1.7391999999999999,1.7684,52652
2005-10-16,1.7683,1.78,1.7423,1.7686,57864
2005-10-23,1.7664,1.7904,1.7633,1.774,57217
2005-10-30,1.7738,1.7826,1.7457,1.7506,58379
2005-11-06,1.7462,1.752,1.7326000000000001,1.7425000000000002,57095
2005-11-13,1.7423,1.7499,1.7097,1.7167,58911
2005-11-20,1.7168,1.7288000000000001,1.7064,1.7144,50969
2005-11-27,1.7126000000000001,1.7381,1.7046999999999999,1.7328999999999999,51182
2005-12-04,1.7316,1.7568000000000001,1.7271,1.7543,49965
2005-12-11,1.7507000000000001,1.7811,1.7502,1.7719,52427
2005-12-18,1.7692999999999999,1.7732999999999999,1.7305000000000001,1.7335,50272
2005-12-25,1.7332999999999998,1.7410999999999999,1.7128999999999999,1.7229,44840
2006-01-01,1.7223000000000002,1.7723,1.7187000000000001,1.7694999999999999,48416
2006-01-08,1.7681,1.7784,1.7517,1.7747000000000002,52703
2006-01-15,1.7767,1.7799,1.7527,1.7709000000000001,51160
2006-01-22,1.7715,1.7936999999999999,1.7665,1.768,53024
2006-01-29,1.7687,1.7861,1.7591999999999999,1.7623,50130
2006-02-05,1.7624,1.7643,1.7374,1.7457,50267
2006-02-12,1.7433999999999998,1.7490999999999999,1.7278,1.7405,50685
2006-02-19,1.7415,1.7557,1.7374,1.7449,48764
2006-02-26,1.7433999999999998,1.7596,1.7372999999999998,1.7545,49516
2006-03-05,1.7563,1.7626,1.7231,1.726,51459
2006-03-12,1.7261,1.7597,1.7231,1.7555,50103
2006-03-19,1.7553,1.759,1.7309,1.742,48571
2006-03-26,1.7429000000000001,1.7539,1.7315,1.7372,50506
2006-04-02,1.7365,1.7619,1.725,1.7421,51903
2006-04-09,1.7428,1.7574999999999998,1.7376,1.7511999999999999,44798
2006-04-16,1.7532,1.7938,1.7530999999999999,1.7824,49327
2006-04-23,1.7868,1.8268,1.7792,1.8256999999999999,51366
2006-04-30,1.8235999999999999,1.8625,1.8205,1.8595000000000002,51477
2006-05-07,1.8628,1.9001000000000001,1.8513,1.8947,53646
2006-05-14,1.8965999999999998,1.9026999999999998,1.87,1.8778000000000001,54194
2006-05-21,1.8771,1.8889,1.8531,1.8594,53554
2006-05-28,1.858,1.887,1.8561,1.8819,52325
2006-06-04,1.8833,1.8881999999999999,1.8364,1.8406,54901
2006-06-11,1.8395000000000001,1.8563,1.8316,1.8505,52375
2006-06-18,1.8517000000000001,1.8533,1.8126,1.8187,50473
2006-06-25,1.8188,1.8502999999999998,1.8089,1.8498,52690
2006-07-02,1.8476,1.8542,1.8326,1.8509,49214
2006-07-09,1.8502,1.8523,1.8309,1.8387,52014
2006-07-16,1.8378,1.8601,1.8176,1.8584,52574
2006-07-23,1.8593,1.8678,1.8384,1.8632,52242
2006-07-30,1.8627,1.9131,1.8617,1.9076,54232
2006-08-06,1.9074,1.9146,1.8867,1.8902,52533
2006-08-13,1.8897,1.9026,1.8775,1.8815,50551
2006-08-20,1.8814,1.9001000000000001,1.8809,1.887,53865
2006-08-27,1.8874,1.9094,1.8862,1.9045,51894
2006-09-03,1.9064999999999999,1.9083999999999999,1.8628,1.8654,54131
2006-09-10,1.8653,1.8921000000000001,1.8601,1.879,52719
2006-09-17,1.8780000000000001,1.9062000000000001,1.8735,1.9001000000000001,70691
2006-09-24,1.9008,1.9072,1.8631,1.8721999999999999,71910
2006-10-01,1.8747,1.8900000000000001,1.8672,1.8705,58094
2006-10-08,1.8688,1.8714,1.8517000000000001,1.8557000000000001,41640
2006-10-15,1.8549,1.8860000000000001,1.8523,1.8833,46793
2006-10-22,1.8829,1.9002,1.8672,1.8978000000000002,42254
2006-10-29,1.8961999999999999,1.9135,1.8953,1.9011,42991
2006-11-05,1.9016,1.9177,1.8947,1.9104999999999999,42237
2006-11-12,1.9119000000000002,1.9153,1.8835,1.8942999999999999,44151
2006-11-19,1.8944999999999999,1.9348,1.8931,1.932,35558
2006-11-26,1.939,1.9846,1.9304999999999999,1.9809999999999999,52102
2006-12-03,1.9832,1.9838,1.9517,1.9545,45672
2006-12-10,1.9529,1.9727000000000001,1.9463,1.9521,42847
2006-12-17,1.9522,1.9747,1.9433,1.9579,39301
2006-12-24,1.9579,1.9677,1.9514,1.9586999999999999,35438
2006-12-31,1.9613,1.975,1.9263,1.9291,44189
2007-01-07,1.9303,1.9606,1.9260000000000002,1.9588999999999999,48918
2007-01-14,1.959,1.9777,1.9569,1.9738,45485
2007-01-21,1.9737,1.9912999999999998,1.9559,1.9593,47012
2007-01-28,1.9609999999999999,1.9746000000000001,1.948,1.966,35466
2007-02-04,1.9653,1.9731999999999998,1.9457,1.9489999999999998,32999
2007-02-11,1.9518,1.9678,1.94,1.9496,36487
2007-02-18,1.9543,1.9654,1.9428999999999998,1.9635,30391
2007-02-25,1.9632,1.9672,1.9411,1.9433,44988
2007-03-04,1.9444,1.9447,1.9184,1.932,36914
2007-03-11,1.9346,1.9504000000000001,1.9212,1.9421,33784
2007-03-18,1.9403000000000001,1.9724,1.9394,1.9615,30878
2007-03-25,1.9601,1.972,1.9544000000000001,1.9679,31827
2007-04-01,1.9691,1.9823,1.9636,1.9651999999999998,23560
2007-04-08,1.9651,1.9886,1.9590999999999998,1.9862,26974
2007-04-15,1.9868000000000001,2.0132,1.9861,2.0021,30262
2007-04-22,2.0055,2.0061,1.9864000000000002,1.9973999999999998,28766
2007-04-29,1.9965000000000002,2.0072,1.9842,1.9921,28538
2007-05-06,1.994,1.9999,1.9762,1.9811999999999999,27008
2007-05-13,1.9817,1.9872999999999998,1.9699,1.9745,25435
2007-05-20,1.9744000000000002,1.9893,1.9677,1.9837,24356
2007-05-27,1.9841,1.9899,1.9733,1.9823,23160
2007-06-03,1.982,1.9967000000000001,1.962,1.9698,25431
2007-06-10,1.9694,1.9783,1.9651999999999998,1.976,26848
2007-06-17,1.9759,1.9996,1.9756,1.9992,29372
2007-06-24,1.9985,2.0086,1.9928,2.0086,30840
2007-07-01,2.0084,2.0206,2.0057,2.0107,30849
2007-07-08,2.0116,2.0365,2.0097,2.0341,35316
2007-07-15,2.0339,2.0586,2.0326,2.0561,34337
2007-07-22,2.0551,2.0652,2.0231,2.024,47671
2007-07-29,2.0206,2.046,2.0182,2.0408,46479
2007-08-05,2.0421,2.0462,2.0154,2.0231,54826
2007-08-12,2.0219,2.0259,1.9651999999999998,1.9811,72656
2007-08-19,1.9813,2.0148,1.9743,2.0141,53296
2007-08-26,2.0135,2.0232,1.996,2.017,52701
2007-09-02,2.0166,2.0322,2.0042,2.0286,44664
2007-09-09,2.0281,2.0365,2.0054,2.0073,50376
2007-09-16,2.0059,2.0214,1.9879,2.0202,55620
2007-09-23,2.0206,2.0488,2.0085,2.0471,52009
2007-09-30,2.0472,2.0492,2.0278,2.0422,48274
2007-10-07,2.0418,2.0474,2.0244,2.0359,41723
2007-10-14,2.0351,2.0523,2.0285,2.0516,46626
2007-10-21,2.0535,2.0572,2.0257,2.0524,52495
2007-10-28,2.0548,2.0897,2.0528,2.0894,49818
2007-11-04,2.0889,2.1161,2.0781,2.0902,59770
2007-11-11,2.0824,2.087,2.0352,2.0544,67179
2007-11-18,2.0536,2.0762,2.045,2.0627,54904
2007-11-25,2.0618,2.083,2.0532,2.0577,58348
2007-12-02,2.0558,2.0677,2.0179,2.0303,57348
2007-12-09,2.032,2.0577,2.0146,2.0174,55340
2007-12-16,2.0164,2.0226,1.9808,1.9836,57889
2007-12-23,1.9832,2.0022,1.9755,1.9962,23719
2007-12-30,1.9971999999999999,2.0099,1.9673,1.9741,39061
2008-01-06,1.9736,1.9827,1.9481000000000002,1.9565000000000001,62993
2008-01-13,1.9588999999999999,1.9788999999999999,1.9512,1.9553,71977
2008-01-20,1.9571,1.9847000000000001,1.9337,1.983,89058
2008-01-27,1.9830999999999999,1.9957,1.9646,1.9649999999999999,62592
2008-02-03,1.9639,1.9786000000000001,1.9386,1.9458,61869
2008-02-10,1.9464000000000001,1.9737,1.9401000000000002,1.9612,58188
2008-02-17,1.9567999999999999,1.9707,1.9361000000000002,1.9668,55436
2008-02-24,1.9689999999999999,1.9971,1.9616,1.9891,64209
2008-03-02,1.9858,2.0215,1.972,2.0135,67808
2008-03-09,2.0195,2.0391,1.9994,2.0193,71996
2008-03-16,2.0166,2.0271,1.9736,1.9819,90269
2008-03-23,1.9803,2.0192,1.9759,1.9944,64136
2008-03-30,1.9950999999999999,2.0048,1.9731,1.9933,74651
2008-04-06,1.9939,1.994,1.9651,1.9693,63679
2008-04-13,1.9662,1.9998,1.9599,1.9978,72723
2008-04-20,1.998,2.0029,1.9676,1.9858,73037
2008-04-27,1.9837,1.9965000000000002,1.9625,1.9717,71210
2008-05-04,1.9731,1.9784000000000002,1.9458,1.9539,60959
2008-05-11,1.9506000000000001,1.9632,1.9363000000000001,1.9569,68074
2008-05-18,1.9572,1.9851999999999999,1.9453,1.9797,56608
2008-05-25,1.9809,1.9846,1.9672,1.9822,54682
2008-06-01,1.9766,1.9771,1.9461,1.9707,69407
2008-06-08,1.9704000000000002,1.98,1.9407999999999999,1.9476,73160
2008-06-15,1.9471,1.9790999999999999,1.9461,1.976,60929
2008-06-22,1.9750999999999999,1.9950999999999999,1.9586000000000001,1.9949,55511
2008-06-29,1.9943,2.0006,1.9794,1.9823,53476
2008-07-06,1.9825,1.9959,1.9647000000000001,1.9886,58587
2008-07-13,1.991,2.0158,1.9814,1.9984,66939
2008-07-20,1.9952,2.0076,1.9817,1.9916,64571
2008-07-27,1.991,1.9968,1.9727000000000001,1.9752,55712
2008-08-03,1.9755,1.9758,1.9146,1.9209,62713
2008-08-10,1.9137,1.9256,1.8512,1.8660999999999999,82435
2008-08-17,1.8643999999999998,1.8794,1.8505,1.8526,53753
2008-08-24,1.8516,1.859,1.8174000000000001,1.821,72037
2008-08-31,1.811,1.8127,1.7537,1.7665,99095
2008-09-07,1.7872,1.7974,1.7446000000000002,1.7941,110848
2008-09-14,1.7991000000000001,1.8387,1.7731,1.8315000000000001,130106
2008-09-21,1.8325,1.8668,1.8264,1.8441,97730
2008-09-28,1.8279999999999998,1.8342,1.7551,1.7713999999999999,122523
2008-10-05,1.7624,1.7694999999999999,1.6785999999999999,1.7048999999999999,157749
2008-10-12,1.7118,1.7623,1.6926,1.7281,131676
2008-10-19,1.7306,1.7517,1.5269,1.5907,153012
2008-10-26,1.5725,1.6671,1.5278,1.6075,186267
2008-11-02,1.6101,1.6397,1.5535,1.5642,181558
2008-11-09,1.5763,1.5884,1.4557,1.4739,131355
2008-11-16,1.4666000000000001,1.5248,1.4657,1.4925,112940
2008-11-23,1.4957,1.5534,1.4842,1.5369000000000002,97969
2008-11-30,1.5381,1.5396,1.4466999999999999,1.4685000000000001,106274
2008-12-07,1.4716,1.5112999999999999,1.4679,1.4944,78596
2008-12-14,1.4958,1.5722,1.4809999999999999,1.4927000000000001,113900
2008-12-21,1.4948000000000001,1.499,1.4581,1.4617,56327
2008-12-28,1.4657,1.4769999999999999,1.4354,1.4546999999999999,45744
2009-01-04,1.4546000000000001,1.5372,1.4431,1.5163,108972
2009-01-11,1.5068000000000001,1.5114999999999998,1.4469,1.4732,135181
2009-01-18,1.4872,1.4909,1.3503,1.3799000000000001,156538
2009-01-25,1.3682,1.4542,1.3547,1.4539,157621
2009-02-01,1.4438,1.4842,1.4051,1.4786000000000001,146627
2009-02-08,1.48118,1.49845,1.4134,1.4353500000000001,179999
2009-02-15,1.42115,1.44835,1.4093,1.44315,146511
2009-02-22,1.4397,1.46605,1.41105,1.43145,225598
2009-03-01,1.4269,1.43046,1.39566,1.40921,228372
2009-03-08,1.41265,1.41821,1.36542,1.40011,210280
2009-03-15,1.39135,1.45948,1.38436,1.4463599999999999,263719
2009-03-22,1.4491,1.47785,1.42676,1.43191,226456
2009-03-29,1.42458,1.4846,1.41096,1.48387,221647
2009-04-05,1.48447,1.49574,1.4579900000000001,1.46776,208886
2009-04-12,1.46402,1.5066199999999998,1.46041,1.47961,224542
2009-04-19,1.47806,1.48135,1.43958,1.46775,224651
2009-04-26,1.46628,1.4945599999999999,1.4514,1.49216,222915
2009-05-03,1.49211,1.52466,1.4834800000000001,1.52331,264907
2009-05-10,1.52276,1.5352000000000001,1.50575,1.51788,264139
2009-05-17,1.5171999999999999,1.5941999999999998,1.5116,1.593,353188
2009-05-24,1.5929,1.6196000000000002,1.5777,1.6188,422085
2009-05-31,1.6181999999999999,1.6661000000000001,1.5941,1.5979,547890
2009-06-07,1.5953,1.6617,1.5802,1.6442999999999999,452254
2009-06-14,1.6425,1.6561,1.6188,1.6494,126824
2009-06-21,1.6505999999999998,1.6602000000000001,1.6209,1.65244,217808
2009-06-28,1.65011,1.67427,1.6303,1.6332,315873
2009-07-05,1.6282999999999999,1.638,1.5985,1.6211,115993
2009-07-12,1.6183,1.6481,1.6034000000000002,1.6335,111367
2009-07-19,1.6362,1.6583999999999999,1.6311,1.6423999999999999,100077
2009-07-26,1.6448,1.6732,1.634,1.6712,80798
2009-08-02,1.6861000000000002,1.7043,1.6652,1.6683,78522
2009-08-09,1.6682000000000001,1.6718,1.6392,1.6543,80748
2009-08-16,1.6505,1.6623999999999999,1.6276000000000002,1.6507,74818
2009-08-23,1.6503999999999999,1.6545,1.6154,1.627,67241
2009-08-30,1.6267,1.6411,1.6113,1.6391,234772
2009-09-06,1.6393,1.6741000000000001,1.6322,1.6655,151541
2009-09-13,1.6684,1.6684,1.623,1.627,66100
2009-09-20,1.6216,1.6467,1.5916000000000001,1.5949,72042
2009-09-27,1.5967,1.6125,1.577,1.5945,78826
2009-10-04,1.5927,1.6115,1.5825,1.5844,87383
2009-10-11,1.5856,1.6398000000000001,1.5708,1.6355,67984
2009-10-18,1.6313,1.6692,1.6240999999999999,1.6305,67279
2009-10-25,1.6317,1.6602999999999999,1.6251,1.6448800000000001,114938
2009-11-01,1.6392799999999998,1.66351,1.6261700000000001,1.6610200000000002,301324
2009-11-08,1.6646,1.68414,1.6514799999999998,1.66724,296304
2009-11-15,1.6710099999999999,1.6875200000000001,1.64598,1.65018,306248
2009-11-22,1.64757,1.67447,1.62711,1.64995,287796
2009-11-29,1.65251,1.67206,1.6379899999999998,1.64733,280301
2009-12-06,1.64628,1.65154,1.61669,1.62605,325452
2009-12-13,1.6221,1.64087,1.60497,1.61558,256421
2009-12-20,1.61163,1.6162,1.59195,1.5945399999999998,159318
2009-12-27,1.59442,1.6232199999999999,1.58294,1.61443,149296
2010-01-03,1.6120999999999999,1.6238000000000001,1.58961,1.60212,261752
2010-01-10,1.60585,1.63536,1.60585,1.6262699999999999,274240
2010-01-17,1.627,1.64561,1.60777,1.61121,301328
2010-01-24,1.6106,1.6274600000000001,1.59781,1.5982699999999999,298304
2010-01-31,1.59464,1.6068099999999998,1.55582,1.5639699999999999,283289
2010-02-07,1.55973,1.5763099999999999,1.5534,1.56997,295536
2010-02-14,1.56651,1.5814599999999999,1.53501,1.54725,264532
2010-02-21,1.54547,1.55745,1.51518,1.52351,290388
2010-02-28,1.51539,1.52027,1.47838,1.5137399999999999,293490
2010-03-07,1.51311,1.52165,1.48721,1.52031,230288
2010-03-14,1.5175800000000002,1.53816,1.49771,1.5012400000000001,247550
2010-03-21,1.49935,1.51113,1.47983,1.48945,267394
2010-03-28,1.4954,1.5297399999999999,1.48913,1.5206300000000001,225022
2010-04-04,1.52658,1.53901,1.51282,1.53673,221877
2010-04-11,1.54378,1.55218,1.53356,1.5361500000000001,250281
2010-04-18,1.5290599999999999,1.54717,1.51912,1.5375,265208
2010-04-25,1.5386,1.54968,1.51251,1.52708,288786
2010-05-02,1.5312000000000001,1.53145,1.44751,1.48026,347894
2010-05-09,1.48384,1.50534,1.44949,1.45346,377439
2010-05-16,1.45244,1.45408,1.42323,1.44587,376362
2010-05-23,1.44651,1.46092,1.42584,1.44562,313868
2010-05-30,1.44308,1.4769,1.44266,1.44537,319194
2010-06-06,1.44183,1.4757799999999999,1.43456,1.455,348066
2010-06-13,1.45535,1.48852,1.4550100000000001,1.48223,334205
2010-06-20,1.48575,1.50756,1.46866,1.5060099999999998,289027
2010-06-27,1.5053800000000002,1.5228199999999998,1.4873,1.51938,267585
2010-07-04,1.5194,1.52401,1.505,1.50627,200732
2010-07-11,1.50617,1.54706,1.49478,1.52995,286036
2010-07-18,1.52885,1.54484,1.51235,1.54253,231655
2010-07-25,1.54136,1.572,1.54091,1.5687799999999998,217561
2010-08-01,1.5725,1.5997,1.56949,1.59406,190892
2010-08-08,1.59849,1.5993,1.5561,1.55897,215011
2010-08-15,1.5588,1.5701100000000001,1.54644,1.55325,222909
2010-08-22,1.55384,1.56169,1.53718,1.55274,215552
2010-08-29,1.55343,1.5575299999999999,1.53264,1.5448,163788
2010-09-05,1.5444499999999999,1.5532,1.52964,1.5355699999999999,175655
2010-09-12,1.5354,1.57279,1.5347499999999998,1.56304,218154
2010-09-19,1.5655999999999999,1.5842100000000001,1.5503,1.58228,193600
2010-09-26,1.5821,1.59214,1.56688,1.58189,235590
2010-10-03,1.5804,1.6016599999999999,1.5747900000000001,1.5955,246725
2010-10-10,1.5952,1.6105399999999999,1.57546,1.59901,220894
2010-10-17,1.59809,1.60022,1.56494,1.56799,265135
2010-10-24,1.56636,1.60442,1.56633,1.60384,339699
2010-10-31,1.60438,1.6298,1.59609,1.61809,363474
2010-11-07,1.61877,1.62126,1.59528,1.61123,407150
2010-11-14,1.61253,1.61531,1.58388,1.5978400000000001,413889
2010-11-21,1.60009,1.60833,1.55761,1.55903,446485
2010-11-28,1.55994,1.57866,1.5484200000000001,1.57736,494522
2010-12-05,1.57672,1.58608,1.5655000000000001,1.58004,455484
2010-12-12,1.5798,1.59096,1.5453999999999999,1.55314,426838
2010-12-19,1.55144,1.55754,1.53556,1.5443,345949
2010-12-26,1.54386,1.56643,1.5344600000000002,1.5609199999999999,326780
2011-01-02,1.55431,1.56448,1.54057,1.55457,428831
2011-01-09,1.55354,1.58876,1.54746,1.58667,449711
2011-01-16,1.58734,1.6057700000000001,1.5834700000000002,1.59981,466797
2011-01-23,1.59937,1.60152,1.5750899999999999,1.58592,491855
2011-01-30,1.58319,1.62767,1.58213,1.61089,447858
2011-02-06,1.6096599999999999,1.61842,1.59626,1.60049,322992
2011-02-13,1.60038,1.62614,1.59808,1.62521,378164
2011-02-20,1.6242,1.6271900000000001,1.60305,1.61162,405142
2011-02-27,1.60826,1.6343,1.60705,1.62666,404878
2011-03-06,1.62758,1.63401,1.5976599999999999,1.60784,386920
2011-03-13,1.60827,1.6252499999999999,1.5977999999999999,1.62323,470782
2011-03-20,1.62287,1.64001,1.6006200000000002,1.60398,398701
2011-03-27,1.6007500000000001,1.61498,1.5935700000000002,1.6108500000000001,381412
2011-04-03,1.6109200000000001,1.6426699999999999,1.6091199999999999,1.63794,358754
2011-04-10,1.63727,1.64249,1.62268,1.63236,370367
2011-04-17,1.63188,1.65984,1.61661,1.65061,339152
2011-04-24,1.6516899999999999,1.67449,1.64311,1.6703000000000001,366939
2011-05-01,1.6707,1.67371,1.6354199999999999,1.63618,412971
2011-05-08,1.63746,1.65154,1.61471,1.61927,381773
2011-05-15,1.61758,1.63045,1.61052,1.6228500000000001,190395
2011-05-22,1.62208,1.65118,1.60335,1.65056,288178
2011-05-29,1.6482,1.65461,1.62869,1.64237,356338
2011-06-05,1.64243,1.6470500000000001,1.62192,1.6222400000000001,280780
2011-06-12,1.6234899999999999,1.64409,1.6077599999999999,1.61613,416598
2011-06-19,1.61608,1.6261,1.59375,1.5957,426235
2011-06-26,1.5960999999999999,1.6117599999999999,1.59116,1.6068099999999998,408949
2011-07-03,1.60605,1.61391,1.59307,1.60568,398762
2011-07-10,1.6029900000000001,1.61925,1.5780699999999999,1.61322,478735
2011-07-17,1.61174,1.6338300000000001,1.60047,1.62973,464826
2011-07-24,1.63304,1.64695,1.62609,1.64192,399260
2011-07-31,1.63904,1.64745,1.62233,1.6389,473837
2011-08-07,1.64539,1.64704,1.61101,1.62748,568278
2011-08-14,1.62865,1.66174,1.62546,1.6462400000000001,474724
2011-08-21,1.64724,1.657,1.6207799999999999,1.63667,436972
2011-08-28,1.63396,1.6433900000000001,1.61314,1.62148,409953
2011-09-04,1.61707,1.61852,1.5843500000000001,1.58782,501215
2011-09-11,1.58301,1.58853,1.57065,1.5786799999999999,519111
2011-09-18,1.57159,1.57546,1.53271,1.54459,535201
2011-09-25,1.54742,1.57146,1.54319,1.55793,539934
2011-10-02,1.5571700000000002,1.5645,1.52721,1.55575,577239
2011-10-09,1.55537,1.58508,1.55263,1.5817,508915
2011-10-16,1.5818400000000001,1.59728,1.56314,1.59459,541165
2011-10-23,1.59424,1.61504,1.58906,1.6127500000000001,534143
2011-10-30,1.6130200000000001,1.6164100000000001,1.5877,1.6030799999999998,548731
2011-11-06,1.60547,1.6129099999999998,1.5868,1.6067900000000002,483359
2011-11-13,1.60703,1.60896,1.5690499999999998,1.58026,513588
2011-11-20,1.57826,1.57832,1.5422799999999999,1.5433,468891
2011-11-27,1.54894,1.5778699999999999,1.54583,1.55945,451415
2011-12-04,1.5602800000000001,1.57679,1.5561,1.56654,434844
2011-12-11,1.56448,1.56566,1.54087,1.5542099999999999,428559
2011-12-18,1.5523500000000001,1.57731,1.54645,1.5584099999999999,341276
2011-12-25,1.5626600000000002,1.5689899999999999,1.53616,1.55366,304109
2012-01-01,1.5493700000000001,1.56687,1.5375100000000002,1.54243,376095
2012-01-08,1.5415100000000002,1.54995,1.52358,1.53156,410571
2012-01-15,1.5294400000000001,1.55765,1.5281799999999999,1.5573700000000001,400435
2012-01-22,1.55401,1.57392,1.5516100000000002,1.5726900000000001,401317
2012-01-29,1.57253,1.5882100000000001,1.56534,1.58107,415493
2012-02-05,1.5819299999999998,1.59277,1.57294,1.57525,425833
2012-02-12,1.57904,1.58612,1.56445,1.5833,406244
2012-02-19,1.58615,1.58983,1.5648,1.58711,368262
2012-02-26,1.5891899999999999,1.5990799999999998,1.57992,1.5832199999999998,368405
2012-03-04,1.58317,1.58809,1.5661800000000001,1.5672000000000001,318326
2012-03-11,1.56662,1.58601,1.5602399999999998,1.58398,321596
2012-03-18,1.5844,1.59222,1.5769,1.58663,314763
2012-03-25,1.58712,1.60357,1.5800800000000002,1.60061,336345
2012-04-01,1.6006200000000002,1.60617,1.5804200000000002,1.5864500000000001,328066
2012-04-08,1.58895,1.59835,1.58088,1.5844399999999998,333163
2012-04-15,1.58501,1.61483,1.5817999999999999,1.61215,344094
2012-04-22,1.6126,1.62793,1.60759,1.62594,313947
2012-04-29,1.6273499999999999,1.6300599999999998,1.61408,1.6147,288155
2012-05-06,1.6150099999999998,1.61975,1.6061100000000001,1.60656,338761
2012-05-13,1.60656,1.61219,1.57322,1.5814599999999999,349753
2012-05-20,1.58104,1.58474,1.56298,1.5664099999999999,377400
2012-05-27,1.5678999999999998,1.57161,1.52677,1.5359099999999999,442326
2012-06-03,1.53722,1.55999,1.53213,1.5468199999999999,447548
2012-06-10,1.55203,1.57263,1.5453700000000001,1.57111,437923
2012-06-17,1.5737,1.5776400000000002,1.5556299999999998,1.5582500000000001,460140
2012-06-24,1.55831,1.5714299999999999,1.54843,1.5704,387203
2012-07-01,1.56956,1.57207,1.5460500000000001,1.54887,340734
2012-07-08,1.54758,1.55797,1.5392700000000001,1.55741,324497
2012-07-15,1.55812,1.57351,1.55164,1.56195,335646
2012-07-22,1.5604900000000002,1.57668,1.54581,1.57439,385250
2012-07-29,1.57331,1.57395,1.54898,1.56371,359609
2012-08-05,1.56362,1.57001,1.55453,1.56873,337365
2012-08-12,1.56759,1.57437,1.56353,1.56935,302201
2012-08-19,1.56968,1.5911300000000002,1.56772,1.5808900000000001,304358
2012-08-26,1.58138,1.5894,1.57534,1.58636,248533
2012-09-02,1.5880800000000002,1.6033300000000001,1.58258,1.6007500000000001,303045
2012-09-09,1.6010900000000001,1.62541,1.59582,1.6214300000000001,330437
2012-09-16,1.62275,1.63086,1.61627,1.62286,343524
2012-09-23,1.62427,1.62714,1.61123,1.61638,360829
2012-09-30,1.61544,1.62161,1.6066099999999999,1.61341,341203
2012-10-07,1.61362,1.6138400000000002,1.5975899999999998,1.60673,312920
2012-10-14,1.6076899999999998,1.6177700000000002,1.59965,1.59993,284621
2012-10-21,1.6006399999999998,1.6142699999999999,1.5912600000000001,1.6102699999999999,278493
2012-10-28,1.60845,1.6174300000000001,1.60058,1.60208,213208
2012-11-04,1.60196,1.60419,1.58873,1.58938,285409
2012-11-11,1.59026,1.5914899999999998,1.58274,1.58792,265803
2012-11-18,1.5889799999999998,1.60504,1.58827,1.60252,250757
2012-11-25,1.60235,1.60617,1.59618,1.60107,274447
2012-12-02,1.60221,1.61303,1.60016,1.6037400000000002,267899
2012-12-09,1.60335,1.61768,1.6013,1.6171799999999998,252162
2012-12-16,1.61796,1.63061,1.6151200000000001,1.61686,264708
2012-12-23,1.6156899999999998,1.6205500000000002,1.60662,1.61455,172644
2012-12-30,1.6164399999999999,1.6380599999999998,1.60099,1.60678,209591
2013-01-06,1.6077,1.61761,1.59925,1.6127099999999999,251491
2013-01-13,1.61277,1.6154199999999999,1.5854,1.5866,291293
2013-01-20,1.58528,1.5893199999999998,1.57453,1.57955,272075
2013-01-27,1.5777700000000001,1.58782,1.56742,1.56913,274496
2013-02-03,1.57036,1.5843,1.56303,1.57969,283202
2013-02-10,1.57896,1.58094,1.54622,1.55162,251011
2013-02-17,1.5499,1.55076,1.51305,1.51605,166279
2013-02-24,1.51072,1.52216,1.49857,1.50365,192618
2013-03-03,1.50302,1.51982,1.48864,1.49222,141267
2013-03-10,1.49077,1.51762,1.4828700000000001,1.51128,218943
2013-03-17,1.51099,1.52474,1.50267,1.5226899999999999,259854
2013-03-24,1.52344,1.52599,1.50925,1.51958,215230
2013-03-31,1.5197,1.5363,1.50332,1.53357,204368
2013-04-07,1.53294,1.5411299999999999,1.52386,1.53393,220013
2013-04-14,1.53381,1.53844,1.52164,1.52288,260079
2013-04-21,1.52311,1.54984,1.51963,1.54746,215919
2013-04-28,1.5483500000000001,1.5605099999999998,1.5467499999999998,1.5568300000000002,200719
2013-05-05,1.5565799999999999,1.55976,1.53139,1.53579,196853
2013-05-12,1.53552,1.53845,1.5158,1.51666,240230
2013-05-19,1.5186,1.52807,1.5013800000000002,1.5119500000000001,271424
2013-05-26,1.51295,1.52393,1.50081,1.51938,292091
2013-06-02,1.5197500000000002,1.56833,1.51919,1.55552,321015
2013-06-09,1.55159,1.5735999999999999,1.54947,1.57008,287699
2013-06-16,1.5710899999999999,1.5751,1.5368,1.5414400000000001,309776
2013-06-23,1.53939,1.54771,1.51654,1.52112,282452
2013-06-30,1.52068,1.53042,1.4859499999999999,1.48827,276055
2013-07-07,1.48777,1.5221900000000002,1.48133,1.51036,312762
2013-07-14,1.51083,1.52816,1.50274,1.5259,261420
2013-07-21,1.52611,1.54351,1.5257399999999999,1.53779,234838
2013-07-28,1.5383900000000001,1.54134,1.51024,1.5286300000000002,255736
2013-08-04,1.52828,1.5574,1.52048,1.54966,237852
2013-08-11,1.55027,1.5656400000000001,1.5422,1.56223,236115
2013-08-18,1.56296,1.5716999999999999,1.55385,1.5566200000000001,229661
2013-08-25,1.55752,1.56117,1.5428,1.54912,201340
2013-09-01,1.5518,1.5680800000000001,1.55054,1.5626600000000002,180111
2013-09-08,1.5627499999999999,1.5884399999999999,1.56258,1.5872899999999999,173649
2013-09-15,1.59318,1.61624,1.58857,1.60016,194008
2013-09-22,1.5998700000000001,1.61466,1.5955,1.6136599999999999,183894
2013-09-29,1.61419,1.62599,1.60054,1.6005500000000001,195545
2013-10-06,1.60253,1.6123699999999999,1.59137,1.59459,173184
2013-10-13,1.59668,1.6224699999999999,1.58938,1.61638,173046
2013-10-20,1.61712,1.62562,1.61154,1.61619,169528
2013-10-27,1.6172900000000001,1.62079,1.5908600000000002,1.59214,193409
2013-11-03,1.5927,1.61175,1.59032,1.60126,182308
2013-11-10,1.60072,1.6134,1.5853899999999999,1.6114199999999999,191725
2013-11-17,1.61197,1.62252,1.6059299999999999,1.62212,202933
2013-11-24,1.62351,1.63841,1.61333,1.63611,174347
2013-12-01,1.63739,1.6442299999999999,1.6291600000000002,1.6345399999999999,214980
2013-12-08,1.6346,1.64652,1.62623,1.62914,178127
2013-12-15,1.63055,1.6484100000000002,1.62175,1.63279,194636
2013-12-22,1.63273,1.65775,1.63215,1.64787,108748
2013-12-29,1.64883,1.6602999999999999,1.63952,1.64151,157068
2014-01-05,1.6410900000000002,1.6516899999999999,1.63374,1.64784,180480
2014-01-12,1.64867,1.6507800000000001,1.6309,1.64226,188751
2014-01-19,1.64148,1.6667999999999998,1.6395300000000002,1.64768,185926
2014-01-26,1.64754,1.6625,1.6427100000000001,1.64343,200066
2014-02-02,1.64296,1.6440700000000001,1.62519,1.64101,225697
2014-02-09,1.6408,1.6755499999999999,1.63829,1.67466,184380
2014-02-16,1.6757900000000001,1.6822300000000001,1.66125,1.6614499999999999,190337
2014-02-23,1.66323,1.6768399999999999,1.65831,1.67398,198788
2014-03-02,1.67414,1.67855,1.66403,1.6711399999999998,206202
2014-03-09,1.6721,1.6741000000000001,1.6568100000000001,1.66464,349892
2014-03-16,1.66344,1.66657,1.64752,1.64852,326235
2014-03-23,1.64853,1.6651099999999999,1.64652,1.66378,351611
2014-03-30,1.66422,1.66837,1.65536,1.65712,339377
2014-04-06,1.65713,1.68201,1.6565400000000001,1.6730399999999999,249548
2014-04-13,1.6736900000000001,1.68417,1.666,1.67886,186381
2014-04-20,1.6800899999999999,1.6839,1.6762299999999999,1.67977,169563
2014-04-27,1.68025,1.69006,1.6777199999999999,1.68685,175044
2014-05-04,1.68743,1.6996099999999998,1.68317,1.68472,234390
2014-05-11,1.68469,1.69029,1.67316,1.681,210831
2014-05-18,1.68227,1.69201,1.68019,1.683,171787
2014-05-25,1.68337,1.6881599999999999,1.66925,1.6750500000000001,153132
2014-06-01,1.67599,1.6845400000000001,1.66988,1.67997,221643
2014-06-08,1.68083,1.69913,1.67378,1.69634,216974
2014-06-15,1.69752,1.7062599999999999,1.6919499999999998,1.70138,222219
2014-06-22,1.7021,1.70512,1.6952099999999999,1.70312,194544
2014-06-29,1.7034099999999999,1.7178900000000001,1.70085,1.7159499999999999,132918
2014-07-06,1.71625,1.71669,1.7084899999999998,1.71098,154148
2014-07-13,1.7120600000000001,1.71898,1.7036,1.7076,279063
2014-07-20,1.7081,1.7098900000000001,1.69607,1.69734,271442
2014-07-27,1.6976200000000001,1.70007,1.6802700000000002,1.68215,278356
2014-08-03,1.6823700000000001,1.68883,1.6766299999999998,1.67685,264453
2014-08-10,1.67736,1.68445,1.66571,1.6686100000000001,232979
2014-08-17,1.6715200000000001,1.67371,1.6560899999999998,1.65649,250894
2014-08-24,1.6541700000000001,1.66132,1.65366,1.65971,283329
2014-08-31,1.65895,1.66435,1.62806,1.63262,329540
2014-09-07,1.6186500000000001,1.6277,1.6052,1.6263,450838
2014-09-14,1.62698,1.65244,1.6162100000000001,1.62876,441159
2014-09-21,1.6290499999999999,1.6415600000000001,1.62379,1.62416,406559
2014-09-28,1.6238299999999999,1.62873,1.59518,1.59672,385890
2014-10-05,1.59683,1.62268,1.5954199999999998,1.6075599999999999,393996
2014-10-12,1.6068099999999998,1.61267,1.5875,1.60915,467448
2014-10-19,1.60935,1.6183800000000002,1.5994000000000002,1.60832,365962
2014-10-26,1.60927,1.6181999999999999,1.59414,1.5993,381971
2014-11-02,1.5972499999999998,1.60212,1.57893,1.587,502182
2014-11-09,1.58809,1.5944099999999999,1.55926,1.5667200000000001,460892
2014-11-16,1.56657,1.57367,1.55897,1.5655299999999999,392653
2014-11-23,1.5636100000000002,1.58255,1.5613700000000001,1.56389,342876
2014-11-30,1.56405,1.57634,1.5568499999999998,1.55763,342616
2014-12-07,1.55576,1.57566,1.55411,1.57159,329739
2014-12-14,1.57144,1.5785200000000001,1.55408,1.56167,335019
2014-12-21,1.56251,1.56651,1.54854,1.55499,634703
2014-12-28,1.5558800000000002,1.56202,1.5324200000000001,1.53244,233411
2015-01-04,1.52995,1.5318399999999999,1.50336,1.51571,525457
2015-01-11,1.51768,1.52678,1.50745,1.5145,570994
2015-01-18,1.51274,1.52114,1.49503,1.4987599999999999,260238
2015-01-25,1.5007899999999998,1.52227,1.49858,1.5061900000000001,295136
2015-02-01,1.5093299999999998,1.5351599999999999,1.4988299999999999,1.5225,389410
2015-02-08,1.52265,1.54215,1.51959,1.53928,372339
2015-02-15,1.5417800000000002,1.5477699999999999,1.53156,1.53983,368799
2015-02-22,1.53953,1.5551599999999999,1.53321,1.54365,334562
2015-03-01,1.5415100000000002,1.54281,1.5031400000000001,1.50333,329041
2015-03-08,1.50345,1.51366,1.46988,1.47397,421796
2015-03-15,1.47342,1.51648,1.46347,1.4945,469133
2015-03-22,1.49723,1.49933,1.47959,1.487,448386
2015-03-29,1.48826,1.49445,1.4739,1.49179,367130
2015-04-05,1.49179,1.49806,1.45865,1.4631,345797
2015-04-12,1.4631,1.5052699999999999,1.4565000000000001,1.4959500000000001,420899
2015-04-19,1.4959500000000001,1.51868,1.48557,1.5185499999999998,480551
2015-04-26,1.5174699999999999,1.54977,1.51065,1.5147300000000001,584618
2015-05-03,1.51432,1.55207,1.5089700000000001,1.54426,191059
2015-05-10,1.54484,1.5813899999999999,1.53925,1.57271,434938
2015-05-17,1.5738400000000001,1.57446,1.54451,1.5495700000000001,562095
2015-05-24,1.54759,1.55069,1.52356,1.5284200000000001,536770
2015-05-31,1.52923,1.54405,1.51695,1.52711,640133
2015-06-07,1.52691,1.55975,1.52207,1.55571,776319
2015-06-14,1.55485,1.59292,1.5487,1.5876000000000001,707408
2015-06-21,1.58714,1.59093,1.56667,1.57455,662242
2015-06-28,1.5695999999999999,1.57878,1.55556,1.5577299999999998,718529
2015-07-05,1.55417,1.56278,1.5329700000000002,1.5512899999999998,719056
2015-07-12,1.5502799999999999,1.56744,1.54502,1.56054,673693
2015-07-19,1.56002,1.56701,1.54663,1.5512700000000001,817052
2015-07-26,1.5509,1.56891,1.54902,1.56201,762690
2015-08-02,1.56289,1.56507,1.54243,1.54958,777367
2015-08-09,1.54841,1.5659399999999999,1.54579,1.56407,603180
2015-08-16,1.56507,1.5722800000000001,1.55617,1.56853,739846
2015-08-23,1.56764,1.58186,1.53348,1.53897,913880
2015-08-30,1.54104,1.5436299999999998,1.51643,1.51675,640894
2015-09-06,1.51752,1.54756,1.51707,1.5427,627961
2015-09-13,1.54263,1.56579,1.53293,1.55243,586018
2015-09-20,1.5523,1.55674,1.51349,1.51773,637746
2015-09-27,1.51909,1.52406,1.51064,1.51768,619487
2015-10-04,1.51871,1.5382799999999999,1.51361,1.5323799999999999,619746
2015-10-11,1.5303900000000001,1.55081,1.5199799999999999,1.5435699999999999,607575
2015-10-18,1.54304,1.55088,1.53056,1.5312000000000001,594239
2015-10-25,1.53078,1.5467300000000002,1.5241799999999999,1.5427499999999998,588357
2015-11-01,1.5444900000000001,1.5497100000000001,1.50268,1.5043,604197
2015-11-08,1.50396,1.5264799999999998,1.50381,1.52299,616471
2015-11-15,1.5224199999999999,1.5335100000000002,1.5154,1.51892,595195
2015-11-22,1.51694,1.5195699999999999,1.5029400000000002,1.50331,609205
2015-11-29,1.50317,1.51586,1.48945,1.5104899999999999,675508
2015-12-06,1.51065,1.5239099999999999,1.49562,1.52226,644454
2015-12-13,1.52245,1.5230000000000001,1.48645,1.48867,681133
2015-12-20,1.48905,1.49438,1.4805,1.49406,404551
2015-12-27,1.49008,1.49339,1.47313,1.47317,344023
2016-01-03,1.47306,1.48152,1.45056,1.45156,715042
2016-01-10,1.45144,1.4604,1.42511,1.42543,688397
2016-01-17,1.42472,1.4362,1.4079,1.42645,748579
2016-01-24,1.42604,1.44128,1.4149,1.42422,792715
2016-01-31,1.42384,1.46679,1.42276,1.45001,782869
2016-02-07,1.44787,1.45778,1.43507,1.4492099999999999,975321
2016-02-14,1.44888,1.45349,1.42348,1.4402599999999999,835555
2016-02-21,1.42607,1.43059,1.38534,1.38594,905386
2016-02-28,1.38557,1.42479,1.38351,1.42293,894006
2016-03-06,1.42148,1.44361,1.41173,1.43791,720043
2016-03-13,1.4373,1.45139,1.40526,1.4469699999999999,685885
2016-03-20,1.44595,1.44673,1.40567,1.41238,519675
2016-03-27,1.413,1.44586,1.41197,1.42255,693575
2016-04-03,1.4218199999999999,1.43211,1.4004699999999999,1.41139,746462
2016-04-10,1.41137,1.4347699999999999,1.40899,1.41981,718049
2016-04-17,1.4189,1.44512,1.41306,1.43955,712892
2016-04-24,1.4457900000000001,1.46706,1.4402300000000001,1.46102,776406
2016-05-01,1.4586299999999999,1.47691,1.44144,1.44247,770014
2016-05-08,1.4412099999999999,1.45304,1.43398,1.43584,667231
2016-05-15,1.43468,1.46631,1.4331800000000001,1.45037,702489
2016-05-22,1.4497499999999999,1.47391,1.44417,1.46182,697965
2016-05-29,1.4606,1.47241,1.43855,1.4514,725018
2016-06-05,1.4466999999999999,1.46593,1.4179300000000001,1.42512,726265
2016-06-12,1.42556,1.43872,1.40122,1.43558,818016
2016-06-19,1.44657,1.50171,1.3229,1.36303,952512
2016-06-26,1.34226,1.3532899999999999,1.31197,1.326,803847
2016-07-03,1.32403,1.33402,1.2795,1.29444,725779
2016-07-10,1.29448,1.34801,1.28499,1.31857,847913
2016-07-17,1.31857,1.33144,1.30641,1.31086,725608
2016-07-24,1.31413,1.33011,1.30564,1.32224,576795
2016-07-31,1.3219,1.33712,1.30206,1.30646,578273
2016-08-07,1.30711,1.3096,1.29023,1.2916699999999999,506837
2016-08-14,1.29195,1.31843,1.2865,1.3072300000000001,552148
2016-08-21,1.30478,1.32786,1.30338,1.3127,534037
2016-08-28,1.31183,1.33518,1.30586,1.32895,559123
2016-09-04,1.32921,1.34445,1.32386,1.32637,549585
2016-09-11,1.3261,1.33465,1.29955,1.29955,634453
2016-09-18,1.29988,1.31204,1.29145,1.2959399999999999,630515
2016-09-25,1.29637,1.3057400000000001,1.29156,1.29735,635290
2016-10-02,1.2917100000000001,1.29459,1.14754,1.24235,774091
2016-10-09,1.23946,1.24434,1.20892,1.2168,790129
2016-10-16,1.21559,1.23318,1.2135,1.2227000000000001,577283
2016-10-23,1.22197,1.22708,1.20817,1.21686,617713
2016-10-30,1.21868,1.25568,1.21431,1.2509000000000001,678090
2016-11-06,1.24558,1.2673,1.23525,1.25773,830793
2016-11-13,1.25603,1.25898,1.23015,1.23337,822235
2016-11-20,1.23419,1.2511999999999999,1.23118,1.24673,805535
2016-11-27,1.24555,1.27362,1.23851,1.27203,672909
2016-12-04,1.26776,1.27742,1.25478,1.25656,541763
2016-12-11,1.25783,1.27275,1.23758,1.24847,645348
2016-12-18,1.24754,1.25014,1.22282,1.22501,525642
2016-12-25,1.22818,1.23877,1.19594,1.23245,435043
2017-01-01,1.2326,1.24318,1.21988,1.22799,616741
2017-01-08,1.22484,1.2316,1.20374,1.21713,744160
2017-01-15,1.19905,1.24151,1.19864,1.23701,831785
2017-01-22,1.2371699999999999,1.26731,1.23684,1.25448,764560
2017-01-29,1.2576800000000001,1.27057,1.24118,1.24774,747357
2017-02-05,1.24838,1.25817,1.2346300000000001,1.24773,675905
2017-02-12,1.24655,1.25477,1.23825,1.24017,662349
2017-02-19,1.24014,1.25692,1.24009,1.24493,605198
2017-02-26,1.24672,1.24784,1.22137,1.22857,619527
2017-03-05,1.22787,1.23001,1.21333,1.21527,629860
2017-03-12,1.2169,1.24044,1.21087,1.23893,666427
2017-03-19,1.23882,1.2530700000000001,1.23345,1.2459500000000001,597453
2017-03-26,1.24895,1.26148,1.23761,1.25342,601089
2017-04-02,1.2542,1.2555399999999999,1.23581,1.23597,551406
2017-04-09,1.23776,1.2573699999999999,1.23654,1.25162,510171
2017-04-16,1.25285,1.29048,1.25147,1.27992,567799
2017-04-23,1.28216,1.29647,1.27715,1.29246,582352
2017-04-30,1.29321,1.2983500000000001,1.28302,1.29748,510878
2017-05-07,1.29825,1.29879,1.2844,1.28779,599725
2017-05-14,1.28818,1.3047,1.28648,1.30215,644997
2017-05-21,1.29932,1.30423,1.27746,1.27878,568731
2017-05-28,1.27931,1.29204,1.27684,1.28813,511602
2017-06-04,1.28551,1.2977,1.26348,1.2713,540611
2017-06-11,1.27091,1.28173,1.2638,1.27768,497827
2017-06-18,1.2770000000000001,1.28141,1.25885,1.2716,431042
2017-06-25,1.27347,1.30293,1.2705600000000001,1.30222,469930
2017-07-02,1.30044,1.30239,1.28664,1.28895,431449
2017-07-09,1.28808,1.31131,1.28113,1.30959,414408
2017-07-16,1.3096,1.31251,1.2932299999999999,1.29931,484628
2017-07-23,1.29865,1.31581,1.29865,1.31335,496007
2017-07-30,1.31254,1.32677,1.30233,1.30351,461500
2017-08-06,1.30343,1.30583,1.29389,1.30069,433888
2017-08-13,1.2990599999999999,1.30212,1.28311,1.28646,436624
2017-08-20,1.28542,1.29159,1.27736,1.28717,373639
2017-08-27,1.29189,1.29951,1.28517,1.29552,416868
2017-09-03,1.2950599999999999,1.3223799999999999,1.29082,1.32095,476708
2017-09-10,1.31857,1.36168,1.31487,1.3551199999999999,550596
2017-09-17,1.35577,1.36559,1.3449900000000001,1.34917,625282
2017-09-24,1.34857,1.35705,1.33425,1.33966,607602
2017-10-01,1.33693,1.34019,1.3027,1.30639,444803
2017-10-08,1.30865,1.33376,1.30747,1.32775,398069
2017-10-15,1.32874,1.33115,1.30876,1.31848,414807
2017-10-22,1.31853,1.32792,1.30695,1.31281,392022
2017-10-29,1.31084,1.33206,1.30392,1.3074,361797
2017-11-05,1.30685,1.3229199999999999,1.30583,1.31891,353090
2017-11-12,1.31651,1.32602,1.30618,1.32132,423582
2017-11-19,1.32148,1.336,1.31857,1.33285,329836
2017-11-26,1.33208,1.35492,1.32208,1.34729,479460
2017-12-03,1.3431899999999999,1.35384,1.33199,1.33922,585472
2017-12-10,1.33801,1.3466,1.32851,1.33175,608123
2017-12-17,1.33074,1.34204,1.33074,1.3358400000000001,663389
2017-12-24,1.33722,1.35439,1.33473,1.3507799999999999,407542
2017-12-31,1.35053,1.3612600000000001,1.34882,1.35728,524172
2018-01-07,1.35691,1.37438,1.34579,1.37252,788049
2018-01-14,1.37267,1.39449,1.37236,1.38571,936127
2018-01-21,1.38933,1.43452,1.3856899999999999,1.41575,1228555
2018-01-28,1.41382,1.42781,1.39797,1.41204,1179862
2018-02-04,1.41017,1.41503,1.37643,1.38233,1271451
2018-02-11,1.38062,1.41448,1.3795,1.40339,913856
2018-02-18,1.40124,1.40493,1.38565,1.3961299999999999,799550
2018-02-25,1.39871,1.40697,1.37115,1.38013,830819
2018-03-04,1.37955,1.39292,1.37663,1.3853,812217
2018-03-11,1.385,1.39954,1.38409,1.3942,635653
2018-03-18,1.39449,1.42181,1.3912499999999999,1.41316,920353
2018-03-25,1.41319,1.42444,1.40103,1.40211,735052
2018-04-01,1.40126,1.41052,1.39658,1.40881,475232
2018-04-08,1.40819,1.42961,1.40781,1.42382,397884
2018-04-15,1.42375,1.43762,1.40008,1.4001000000000001,402445
2018-04-22,1.39978,1.40309,1.37469,1.37792,400687
2018-04-29,1.37701,1.37923,1.3486099999999999,1.35301,502855
2018-05-06,1.35304,1.36175,1.3459699999999999,1.35412,528457
2018-05-13,1.35342,1.36082,1.34511,1.34686,471220
2018-05-20,1.3458999999999999,1.34914,1.32922,1.32955,522601
2018-05-27,1.33121,1.33617,1.3204,1.33474,539995
2018-06-03,1.3332,1.34723,1.32944,1.34067,469253
2018-06-10,1.34044,1.34464,1.3211,1.32764,505096
2018-06-17,1.32614,1.33147,1.31017,1.32652,538804
2018-06-24,1.32491,1.32919,1.30491,1.32084,570551
2018-07-01,1.31941,1.3289900000000001,1.30946,1.32864,497583
2018-07-08,1.33148,1.33627,1.31024,1.32349,503789
2018-07-15,1.32221,1.32925,1.29573,1.31298,475171
2018-07-22,1.31203,1.32127,1.30709,1.31059,427447
2018-07-29,1.31081,1.31722,1.29749,1.30023,386249
2018-08-05,1.2999399999999999,1.30076,1.27223,1.27695,372335
2018-08-12,1.274,1.28267,1.26611,1.275,453591
2018-08-19,1.27414,1.29358,1.27288,1.28476,390219
2018-08-26,1.28359,1.30429,1.28282,1.29554,427084
2018-09-02,1.29139,1.30283,1.27848,1.29146,437644
2018-09-09,1.29217,1.3143099999999999,1.28963,1.30686,399001
2018-09-16,1.30653,1.32976,1.30538,1.30755,828778
2018-09-23,1.30731,1.32165,1.29995,1.30114,836970
2018-09-30,1.30372,1.31222,1.29211,1.31102,970999
2018-10-07,1.31192,1.32571,1.30275,1.31497,1086505
2018-10-14,1.3082099999999999,1.3235700000000001,1.30104,1.30602,971024
2018-10-21,1.30692,1.30892,1.27762,1.2824,1151457
2018-10-28,1.28194,1.30398,1.26899,1.29611,941024
2018-11-04,1.30199,1.31739,1.29575,1.2972299999999999,614344
2018-11-11,1.29139,1.3070599999999999,1.27221,1.28211,818818
2018-11-18,1.2843,1.29266,1.2763499999999999,1.27982,519702
2018-11-25,1.28219,1.28633,1.27245,1.2746,471541
2018-12-02,1.27636,1.28389,1.26581,1.27259,478053
2018-12-09,1.27024,1.27585,1.24764,1.25797,531819
2018-12-16,1.25989,1.2706,1.25564,1.26193,550854
2018-12-23,1.2644,1.27376,1.26152,1.26916,388934
2018-12-30,1.2690299999999999,1.28137,1.23898,1.27216,392768
2019-01-06,1.27139,1.28653,1.2705899999999999,1.28329,446382
2019-01-13,1.2849599999999999,1.3000099999999999,1.2668,1.28691,493592
2019-01-20,1.28723,1.3216999999999999,1.28296,1.31978,456541
2019-01-27,1.3182800000000001,1.32102,1.3042500000000001,1.30742,455493
2019-02-03,1.30549,1.31026,1.28536,1.2943500000000001,359785
2019-02-10,1.2924,1.2958,1.27722,1.28878,417558
2019-02-17,1.29009,1.31087,1.28907,1.3048,494132
2019-02-24,1.30693,1.33493,1.30443,1.32019,588766
2019-03-03,1.3242,1.32537,1.29892,1.30105,411609
2019-03-10,1.29651,1.3379699999999999,1.2959399999999999,1.32862,490188
2019-03-17,1.32944,1.33101,1.3003,1.32046,461746
2019-03-24,1.32142,1.3268499999999999,1.29765,1.30294,495908
2019-03-31,1.30371,1.3195299999999999,1.29861,1.30316,440530
2019-04-07,1.30329,1.31317,1.30195,1.30622,352240
2019-04-14,1.30709,1.31181,1.29766,1.29766,386396
2019-04-21,1.2985,1.3018399999999999,1.2864900000000001,1.29142,338990
2019-04-28,1.2906900000000001,1.31759,1.29041,1.31708,348866
2019-05-05,1.31449,1.31699,1.29665,1.3,385156
2019-05-12,1.2990599999999999,1.30397,1.27045,1.27154,326605
2019-05-19,1.2729300000000001,1.28132,1.26044,1.27105,347450
2019-05-26,1.2724,1.2747,1.2558099999999999,1.26266,339689
2019-06-02,1.2625899999999999,1.27622,1.26097,1.27325,415846
2019-06-09,1.27255,1.27576,1.2579099999999999,1.25926,417043
2019-06-16,1.25789,1.27457,1.25052,1.27377,423947
2019-06-23,1.27319,1.27829,1.2658800000000001,1.26887,403527
2019-06-30,1.2694,1.27048,1.24804,1.2518799999999999,326821
2019-07-07,1.25247,1.25786,1.24388,1.25729,328292
2019-07-14,1.2549299999999999,1.2577,1.2381199999999999,1.24946,310488
2019-07-21,1.24826,1.25216,1.2372,1.2379,295475
2019-07-28,1.2374,1.23828,1.20787,1.21568,423760
2019-08-04,1.21286,1.22086,1.20158,1.20206,428948
2019-08-11,1.2046000000000001,1.2174800000000001,1.20137,1.21423,480373
2019-08-18,1.21488,1.22925,1.20633,1.22789,384575
2019-08-25,1.2264,1.2309,1.21386,1.2157,448560
2019-09-01,1.21498,1.2353,1.19577,1.22855,432623
2019-09-08,1.22687,1.2504,1.22326,1.24937,342442
2019-09-15,1.24599,1.25816,1.23917,1.24691,333783
2019-09-22,1.24604,1.25027,1.22706,1.22875,309630
2019-09-29,1.22884,1.24124,1.22043,1.2337799999999999,337406
2019-10-06,1.23041,1.27063,1.21946,1.26431,405564
2019-10-13,1.2622499999999999,1.29888,1.25153,1.29324,527758
2019-10-20,1.29447,1.30122,1.27878,1.28201,403272
2019-10-27,1.28072,1.29753,1.28057,1.29328,339119
2019-11-03,1.29272,1.2942,1.27618,1.27726,309054
2019-11-10,1.27895,1.29185,1.27835,1.29002,282831
2019-11-17,1.29206,1.2984499999999999,1.28228,1.28282,288459
2019-11-24,1.28501,1.2950300000000001,1.28267,1.29221,275746
2019-12-01,1.29087,1.31656,1.2895699999999999,1.31341,285996
2019-12-08,1.31331,1.3513600000000001,1.30499,1.33286,380475
2019-12-15,1.33341,1.34215,1.2977400000000001,1.29947,376461
2019-12-22,1.29982,1.31167,1.2904,1.30762,226494
2019-12-29,1.30842,1.32836,1.3053,1.30775,284926
2020-01-05,1.30793,1.32118,1.3012299999999999,1.3057400000000001,361568
2020-01-12,1.30341,1.31181,1.2953700000000001,1.30039,333814
2020-01-19,1.29829,1.31741,1.29615,1.30729,274343
2020-01-26,1.30773,1.32088,1.2974700000000001,1.31973,273372
2020-02-02,1.31752,1.3183,1.28779,1.28779,293923
2020-02-09,1.28815,1.30687,1.2871299999999999,1.30462,295493
2020-02-16,1.30263,1.30531,1.28485,1.2947199999999999,302606
2020-02-23,1.2944200000000001,1.30175,1.27251,1.28114,457920
2020-03-01,1.2767,1.3051599999999999,1.2739,1.30447,525325
2020-03-08,1.30752,1.31998,1.22604,1.22709,772863
2020-03-15,1.22632,1.24208,1.1409,1.16412,915107
2020-03-22,1.16599,1.2485,1.14457,1.24508,896769
2020-03-29,1.24157,1.24746,1.22049,1.22642,630199
2020-04-05,1.222,1.24857,1.21637,1.24306,409480
2020-04-12,1.24486,1.2646899999999999,1.24063,1.24915,385669
2020-04-19,1.24922,1.24989,1.22466,1.23601,382439
2020-04-26,1.23602,1.26431,1.23553,1.24876,368388
2020-05-03,1.24832,1.2484899999999999,1.22657,1.2398500000000001,314972
2020-05-10,1.23992,1.24371,1.20996,1.21011,312994
2020-05-17,1.2082,1.22957,1.20744,1.21647,276910
2020-05-24,1.21718,1.23937,1.21637,1.23447,321002
2020-05-31,1.23232,1.2731,1.23232,1.26676,367914
2020-06-07,1.26756,1.28129,1.24736,1.25383,422011
2020-06-14,1.25101,1.26872,1.23394,1.2348,432356
2020-06-21,1.23405,1.25423,1.23141,1.23353,355044
2020-06-28,1.2331,1.25296,1.22513,1.24818,284743
2020-07-05,1.2461,1.26691,1.24574,1.26217,293303
2020-07-12,1.26203,1.26658,1.24797,1.25652,284408
2020-07-19,1.25532,1.2803200000000001,1.25179,1.27934,301682
2020-07-26,1.27829,1.31698,1.2775,1.30844,346870
2020-08-02,1.30752,1.31853,1.29809,1.305,339830
2020-08-09,1.30532,1.31424,1.30048,1.30835,296391
2020-08-16,1.30911,1.32669,1.30585,1.30893,312732
2020-08-23,1.30795,1.3356,1.30532,1.335,314224
2020-08-30,1.33278,1.34821,1.31757,1.32781,274084
2020-09-06,1.32446,1.3265799999999999,1.27617,1.27936,268166
2020-09-13,1.27758,1.30067,1.27688,1.29148,268030
2020-09-20,1.29217,1.2966199999999999,1.26748,1.27404,300115
2020-09-27,1.27489,1.29785,1.27489,1.29291,282847
2020-10-04,1.29326,1.30491,1.28444,1.30453,225681
2020-10-11,1.30226,1.30822,1.28621,1.29126,235392
2020-10-18,1.28912,1.31765,1.2891,1.30382,227722
2020-10-25,1.30555,1.30792,1.28806,1.29502,250979
2020-11-01,1.2919399999999999,1.3176700000000001,1.28539,1.31495,322950
2020-11-08,1.31563,1.3312599999999999,1.3106,1.31842,297616
2020-11-15,1.31662,1.33118,1.3165200000000001,1.32763,220213
2020-11-22,1.32919,1.33974,1.32637,1.33157,202036
2020-11-29,1.33234,1.35388,1.32871,1.34341,243439
2020-12-06,1.34096,1.34776,1.31338,1.32199,262914
2020-12-13,1.33542,1.3624100000000001,1.32798,1.35239,243905
2020-12-20,1.34001,1.36188,1.31873,1.3541,298177
2020-12-27,1.3544399999999999,1.3686,1.34288,1.36631,261859
2021-01-03,1.36392,1.37035,1.35324,1.35584,432358
2021-01-10,1.35572,1.371,1.3451,1.35791,365827
2021-01-17,1.35949,1.37457,1.35196,1.36804,313431
2021-01-24,1.36754,1.37584,1.36091,1.36993,359631
2021-01-31,1.37035,1.37572,1.35645,1.37336,328427
2021-02-07,1.37116,1.38657,1.36799,1.38385,262298
2021-02-14,1.38465,1.40356,1.38292,1.39995,287335
2021-02-21,1.40095,1.42411,1.38875,1.39197,360586
2021-02-28,1.39199,1.40168,1.3778299999999999,1.3832499999999999,360961
2021-03-07,1.38076,1.4004400000000001,1.37998,1.39175,339724
2021-03-14,1.3914,1.40011,1.38086,1.3862999999999999,294616
2021-03-21,1.3833199999999999,1.38764,1.36701,1.37774,242796
2021-03-28,1.37894,1.38519,1.3705,1.3825,249985
2021-04-04,1.38187,1.39184,1.36696,1.37009,221778
2021-04-11,1.37015,1.38418,1.36683,1.38365,183349
2021-04-18,1.38247,1.40086,1.38095,1.38758,161471
2021-04-25,1.387,1.3976,1.3802400000000001,1.38155,171181
2021-05-02,1.38147,1.40052,1.38006,1.3982700000000001,176833
2021-05-09,1.4003,1.41658,1.39927,1.40963,207185
2021-05-16,1.40987,1.42334,1.40767,1.41507,196140
2021-05-23,1.41537,1.4218600000000001,1.40913,1.4185400000000001,192678
2021-05-30,1.41803,1.42478,1.40824,1.41586,185918
2021-06-06,1.41537,1.419,1.40728,1.41025,171125
2021-06-13,1.41001,1.41321,1.37912,1.38034,221375
2021-06-20,1.38015,1.40009,1.37858,1.38797,212245
2021-06-27,1.38833,1.39394,1.37308,1.38196,187468
2021-07-04,1.38165,1.39067,1.37418,1.38947,228157
2021-07-11,1.38887,1.39097,1.37604,1.37613,217001
2021-07-18,1.3772199999999999,1.3787,1.35716,1.37479,225014
2021-07-25,1.37508,1.3982999999999999,1.37367,1.38985,182211
2021-08-01,1.3895,1.39573,1.38611,1.38703,142663
2021-08-08,1.38707,1.38943,1.37903,1.38645,109733
2021-08-15,1.38551,1.38781,1.36018,1.36172,129542
2021-08-22,1.36259,1.37806,1.36077,1.37585,111581
2021-08-29,1.37584,1.38913,1.37309,1.38599,114218
2021-09-05,1.38534,1.38882,1.3726099999999999,1.38335,137897
2021-09-12,1.38392,1.39128,1.37257,1.37318,164710
2021-09-19,1.374,1.37503,1.36091,1.36726,234040
2021-09-26,1.36665,1.37284,1.3411,1.35411,278842
2021-10-03,1.35528,1.3656,1.35308,1.36114,266516
2021-10-10,1.3613,1.37729,1.35681,1.37438,222856
2021-10-17,1.37542,1.38339,1.37089,1.37483,226267
2021-10-24,1.37399,1.3829,1.3668,1.36779,283196
2021-10-31,1.3667500000000001,1.3697599999999999,1.34241,1.34936,278519
2021-11-07,1.34771,1.36069,1.33528,1.34118,239011
2021-11-14,1.34205,1.35132,1.33955,1.34388,267563
2021-11-21,1.34453,1.34496,1.32775,1.33342,306751
2021-11-28,1.33366,1.337,1.31938,1.3232,357052
2021-12-05,1.32137,1.32887,1.3159399999999999,1.32696,242790
2021-12-12,1.32439,1.33741,1.3171300000000001,1.32335,244068
2021-12-19,1.32391,1.34374,1.3173,1.33816,200131
2021-12-26,1.33978,1.35501,1.33913,1.35247,139586
2022-01-02,1.35288,1.35981,1.34307,1.35872,216378
2022-01-09,1.35697,1.37485,1.35318,1.3673199999999999,250688
2022-01-16,1.36643,1.36895,1.35452,1.35529,278689
2022-01-23,1.35479,1.35651,1.33575,1.33981,369008
2022-01-30,1.33907,1.3627500000000001,1.3386,1.35251,326479
2022-02-06,1.35314,1.36433,1.34903,1.3553899999999999,330963
2022-02-13,1.35472,1.3642400000000001,1.34859,1.35819,348741
2022-02-20,1.35863,1.36382,1.32722,1.3408,423032
2022-02-27,1.3314599999999999,1.34372,1.3202,1.3226,458221
2022-03-06,1.32266,1.32376,1.3027,1.3035,517688
2022-03-13,1.30362,1.32111,1.29997,1.31758,370625
2022-03-20,1.31691,1.32984,1.31197,1.31811,322407
2022-03-27,1.31874,1.31874,1.30503,1.31128,392317
2022-04-03,1.30905,1.31665,1.2982,1.3021,294891
2022-04-10,1.30278,1.31471,1.29724,1.30544,356663
2022-04-17,1.30442,1.309,1.28224,1.28259,319947
2022-04-24,1.28272,1.28384,1.24108,1.25672,492247
2022-05-01,1.25767,1.26375,1.22757,1.23265,525331
2022-05-08,1.2347,1.24058,1.21549,1.22618,586817
2022-05-15,1.22396,1.25241,1.22165,1.24734,547554
2022-05-22,1.24713,1.26662,1.2469000000000001,1.26231,485718
2022-05-29,1.26087,1.2659500000000001,1.2458,1.2488299999999999,605006
2022-06-05,1.24904,1.2599,1.23007,1.23104,738485
2022-06-12,1.23115,1.24061,1.19335,1.2219,1475790
2022-06-19,1.22201,1.23243,1.21607,1.2266,856409
2022-06-26,1.22741,1.2332,1.19752,1.20923,957040
2022-07-03,1.21027,1.2165,1.18752,1.20265,1045577
2022-07-10,1.20054,1.20367,1.17597,1.18494,1210903
2022-07-17,1.18658,1.20637,1.18609,1.19993,1154256
2022-07-24,1.19952,1.22455,1.196,1.21765,1069442
2022-07-31,1.21666,1.22931,1.20026,1.20644,1043928
2022-08-07,1.20667,1.22766,1.20467,1.21298,811607
2022-08-14,1.21349,1.21479,1.17917,1.18255,802259
2022-08-21,1.1822300000000001,1.1901,1.17169,1.17363,902884
2022-08-28,1.17226,1.17601,1.14956,1.15078,631695
2022-09-04,1.14692,1.16479,1.14048,1.15877,643075
2022-09-11,1.16299,1.17377,1.13503,1.14196,607729
2022-09-18,1.14084,1.14605,1.08384,1.08391,754176
2022-09-25,1.08123,1.1234,1.03276,1.11636,1524187
2022-10-02,1.11596,1.1495199999999999,1.10549,1.10778,1175438
2022-10-09,1.10799,1.13802,1.09231,1.11737,2142818
2022-10-16,1.12299,1.14394,1.10598,1.12913,2099960
2022-10-23,1.13931,1.16455,1.12571,1.16115,2032666
2022-10-30,1.15689,1.1613,1.11444,1.13744,1675944
2022-11-06,1.13039,1.18544,1.12903,1.18291,1268016
2022-11-13,1.17905,1.20281,1.17097,1.18849,501365
2022-11-20,1.18915,1.2153100000000001,1.17782,1.20808,374409
2022-11-27,1.20623,1.23099,1.19001,1.22845,471479
2022-12-04,1.22602,1.2343600000000001,1.21061,1.22527,424742
2022-12-11,1.22446,1.2446,1.21192,1.21407,423132
2022-12-18,1.21425,1.22417,1.19922,1.20324,400459
2022-12-25,1.20505,1.21255,1.20017,1.20796,253728
2023-01-01,1.20686,1.2099,1.18409,1.20922,371604
2023-01-08,1.20781,1.22483,1.20769,1.22268,403733
2023-01-15,1.22096,1.24355,1.21688,1.23909,379556
2023-01-22,1.23999,1.24475,1.22629,1.23935,324881
2023-01-29,1.23855,1.24169,1.20464,1.20509,366021
2023-02-05,1.20286,1.21935,1.1960899999999999,1.20527,347586
2023-02-12,1.20595,1.22685,1.19147,1.20334,350211
2023-02-19,1.20173,1.21474,1.1928,1.19392,324800
2023-02-26,1.19424,1.21424,1.19221,1.20427,326297
2023-03-05,1.20244,1.21129,1.18028,1.20302,315881
2023-03-12,1.20855,1.22032,1.20099,1.21676,454774
2023-03-19,1.2180900000000001,1.23428,1.21667,1.22287,286526
2023-03-26,1.22164,1.24227,1.22155,1.23323,233015
2023-04-02,1.2319,1.25248,1.22742,1.24157,203867
2023-04-09,1.24145,1.25458,1.23443,1.2411699999999999,210190
2023-04-16,1.24051,1.24737,1.2353,1.24334,206621
2023-04-23,1.24298,1.25834,1.2386300000000001,1.25603,229956
2023-04-30,1.25505,1.26517,1.24354,1.26311,248093
2023-05-07,1.26253,1.26795,1.24443,1.24471,268274
2023-05-14,1.24527,1.2545899999999999,1.23911,1.24441,301024
2023-05-21,1.24358,1.24718,1.23076,1.23483,389069
2023-05-28,1.23374,1.25439,1.23262,1.24472,339652
2023-06-04,1.24491,1.25897,1.23679,1.2578,331479
2023-06-11,1.25624,1.28477,1.24864,1.28175,353326
2023-06-18,1.28128,1.28403,1.26846,1.27141,401353
2023-06-25,1.27045,1.27586,1.25902,1.26916,379245
2023-07-02,1.2686899999999999,1.2848899999999999,1.26577,1.28373,333011
2023-07-09,1.2828,1.31416,1.275,1.30919,368964
2023-07-16,1.30921,1.3125,1.28153,1.28513,373603
2023-07-23,1.28454,1.29951,1.27622,1.28465,412287
2023-07-30,1.284,1.2872,1.26199,1.2742,376960
2023-08-06,1.27478,1.2818,1.26653,1.26912,335317
2023-08-13,1.26916,1.27867,1.26159,1.27315,380675
2023-08-20,1.27271,1.27999,1.25473,1.25763,354061
2023-08-27,1.25782,1.27455,1.25621,1.25855,348700
2023-09-03,1.25875,1.26421,1.24451,1.24644,307736
2023-09-10,1.24916,1.25477,1.23782,1.23816,346602
2023-09-17,1.23795,1.24247,1.22299,1.22345,300497
2023-09-24,1.2245,1.22713,1.211,1.21969,282225
2023-10-01,1.21732,1.2261,1.20366,1.22349,303105
2023-10-08,1.21998,1.23369,1.21223,1.21368,301468
2023-10-15,1.21404,1.22189,1.2089699999999999,1.21624,304070
2023-10-22,1.2150400000000001,1.22883,1.20693,1.21135,294526
2023-10-29,1.21284,1.2389000000000001,1.20895,1.23759,305463
2023-11-05,1.23598,1.24279,1.21868,1.22224,279016
2023-11-12,1.2204,1.25057,1.2202600000000001,1.24614,283476
2023-11-19,1.24457,1.26149,1.24419,1.25957,257017
2023-11-26,1.25928,1.27326,1.25885,1.27081,310068
2023-12-03,1.26858,1.2723900000000001,1.25021,1.2546300000000001,367618
2023-12-10,1.2530999999999999,1.2793700000000001,1.24996,1.26737,362465
2023-12-17,1.26809,1.27615,1.26119,1.26929,313369
2023-12-24,1.26811,1.28269,1.26802,1.2729599999999999,221861
2023-12-31,1.27207,1.27702,1.26097,1.27184,309531
2024-01-07,1.27085,1.2785,1.26728,1.27501,345760
2024-01-14,1.27302,1.27651,1.2596,1.26974,371595
2024-01-21,1.26841,1.27743,1.26486,1.27012,341778
2024-01-28,1.26908,1.27718,1.26135,1.26298,362320
2024-02-04,1.26275,1.26427,1.2517800000000001,1.26281,331577
2024-02-11,1.26183,1.2690299999999999,1.25351,1.25926,331498
2024-02-18,1.2598,1.27088,1.2579,1.26712,320981
2024-02-25,1.26714,1.2699,1.25993,1.26506,313699
2024-03-03,1.26487,1.28933,1.2646,1.28576,291928
2024-03-10,1.28539,1.28594,1.27249,1.27341,296626
2024-03-17,1.2726600000000001,1.2803,1.25748,1.25998,318820
2024-03-24,1.25941,1.26676,1.25855,1.26242,215741
2024-03-31,1.26223,1.2683200000000001,1.25391,1.26377,297231
2024-04-07,1.26218,1.27089,1.24262,1.24492,346715
2024-04-14,1.2448,1.24984,1.23665,1.23705,440249
2024-04-21,1.23658,1.25404,1.22991,1.2492,355693
2024-04-28,1.24844,1.26339,1.24659,1.2547,458727
2024-05-05,1.2536100000000001,1.2594,1.24453,1.25234,311819
2024-05-12,1.25133,1.27115,1.25089,1.27005,302009
2024-05-19,1.26897,1.27609,1.26725,1.27369,301870
2024-05-26,1.27301,1.2800099999999999,1.26806,1.27426,322300
2024-06-02,1.27331,1.28172,1.26939,1.2720799999999999,406986
2024-06-09,1.27186,1.286,1.26563,1.2687,424732
2024-06-16,1.2683499999999999,1.27397,1.26218,1.26385,427175
2024-06-23,1.26339,1.27021,1.26124,1.26438,421376
2024-06-30,1.2647,1.28168,1.26149,1.28145,374707
2024-07-07,1.2793700000000001,1.29902,1.27771,1.29883,391757
2024-07-14,1.29646,1.3044,1.29005,1.2910300000000001,450539
2024-07-21,1.2913299999999999,1.29416,1.2848,1.28657,450794
2024-07-28,1.28545,1.28878,1.27067,1.28053,431024
2024-08-04,1.27985,1.28167,1.26644,1.27576,527395
2024-08-11,1.27589,1.29459,1.27465,1.29447,357980
2024-08-18,1.29303,1.32301,1.29295,1.3214000000000001,397934
2024-08-25,1.3205200000000001,1.32659,1.31091,1.31278,402540
2024-09-01,1.31257,1.32383,1.3087,1.3130899999999999,343666
2024-09-08,1.31148,1.31577,1.30014,1.31222,405541
2024-09-15,1.3119399999999999,1.33398,1.31164,1.332,439957
2024-09-22,1.33088,1.3434,1.3248,1.33708,441978
2024-09-29,1.33657,1.34226,1.3069600000000001,1.31189,482862
2024-10-06,1.31135,1.31342,1.30213,1.30702,416820
2024-10-13,1.3054999999999999,1.31024,1.29731,1.3048899999999999,319565
2024-10-20,1.30405,1.3057699999999999,1.29067,1.2962,300091
2024-10-27,1.29691,1.30434,1.28437,1.29197,391590
2024-11-03,1.29653,1.3048,1.28336,1.29196,507873
2024-11-10,1.29078,1.29254,1.2597,1.26177,451861
2024-11-17,1.26092,1.2714699999999999,1.2487,1.25331,496650
2024-11-24,1.25909,1.27498,1.25064,1.27307,437655
2024-12-01,1.27221,1.28111,1.2617,1.27424,481297
2024-12-08,1.2730299999999999,1.27988,1.26078,1.26196,391466
2024-12-15,1.2610700000000001,1.27282,1.24743,1.25677,454151
2024-12-22,1.25601,1.25925,1.25007,1.25725,245716
2024-12-29,1.2572,1.26067,1.23518,1.2422,332274
2025-01-05,1.24171,1.25753,1.21909,1.22066,510097
2025-01-12,1.22015,1.2306,1.20994,1.21707,507896
2025-01-19,1.21766,1.25018,1.21599,1.24816,524878
2025-01-26,1.2466599999999999,1.25231,1.23857,1.2389999999999999,600744
2025-02-02,1.22845,1.2549299999999999,1.22489,1.24016,604152
2025-02-09,1.237,1.26297,1.23324,1.2585899999999999,486552
2025-02-16,1.25897,1.2678,1.25629,1.26318,373362
2025-02-23,1.26316,1.27152,1.25586,1.2576800000000001,513316
2025-03-02,1.25546,1.29444,1.2549299999999999,1.29221,614538
2025-03-09,1.29165,1.29911,1.2861,1.29366,468603
2025-03-16,1.2921,1.30145,1.28875,1.2912,355381
2025-03-23,1.28906,1.29917,1.2870300000000001,1.29421,373437
2025-03-30,1.29358,1.32068,1.28525,1.28926,573872
2025-04-06,1.28349,1.31449,1.27078,1.30804,897744
2025-04-13,1.30854,1.32988,1.3063,1.32947,675925
2025-04-20,1.32648,1.34232,1.32331,1.33102,489875
2025-04-27,1.33008,1.34435,1.3259400000000001,1.3271600000000001,420235
2025-05-04,1.32581,1.34019,1.32112,1.33013,469756
2025-05-11,1.32579,1.33602,1.31394,1.32828,430032
2025-05-18,1.32641,1.35395,1.32641,1.35378,427222
2025-05-25,1.35192,1.35931,1.34146,1.3455300000000001,394295
2025-06-01,1.34555,1.36163,1.34519,1.35264,402819
2025-06-08,1.3523100000000001,1.3632,1.34562,1.35746,448666
2025-06-15,1.35495,1.36215,1.33825,1.34476,473572
2025-06-22,1.33974,1.37706,1.3369900000000001,1.37211,514128
2025-06-29,1.36997,1.37886,1.35622,1.36401,421975
2025-07-06,1.36401,1.36573,1.3480699999999999,1.3489,418617
2025-07-13,1.34826,1.3504,1.33651,1.34063,435443
2025-07-20,1.34204,1.35884,1.3401399999999999,1.3433,392526
2025-07-27,1.34222,1.34523,1.31406,1.32763,478322
2025-08-03,1.32816,1.34584,1.3253300000000001,1.34474,422554
2025-08-10,1.34433,1.35949,1.33991,1.35548,399771
2025-08-17,1.35463,1.3565,1.33898,1.35276,365137
2025-08-24,1.35103,1.3529900000000001,1.3416000000000001,1.3504399999999999,372496
2025-08-31,1.34897,1.35545,1.33323,1.35042,455712
2025-09-07,1.3492600000000001,1.35904,1.34817,1.35561,435991
2025-09-14,1.35464,1.3725399999999999,1.34629,1.34707,416569
2025-09-21,1.3461699999999999,1.35361,1.3323,1.33991,366561
2025-09-28,1.33927,1.35274,1.33886,1.34783,354174
2025-10-05,1.3427,1.349,1.32615,1.33487,439726
2025-10-12,1.33435,1.3471,1.32481,1.34235,465001
2025-10-19,1.3422100000000001,1.34428,1.32868,1.33103,413169
2025-10-26,1.3315299999999999,1.33694,1.30965,1.31477,409793
2025-11-02,1.31288,1.31747,1.30097,1.31607,433636
2025-11-09,1.31439,1.32156,1.30839,1.3170600000000001,408856
2025-11-16,1.3146499999999999,1.3192599999999999,1.30377,1.31005,429205
2025-11-23,1.30929,1.32682,1.30803,1.32393,461998
2025-11-30,1.32195,1.3385,1.31788,1.33305,435268
2025-12-07,1.33199,1.34374,1.3287200000000001,1.3369900000000001,359409
2025-12-14,1.33703,1.34555,1.33112,1.3374,486789
2025-12-21,1.33798,1.3534,1.33721,1.3496299999999999,302404
2025-12-28,1.3482,1.35301,1.34009,1.34589,287862
2026-01-04,1.3444,1.35674,1.3391600000000001,1.33996,440407
2026-01-11,1.3389,1.34946,1.33622,1.33772,426120
2026-01-18,1.33404,1.36457,1.33404,1.36418,431499
2026-01-25,1.36568,1.38694,1.3642,1.36848,618357
2026-02-01,1.3682400000000001,1.37329,1.35079,1.36084,602910
2026-02-08,1.35917,1.37123,1.35861,1.36543,495816
2026-02-15,1.36375,1.36615,1.34332,1.34792,483676
2026-02-22,1.34867,1.35748,1.3439,1.34793,596013
2026-03-01,1.34098,1.3455300000000001,1.32521,1.3407499999999999,1050726
2026-03-08,1.33317,1.34832,1.32184,1.32219,578988
2026-03-15,1.3248,1.34668,1.3224,1.33444,603682
2026-03-22,1.33145,1.34791,1.32561,1.3269199999999999,651232
2026-03-29,1.32523,1.33453,1.31583,1.31933,518787
2026-04-05,1.31832,1.3483800000000001,1.31771,1.34607,534749
2026-04-12,1.3385,1.35992,1.33802,1.35447,430881
2026-04-19,1.34775,1.3544,1.3473600000000001,1.35158,192659
2026-04-26,1.34996,1.35755,1.34996,1.3526099999999999,101715
2026-05-03,1.35857,1.36029,1.35784,1.35788,3838
