time,open,high,low,close,tick_volume
2023-07-25,95.336,95.854,95.174,95.694,96372
2023-07-26,95.636,95.729,94.421,94.758,109067
2023-07-27,94.725,95.415,92.957,93.493,128045
2023-07-28,93.487,94.21,91.798,93.831,149281
2023-07-31,93.872,95.827,93.684,95.561,105763
2023-08-01,95.559,95.807,94.553,94.788,99752
2023-08-02,94.788,94.896,93.588,93.706,109632
2023-08-03,93.704,94.081,92.963,93.338,104748
2023-08-04,93.342,93.923,92.984,92.99,107292
2023-08-07,93.021,93.687,93.017,93.653,92101
2023-08-08,93.649,93.976,92.897,93.808,104663
2023-08-09,93.807,94.108,93.52,93.82,93798
2023-08-10,93.802,94.933,93.7,94.286,102828
2023-08-11,94.286,94.585,94.015,94.148,97110
2023-08-14,94.048,94.434,93.57,94.408,98151
2023-08-15,94.408,94.861,93.923,93.95,105366
2023-08-16,93.945,94.284,93.632,94.0,96111
2023-08-17,93.992,93.999,93.21,93.374,110221
2023-08-18,93.374,93.553,92.786,93.09,105783
2023-08-21,93.043,93.906,92.826,93.773,92537
2023-08-22,93.774,94.055,93.501,93.694,95801
2023-08-23,93.696,93.952,93.219,93.858,91298
2023-08-24,93.855,94.172,93.506,93.57,94560
2023-08-25,93.569,93.973,93.432,93.73,95651
2023-08-28,93.761,94.328,93.737,94.203,78580
2023-08-29,94.198,94.595,94.042,94.513,99174
2023-08-30,94.509,95.058,94.168,94.681,97029
2023-08-31,94.681,94.936,94.03,94.361,97750
2023-09-01,94.36,94.42,93.85,94.289,94564
2023-09-04,94.108,94.715,94.108,94.583,52565
2023-09-05,94.628,94.703,93.587,94.218,96130
2023-09-06,94.214,94.33,93.853,94.139,93989
2023-09-07,94.058,94.314,93.704,93.898,87265
2023-09-08,93.867,94.453,93.587,94.239,86166
2023-09-11,93.848,94.456,93.602,94.228,103347
2023-09-12,94.142,94.556,94.051,94.501,83533
2023-09-13,94.507,94.823,94.173,94.685,92796
2023-09-14,94.679,95.039,94.498,94.967,90729
2023-09-15,94.925,95.541,94.781,95.059,84798
2023-09-18,95.11,95.249,94.787,95.006,74572
2023-09-19,94.976,95.633,94.913,95.414,65516
2023-09-20,95.414,96.062,95.298,95.638,72684
2023-09-21,95.633,95.671,94.531,94.674,77194
2023-09-22,94.673,95.824,94.536,95.556,72142
2023-09-25,95.578,95.709,95.175,95.622,68666
2023-09-26,95.618,95.767,95.219,95.353,89411
2023-09-27,95.347,95.46,94.718,95.049,85501
2023-09-28,95.062,95.965,94.802,95.937,86379
2023-09-29,95.739,96.918,95.716,96.016,92723
2023-10-02,96.115,96.411,95.273,95.35,79037
2023-10-03,95.339,95.405,93.033,93.886,87192
2023-10-04,93.876,94.395,93.781,94.315,88549
2023-10-05,94.273,94.694,94.098,94.599,85593
2023-10-06,94.57,95.551,94.331,95.294,83476
2023-10-09,94.684,95.261,94.617,95.193,63867
2023-10-10,95.198,95.655,95.117,95.638,76607
2023-10-11,95.432,95.729,95.363,95.666,73679
2023-10-12,95.488,95.823,94.454,94.583,70243
2023-10-13,94.575,94.884,94.048,94.157,68872
2023-10-16,94.124,94.899,94.042,94.818,63533
2023-10-17,94.807,95.5,94.546,95.346,80350
2023-10-18,95.324,95.663,94.834,94.992,78318
2023-10-19,94.971,95.162,94.314,94.789,90215
2023-10-20,94.765,94.797,94.421,94.582,71755
2023-10-23,94.698,95.02,94.316,94.849,64868
2023-10-24,94.857,95.372,94.727,95.261,75823
2023-10-25,95.179,95.895,94.568,94.775,71928
2023-10-26,94.753,95.199,94.244,95.061,91857
2023-10-27,95.041,95.365,94.673,94.757,83667
2023-10-30,94.837,95.522,94.651,95.013,73551
2023-10-31,94.921,96.16,94.838,96.051,94027
2023-11-01,95.929,96.517,95.605,96.507,84160
2023-11-02,96.5,96.926,96.388,96.773,80672
2023-11-03,96.754,97.318,96.573,97.253,81937
2023-11-06,97.166,97.504,97.087,97.373,67137
2023-11-07,97.378,97.583,96.404,96.75,73757
2023-11-08,96.609,97.092,96.609,96.65,69111
2023-11-09,96.653,97.002,96.305,96.349,77456
2023-11-10,96.349,96.416,96.034,96.323,62755
2023-11-13,96.128,96.857,96.124,96.744,56894
2023-11-14,96.704,97.934,96.447,97.844,68857
2023-11-15,97.81,98.583,97.56,98.486,79618
2023-11-16,98.478,98.571,97.239,97.448,76715
2023-11-17,97.409,97.553,96.925,97.378,75541
2023-11-20,97.287,97.72,97.016,97.27,82601
2023-11-21,97.26,97.419,96.828,97.276,94692
2023-11-22,97.267,97.925,97.074,97.837,86778
2023-11-23,97.749,98.192,97.656,98.061,53074
2023-11-24,97.971,98.537,97.953,98.328,59785
2023-11-27,98.216,98.488,97.807,98.214,77196
2023-11-28,98.186,98.377,97.88,98.048,92181
2023-11-29,98.042,98.057,97.337,97.423,101477
2023-11-30,97.334,98.099,97.234,97.884,100627
2023-12-01,97.886,98.068,97.693,97.973,95261
2023-12-04,97.728,97.939,97.198,97.444,109082
2023-12-05,97.442,97.509,96.252,96.405,98950
2023-12-06,96.39,97.171,96.261,96.463,85002
2023-12-07,96.464,96.489,93.73,95.137,119408
2023-12-08,95.062,95.594,94.165,95.303,126417
2023-12-11,95.137,96.145,95.117,95.983,100462
2023-12-12,95.871,96.012,95.289,95.399,88114
2023-12-13,95.4,95.661,95.142,95.175,96680
2023-12-14,95.175,95.505,94.578,95.002,136417
2023-12-15,94.997,95.439,94.718,95.152,110469
2023-12-18,95.102,96.138,95.095,95.738,82770
2023-12-19,95.718,97.577,95.481,97.258,102279
2023-12-20,97.253,97.398,96.606,96.616,93132
2023-12-21,96.618,96.763,96.326,96.649,100858
2023-12-22,96.543,97.01,96.355,96.777,93779
2023-12-26,96.759,97.228,96.577,97.178,45748
2023-12-27,97.162,97.589,96.881,97.1,72191
2023-12-28,96.982,97.222,96.098,96.522,73295
2023-12-29,96.513,96.857,95.891,95.954,70517
2024-01-02,95.893,96.71,95.835,95.971,95206
2024-01-03,95.972,96.593,95.87,96.378,99146
2024-01-04,96.401,97.194,96.183,96.981,98060
2024-01-05,96.99,97.389,96.84,96.968,97950
2024-01-08,97.022,97.286,96.454,96.918,87089
2024-01-09,96.913,96.92,96.14,96.601,90053
2024-01-10,96.597,97.677,96.444,97.644,77316
2024-01-11,97.639,97.793,97.073,97.149,96742
2024-01-12,97.144,97.446,96.716,96.739,95199
2024-01-15,96.793,97.229,96.77,97.026,60887
2024-01-16,97.02,97.073,96.579,96.903,102436
2024-01-17,96.903,97.137,96.64,97.07,101491
2024-01-18,97.07,97.394,96.693,97.375,93209
2024-01-19,97.375,97.758,97.178,97.672,86341
2024-01-22,97.691,97.877,97.236,97.291,85945
2024-01-23,97.291,97.811,97.091,97.572,93221
2024-01-24,97.572,97.625,96.912,96.956,98328
2024-01-25,96.928,97.352,96.767,97.2,90043
2024-01-26,97.204,97.656,97.083,97.388,79683
2024-01-29,97.312,97.694,97.271,97.5,76294
2024-01-30,97.5,97.579,97.068,97.446,83490
2024-01-31,97.427,97.453,96.408,96.471,116627
2024-02-01,96.438,96.588,95.497,96.222,115546
2024-02-02,96.222,96.92,96.039,96.596,91863
2024-02-05,96.593,96.741,96.207,96.383,93446
2024-02-06,96.363,96.796,96.268,96.5,92074
2024-02-07,96.502,96.786,96.427,96.614,92231
2024-02-08,96.613,97.032,96.469,96.931,88292
2024-02-09,96.927,97.454,96.863,97.375,79960
2024-02-12,97.181,97.671,97.129,97.532,73448
2024-02-13,97.501,97.603,97.156,97.306,90259
2024-02-14,97.306,97.783,97.061,97.684,91631
2024-02-15,97.689,97.853,97.313,97.806,90911
2024-02-16,97.802,98.254,97.686,98.033,84963
2024-02-19,97.903,98.222,97.903,98.16,56729
2024-02-20,98.101,98.61,98.037,98.23,94376
2024-02-21,98.227,98.587,98.073,98.432,77457
2024-02-22,98.427,99.016,98.359,98.675,73541
2024-02-23,98.629,99.05,98.566,98.779,62571
2024-02-26,98.76,98.83,98.464,98.503,76138
2024-02-27,98.485,98.618,98.202,98.438,65188
2024-02-28,98.412,98.543,97.806,97.814,68079
2024-02-29,97.754,97.861,97.342,97.357,71972
2024-03-01,97.387,98.079,97.358,97.894,69464
2024-03-04,97.835,98.14,97.835,97.971,73187
2024-03-05,97.943,97.978,97.296,97.589,64401
2024-03-06,97.537,98.207,97.375,98.069,69779
2024-03-07,97.946,98.072,97.429,97.983,75914
2024-03-08,97.876,98.147,97.269,97.417,70153
2024-03-11,97.327,97.46,96.891,97.168,61342
2024-03-12,97.012,97.696,97.004,97.544,70416
2024-03-13,97.426,97.955,97.235,97.836,67093
2024-03-14,97.783,97.935,97.42,97.592,62986
2024-03-15,97.534,97.966,97.264,97.766,60512
2024-03-18,97.688,98.044,97.637,97.839,52022
2024-03-19,97.756,98.608,97.552,98.52,63738
2024-03-20,98.512,99.655,98.462,99.614,60149
2024-03-21,99.613,100.166,99.285,99.609,70922
2024-03-22,99.582,99.703,98.51,98.662,62662
2024-03-25,98.51,99.084,98.47,99.014,56199
2024-03-26,98.904,99.241,98.892,99.013,51288
2024-03-27,98.937,99.015,98.476,98.8,58081
2024-03-28,98.76,98.929,98.166,98.594,56328
2024-03-29,98.616,98.794,98.448,98.575,27193
2024-04-01,98.551,98.946,98.265,98.406,44400
2024-04-02,98.322,98.82,98.254,98.774,52804
2024-04-03,98.761,99.642,98.578,99.566,53591
2024-04-04,99.487,100.394,99.453,99.688,51166
2024-04-05,99.686,99.828,99.191,99.743,61677
2024-04-08,99.586,100.316,99.509,100.268,55579
2024-04-09,100.218,100.802,100.193,100.596,51296
2024-04-10,100.553,100.639,99.383,99.722,80363
2024-04-11,99.717,100.233,99.392,100.198,94215
2024-04-12,100.179,100.234,98.731,99.038,89211
2024-04-15,98.9,100.01,98.855,99.381,101737
2024-04-16,99.367,99.381,98.638,99.043,101367
2024-04-17,98.958,99.528,98.958,99.341,85853
2024-04-18,99.221,99.58,99.151,99.295,86702
2024-04-19,99.248,99.398,97.772,99.225,110538
2024-04-22,99.083,99.906,99.026,99.851,74268
2024-04-23,99.789,100.443,99.704,100.42,74560
2024-04-24,100.249,101.012,100.092,100.865,73352
2024-04-25,100.799,101.647,100.741,101.457,80854
2024-04-26,101.398,103.469,101.377,103.409,89127
2024-04-29,102.959,104.938,101.366,102.656,111285
2024-04-30,102.552,102.895,102.104,102.144,84244
2024-05-01,102.094,102.743,99.902,100.756,84349
2024-05-02,100.846,102.042,100.454,100.87,114415
2024-05-03,100.788,101.235,100.45,101.087,96705
2024-05-06,101.172,102.044,100.89,101.958,66637
2024-05-07,101.848,102.463,101.576,102.06,73963
2024-05-08,101.937,102.381,101.816,102.346,63843
2024-05-09,102.238,102.941,102.047,102.909,65824
2024-05-10,102.873,103.106,102.73,102.856,70060
2024-05-13,102.734,103.262,102.597,103.225,68035
2024-05-14,103.134,103.695,103.092,103.663,66439
2024-05-15,103.581,104.033,103.138,103.669,77950
2024-05-16,103.558,103.809,102.797,103.768,85612
2024-05-17,103.704,104.292,103.619,104.156,62777
2024-05-20,104.111,104.56,103.907,104.181,61573
2024-05-21,104.141,104.423,103.908,104.107,70802
2024-05-22,104.043,104.439,103.482,103.797,72345
2024-05-23,103.638,104.242,103.47,103.67,81367
2024-05-24,103.622,104.131,103.503,104.022,66261
2024-05-27,103.91,104.462,103.853,104.408,44140
2024-05-28,104.333,104.619,104.325,104.514,69814
2024-05-29,104.411,104.857,104.111,104.21,77886
2024-05-30,104.183,104.25,103.355,103.994,87188
2024-05-31,103.975,104.681,103.826,104.627,92476
2024-06-03,104.47,104.719,103.999,104.381,90182
2024-06-04,104.204,104.623,102.609,102.998,105137
2024-06-05,102.818,103.999,102.815,103.775,88157
2024-06-06,103.676,103.975,103.593,103.725,86378
2024-06-07,103.673,103.961,102.973,103.134,97154
2024-06-10,103.043,103.827,102.992,103.803,81456
2024-06-11,103.759,103.942,103.523,103.803,86559
2024-06-12,103.752,104.538,103.671,104.41,97207
2024-06-13,104.38,104.682,103.845,104.198,91361
2024-06-14,103.997,104.798,103.634,104.109,105712
2024-06-17,103.929,104.35,103.584,104.294,79565
2024-06-18,104.155,105.088,104.015,105.067,82720
2024-06-19,105.016,105.484,105.001,105.469,47650
2024-06-20,105.389,105.9,105.326,105.773,77790
2024-06-21,105.743,106.15,105.464,106.107,75031
2024-06-24,105.987,106.368,105.59,106.232,83498
2024-06-25,106.151,106.39,105.918,106.124,80580
2024-06-26,106.011,106.962,105.955,106.922,86128
2024-06-27,106.814,107.057,106.639,106.862,80217
2024-06-28,106.813,107.457,106.55,107.274,94415
2024-07-01,107.334,107.811,107.242,107.522,84439
2024-07-02,107.41,107.7,107.237,107.646,75220
2024-07-03,107.595,108.501,107.563,108.419,74653
2024-07-04,108.361,108.496,108.28,108.459,53358
2024-07-05,108.437,108.594,107.954,108.475,86560
2024-07-08,108.232,108.569,108.153,108.35,78902
2024-07-09,108.267,108.754,108.234,108.721,75462
2024-07-10,108.664,109.149,108.651,109.097,69488
2024-07-11,109.04,109.369,107.0,107.419,87579
2024-07-12,107.275,107.854,106.746,107.11,105266
2024-07-15,107.003,107.228,106.553,106.868,89654
2024-07-16,106.81,107.088,106.499,106.651,86900
2024-07-17,106.612,106.824,104.977,105.132,111854
2024-07-18,104.982,105.699,104.519,105.525,119276
2024-07-19,105.472,105.766,105.163,105.275,101373
2024-07-22,105.259,105.419,103.972,104.318,107416
2024-07-23,104.266,104.35,102.897,102.952,105174
2024-07-24,102.885,103.111,101.048,101.275,118770
2024-07-25,101.215,101.251,99.208,100.621,138615
2024-07-26,100.616,101.491,100.317,100.661,115164
2024-07-29,100.587,101.226,100.369,100.865,120533
2024-07-30,100.729,101.77,99.776,99.85,118358
2024-07-31,99.781,100.144,97.387,98.137,159523
2024-08-01,98.052,98.737,97.004,97.053,159385
2024-08-02,96.996,97.447,95.325,95.35,158039
2024-08-05,95.3,95.476,90.131,93.651,202783
2024-08-06,93.628,95.494,93.414,94.074,182968
2024-08-07,94.015,97.07,94.015,95.64,168551
2024-08-08,95.58,97.13,94.717,97.068,163382
2024-08-09,96.967,97.441,96.213,96.341,144436
2024-08-12,96.203,97.846,96.2,96.939,120610
2024-08-13,96.872,97.742,96.719,97.4,123971
2024-08-14,97.266,97.863,96.756,97.156,132095
2024-08-15,97.125,98.802,96.754,98.676,109164
2024-08-16,98.705,98.904,97.803,98.431,109495
2024-08-19,98.32,98.921,96.982,98.707,123697
2024-08-20,98.59,99.028,97.867,97.996,121365
2024-08-21,97.87,98.926,97.63,97.962,131333
2024-08-22,97.82,98.414,97.595,98.105,101953
2024-08-23,98.038,98.606,97.562,98.139,107792
2024-08-26,97.89,98.038,97.258,97.845,104043
2024-08-27,97.832,98.412,97.66,97.778,92892
2024-08-28,97.74,98.275,97.571,98.085,101870
2024-08-29,98.034,98.95,97.843,98.58,112792
2024-08-30,98.483,98.968,98.251,98.867,91733
2024-09-02,98.944,99.86,98.539,99.759,66888
2024-09-03,99.667,99.834,97.603,97.615,111340
2024-09-04,97.578,97.705,96.588,96.657,115409
2024-09-05,96.597,97.045,96.104,96.69,112738
2024-09-06,96.649,96.895,94.772,94.892,124381
2024-09-09,94.764,95.701,94.65,95.339,107734
2024-09-10,95.312,95.707,94.503,94.785,100509
2024-09-11,94.685,95.099,93.584,95.012,127888
2024-09-12,94.935,95.665,94.723,95.335,120731
2024-09-13,95.247,95.38,94.161,94.418,111460
2024-09-16,94.267,95.013,93.871,94.922,97687
2024-09-17,94.908,96.243,94.698,96.195,104534
2024-09-18,96.144,96.33,95.316,96.22,113227
2024-09-19,96.12,97.872,95.978,97.191,135998
2024-09-20,97.086,98.299,96.708,97.942,124601
2024-09-23,97.873,98.708,97.621,98.174,111325
2024-09-24,98.072,99.057,97.979,98.694,111805
2024-09-25,98.594,99.348,98.48,98.755,108003
2024-09-26,98.71,99.894,98.614,99.858,112307
2024-09-27,99.714,100.72,98.023,98.095,132153
2024-09-30,98.1,99.44,98.012,99.306,123765
2024-10-01,99.225,100.096,98.342,98.816,127090
2024-10-02,98.768,100.895,98.684,100.864,116978
2024-10-03,100.803,101.266,100.231,100.508,116473
2024-10-04,100.371,101.268,99.895,101.009,107377
2024-10-07,100.889,101.416,99.834,100.124,117241
2024-10-08,100.032,100.154,99.078,99.988,119501
2024-10-09,99.879,100.405,99.692,100.317,101011
2024-10-10,100.26,100.76,99.682,100.144,106540
2024-10-11,99.981,100.777,99.981,100.673,77567
2024-10-14,100.341,100.942,100.315,100.719,76820
2024-10-15,100.656,100.775,99.839,100.016,92635
2024-10-16,99.951,100.049,99.431,99.76,85322
2024-10-17,99.647,100.681,99.579,100.59,90692
2024-10-18,100.483,100.83,100.176,100.254,80448
2024-10-21,100.172,100.453,99.939,100.45,82901
2024-10-22,100.251,101.037,100.153,100.957,89440
2024-10-23,100.822,101.684,100.822,101.331,95890
2024-10-24,101.192,101.423,100.449,100.796,95854
2024-10-25,100.793,101.112,100.29,100.587,84733
2024-10-28,101.228,101.52,100.674,100.901,92229
2024-10-29,100.831,100.948,100.262,100.61,89592
2024-10-30,100.489,100.96,100.182,100.805,93079
2024-10-31,100.749,100.955,99.532,100.038,106073
2024-11-01,100.02,100.722,99.823,100.282,93380
2024-11-04,100.606,100.654,100.005,100.174,100713
2024-11-05,100.112,100.929,100.052,100.652,80192
2024-11-06,100.522,101.802,100.253,101.6,171957
2024-11-07,101.514,102.399,101.297,102.139,121669
2024-11-08,102.033,102.283,100.141,100.453,108918
2024-11-11,100.488,101.35,100.379,101.053,83009
2024-11-12,100.998,101.259,100.494,101.035,99586
2024-11-13,100.935,101.278,100.456,100.826,101765
2024-11-14,100.712,101.172,100.682,100.861,108743
2024-11-15,100.711,101.194,99.41,99.747,112061
2024-11-18,99.666,100.68,99.561,100.628,107027
2024-11-19,100.557,101.068,99.481,100.987,112489
2024-11-20,101.002,101.555,100.564,101.11,91616
2024-11-21,101.01,101.142,100.295,100.605,111721
2024-11-22,100.463,100.801,100.048,100.628,112822
2024-11-25,100.76,101.025,100.002,100.274,111470
2024-11-26,100.274,100.274,98.86,99.12,115745
2024-11-27,98.937,99.216,97.705,98.171,115576
2024-11-28,98.057,98.747,97.97,98.467,67377
2024-11-29,98.355,98.52,97.437,97.437,112764
2024-12-02,97.371,98.012,96.268,96.874,114611
2024-12-03,96.786,97.538,96.16,97.001,97470
2024-12-04,96.927,97.143,95.904,96.845,106216
2024-12-05,96.779,97.081,96.332,96.862,88679
2024-12-06,96.743,96.916,95.515,95.84,91493
2024-12-09,95.787,97.795,95.61,97.382,83505
2024-12-10,97.275,97.479,96.447,96.924,87437
2024-12-11,96.825,97.249,95.982,97.088,95616
2024-12-12,96.999,98.057,96.958,97.199,99636
2024-12-13,97.124,97.957,97.002,97.731,82228
2024-12-16,97.542,98.277,97.529,98.202,76198
2024-12-17,98.066,98.343,97.097,97.263,81440
2024-12-18,97.167,97.414,96.161,96.262,88858
2024-12-19,96.164,98.731,95.796,98.185,119981
2024-12-20,98.122,98.404,97.428,97.768,112525
2024-12-23,97.707,98.237,97.707,98.179,77081
2024-12-24,98.102,98.163,97.735,97.923,54317
2024-12-26,98.03,98.436,97.901,98.289,62137
2024-12-27,98.209,98.273,97.773,98.089,70449
2024-12-30,98.015,98.729,97.294,97.575,71461
2024-12-31,97.538,97.656,96.927,97.277,76463
2025-01-02,97.223,98.033,97.05,97.702,91219
2025-01-03,97.628,97.891,97.488,97.779,73886
2025-01-06,97.566,98.906,97.393,98.448,98199
2025-01-07,98.38,99.162,98.253,98.455,102296
2025-01-08,98.366,98.653,98.047,98.398,107600
2025-01-09,98.363,98.424,97.665,97.958,84072
2025-01-10,97.948,98.194,96.79,96.887,111731
2025-01-13,96.903,97.236,96.374,97.216,108227
2025-01-14,97.201,97.952,97.105,97.805,109553
2025-01-15,97.737,97.863,97.221,97.378,101476
2025-01-16,97.355,97.683,96.275,96.326,111499
2025-01-17,96.265,97.159,96.057,96.718,96327
2025-01-20,96.778,97.769,96.664,97.577,98319
2025-01-21,97.542,97.652,96.771,97.547,122090
2025-01-22,97.521,98.334,97.415,98.147,98427
2025-01-23,98.122,98.308,97.795,98.009,95970
2025-01-24,98.024,98.76,97.876,98.456,120005
2025-01-27,98.063,98.244,96.76,97.206,134704
2025-01-28,97.11,97.498,96.834,97.227,109253
2025-01-29,97.157,97.335,96.475,96.727,108382
2025-01-30,96.577,96.831,95.676,95.775,113975
2025-01-31,95.664,96.926,95.594,96.333,120344
2025-02-03,95.205,96.448,94.616,96.377,162866
2025-02-04,96.249,96.752,95.569,96.55,115879
2025-02-05,96.432,96.601,95.679,95.891,113648
2025-02-06,95.801,95.974,94.96,95.157,100287
2025-02-07,95.075,95.669,94.488,94.936,111966
2025-02-10,94.307,95.672,94.244,95.409,92492
2025-02-11,95.323,96.103,95.068,95.974,85382
2025-02-12,95.91,97.327,95.836,96.942,110211
2025-02-13,96.862,97.273,95.996,96.526,113851
2025-02-14,96.492,96.987,96.318,96.765,98236
2025-02-17,96.588,96.84,96.195,96.307,78938
2025-02-18,96.24,96.781,96.06,96.597,89271
2025-02-19,96.474,96.758,95.995,96.116,95673
2025-02-20,96.089,96.089,95.322,95.767,111851
2025-02-21,95.748,96.49,94.64,94.91,112682
2025-02-24,94.894,95.447,94.687,95.044,123811
2025-02-25,95.009,95.311,94.01,94.533,127821
2025-02-26,94.456,94.738,93.774,93.992,123530
2025-02-27,93.887,94.509,93.304,93.407,135716
2025-02-28,93.386,93.857,92.721,93.47,139428
2025-03-03,93.791,94.237,92.529,93.064,146706
2025-03-04,92.994,93.986,91.852,93.913,186664
2025-03-05,93.814,94.4,93.333,94.31,180368
2025-03-06,94.273,94.713,93.292,93.716,173124
2025-03-07,93.603,93.803,92.415,93.33,164618
2025-03-10,93.313,93.411,92.146,92.453,158539
2025-03-11,92.453,93.309,91.817,93.065,179965
2025-03-12,93.067,93.833,92.811,93.703,142705
2025-03-13,93.667,93.938,92.53,92.883,136009
2025-03-14,92.875,94.097,92.785,94.046,125585
2025-03-17,94.071,95.345,93.877,95.249,116268
2025-03-18,95.222,95.744,94.769,94.955,102127
2025-03-19,94.92,95.347,94.361,94.508,108688
2025-03-20,94.518,94.66,93.161,93.769,110578
2025-03-21,93.748,94.204,93.141,93.634,104270
2025-03-24,93.569,94.735,93.449,94.73,101522
2025-03-25,94.612,94.91,94.331,94.471,88873
2025-03-26,94.464,95.185,94.257,94.824,101440
2025-03-27,94.82,95.392,94.412,95.229,109087
2025-03-28,95.184,95.211,94.093,94.15,91315
2025-03-31,94.089,94.168,93.047,93.67,116233
2025-04-01,93.56,94.002,93.142,93.907,108772
2025-04-02,93.801,95.306,93.52,94.009,117176
2025-04-03,93.927,93.941,92.278,92.437,185222
2025-04-04,92.321,92.638,87.405,88.671,213391
2025-04-07,87.137,90.447,86.1,88.44,256965
2025-04-08,88.396,89.685,86.862,87.107,202203
2025-04-09,87.072,91.317,86.036,90.902,228922
2025-04-10,90.898,91.102,88.903,89.95,212169
2025-04-11,89.755,90.51,88.282,90.147,214587
2025-04-14,90.631,90.79,89.563,90.456,160857
2025-04-15,90.374,91.404,90.293,90.879,126173
2025-04-16,90.731,91.2,90.129,90.34,134873
2025-04-17,90.292,91.167,90.183,90.99,124349
2025-04-18,90.783,90.989,90.569,90.6,180524
2025-04-21,90.495,90.65,89.962,90.382,110393
2025-04-22,90.275,90.567,89.631,90.115,119064
2025-04-23,90.049,91.602,90.015,91.186,140640
2025-04-24,91.087,91.454,90.547,91.392,109235
2025-04-25,91.327,92.217,91.243,91.918,102110
2025-04-28,91.711,92.017,91.198,91.338,102894
2025-04-29,91.212,91.678,90.584,90.869,97833
2025-04-30,90.785,91.724,90.681,91.582,103816
2025-05-01,91.541,93.051,91.379,92.819,96381
2025-05-02,92.732,93.56,92.601,93.403,112580
2025-05-05,93.189,93.483,92.918,92.927,88949
2025-05-06,92.861,93.046,92.111,92.47,92995
2025-05-07,92.473,93.339,92.214,92.404,111621
2025-05-08,92.267,93.541,92.265,93.374,107498
2025-05-09,93.352,93.389,92.802,93.085,88053
2025-05-12,93.743,94.912,93.512,94.594,122017
2025-05-13,94.581,95.64,94.052,95.4,100920
2025-05-14,95.385,95.566,94.178,94.337,109926
2025-05-15,94.289,94.369,93.117,93.315,99013
2025-05-16,93.289,93.497,92.736,93.248,88449
2025-05-19,93.027,93.674,92.869,93.537,101181
2025-05-20,93.496,93.838,92.491,92.816,93597
2025-05-21,92.792,92.932,92.37,92.463,104493
2025-05-22,92.377,92.842,91.986,92.298,99213
2025-05-23,92.287,92.689,91.645,92.569,94672
2025-05-26,92.367,93.195,92.331,92.66,61299
2025-05-27,92.571,93.096,92.131,92.985,85687
2025-05-28,92.884,93.227,92.734,93.093,87743
2025-05-29,93.04,93.869,92.775,92.864,105859
2025-05-30,92.819,92.905,92.01,92.665,98540
2025-06-02,92.491,92.844,92.376,92.698,93858
2025-06-03,92.608,93.133,92.053,93.057,83050
2025-06-04,92.909,93.592,92.65,92.65,84673
2025-06-05,92.598,93.775,92.515,93.386,95174
2025-06-06,93.286,94.125,93.211,94.026,86826
2025-06-09,94.101,94.335,93.907,94.21,66866
2025-06-10,94.119,94.596,93.889,94.494,78424
2025-06-11,94.391,94.744,93.875,93.997,81572
2025-06-12,93.934,94.055,93.23,93.724,92068
2025-06-13,93.694,93.869,92.311,93.474,112768
2025-06-16,93.211,94.548,93.211,94.422,97105
2025-06-17,94.394,94.834,93.938,94.064,100584
2025-06-18,94.181,94.478,93.938,94.432,94272
2025-06-19,94.359,94.464,93.799,94.241,76992
2025-06-20,94.213,94.552,94.015,94.169,80166
2025-06-23,94.177,94.677,93.841,94.38,108928
2025-06-24,94.334,94.558,93.963,94.008,95833
2025-06-25,93.955,94.747,93.909,94.599,76558
2025-06-26,94.489,94.629,94.055,94.506,93598
2025-06-27,94.432,94.846,94.223,94.41,92783
2025-06-30,94.292,94.886,93.989,94.762,95235
2025-07-01,94.736,94.78,93.959,94.394,91431
2025-07-02,94.349,94.678,94.118,94.592,86339
2025-07-03,94.491,95.366,94.33,95.215,77856
2025-07-04,95.141,95.25,94.551,94.585,80128
2025-07-07,94.686,95.043,94.227,94.777,91501
2025-07-08,94.755,95.955,94.711,95.679,94822
2025-07-09,95.672,96.205,95.547,95.605,82370
2025-07-10,95.609,96.384,95.384,96.342,73224
2025-07-11,96.26,97.049,95.972,96.884,85842
2025-07-14,96.52,96.924,96.444,96.692,77536
2025-07-15,96.646,97.428,96.54,96.956,77119
2025-07-16,96.919,97.316,96.093,96.525,93185
2025-07-17,96.462,96.767,95.987,96.4,82721
2025-07-18,96.277,96.962,96.255,96.832,70869
2025-07-21,96.25,96.755,96.04,96.11,80353
2025-07-22,96.04,96.378,95.625,96.115,78747
2025-07-23,96.051,96.729,95.837,96.715,91395
2025-07-24,96.608,97.037,96.388,96.847,88793
2025-07-25,96.838,97.132,96.612,96.917,84052
2025-07-28,97.082,97.286,96.555,96.847,91307
2025-07-29,96.737,96.94,96.558,96.639,83466
2025-07-30,96.519,96.745,95.956,96.182,92353
2025-07-31,96.145,96.991,95.858,96.838,92762
2025-08-01,96.846,97.06,95.103,95.331,103554
2025-08-04,95.141,95.859,94.902,95.117,93413
2025-08-05,95.038,95.6,94.941,95.505,83489
2025-08-06,95.429,96.02,95.312,95.828,75348
2025-08-07,95.811,96.202,95.651,95.984,87542
2025-08-08,95.948,96.52,95.659,96.294,74548
2025-08-11,96.171,96.531,95.989,96.48,69114
2025-08-12,96.415,96.827,96.206,96.536,83949
2025-08-13,96.516,96.747,96.257,96.465,67645
2025-08-14,96.449,96.449,95.516,95.965,82646
2025-08-15,95.928,96.073,95.517,95.744,67789
2025-08-18,95.771,96.197,95.711,95.981,63979
2025-08-19,95.805,96.1,95.122,95.279,66642
2025-08-20,95.279,95.415,94.395,94.767,70886
2025-08-21,94.766,95.338,94.569,95.262,69974
2025-08-22,95.16,95.592,95.124,95.335,71515
2025-08-25,95.267,95.949,95.227,95.761,64259
2025-08-26,95.77,95.842,95.361,95.744,75089
2025-08-27,95.688,96.001,95.527,95.895,67897
2025-08-28,95.782,96.081,95.704,95.967,68411
2025-08-29,95.959,96.238,95.755,96.074,66770
2025-09-01,96.194,96.585,96.048,96.439,54485
2025-09-02,96.342,96.866,96.271,96.71,84726
2025-09-03,96.572,97.292,96.557,96.908,75083
2025-09-04,96.882,97.009,96.546,96.758,71189
2025-09-05,96.692,96.997,96.308,96.63,74673
2025-09-08,97.023,97.427,96.867,97.221,77499
2025-09-09,97.204,97.322,96.811,97.048,75058
2025-09-10,96.986,97.742,96.944,97.501,69657
2025-09-11,97.462,98.106,97.388,98.054,70671
2025-09-12,97.991,98.419,97.93,98.133,60661
2025-09-15,97.963,98.347,97.917,98.321,54359
2025-09-16,98.275,98.384,97.698,97.89,68250
2025-09-17,97.822,97.95,97.418,97.772,68760
2025-09-18,97.66,98.097,97.524,97.84,77122
2025-09-19,97.828,97.97,97.239,97.5,69997
2025-09-22,97.559,97.849,97.307,97.49,58115
2025-09-23,97.376,97.717,97.236,97.42,61944
2025-09-24,97.379,98.177,97.225,98.0,61310
2025-09-25,97.926,98.218,97.744,97.954,67775
2025-09-26,97.944,97.994,97.725,97.836,63080
2025-09-29,97.825,97.912,97.515,97.712,58108
2025-09-30,97.647,98.141,97.419,97.821,69679
2025-10-01,97.743,97.914,97.016,97.238,73135
2025-10-02,97.204,97.452,96.852,97.109,57316
2025-10-03,97.025,97.496,96.998,97.328,54163
2025-10-06,98.365,99.526,98.202,99.498,75025
2025-10-07,99.424,100.039,99.156,99.962,65043
2025-10-08,99.94,100.606,99.879,100.571,75910
2025-10-09,100.451,100.942,100.137,100.329,86188
2025-10-10,100.216,100.522,97.8,97.842,98954
2025-10-13,98.856,99.384,98.553,99.214,84543
2025-10-14,99.069,99.479,97.855,98.446,114764
2025-10-15,98.398,98.81,98.056,98.366,96583
2025-10-16,98.249,98.487,97.235,97.578,115712
2025-10-17,97.498,97.85,96.246,97.747,125016
2025-10-20,97.619,98.474,97.565,98.156,91207
2025-10-21,98.079,98.774,97.913,98.552,103676
2025-10-22,98.489,98.867,98.2,98.591,104505
2025-10-23,98.527,99.547,98.506,99.368,80541
2025-10-24,99.308,99.588,99.211,99.51,81068
2025-10-27,99.92,100.369,99.767,100.21,86473
2025-10-28,100.208,100.352,99.403,100.133,88345
2025-10-29,100.089,100.755,99.728,100.414,102131
2025-10-30,100.363,101.206,100.184,101.013,116146
2025-10-31,101.012,101.023,100.635,100.779,87461
2025-11-03,100.736,101.137,100.393,100.812,73214
2025-11-04,100.754,100.909,99.458,99.694,95558
2025-11-05,99.701,100.386,98.817,100.252,92308
2025-11-06,100.215,100.322,98.823,99.173,91395
2025-11-07,99.111,99.754,98.96,99.636,100891
2025-11-10,99.8,100.823,99.676,100.733,89995
2025-11-11,100.622,100.868,100.395,100.611,80514
2025-11-12,100.466,101.321,100.457,101.248,85321
2025-11-13,101.217,101.818,100.683,100.884,113717
2025-11-14,100.806,101.295,100.221,100.963,117785
2025-11-17,100.932,101.149,100.601,100.798,92603
2025-11-18,100.737,101.429,100.139,101.196,117268
2025-11-19,101.072,101.855,100.587,101.829,111034
2025-11-20,101.784,102.484,101.301,101.392,124633
2025-11-21,101.403,101.658,100.354,100.89,129976
2025-11-24,100.96,101.471,100.868,101.42,88793
2025-11-25,101.373,101.504,100.34,100.958,95082
2025-11-26,100.806,102.024,100.806,101.972,100537
2025-11-27,101.93,102.132,101.634,102.109,63112
2025-11-28,102.047,102.358,101.834,102.165,165775
2025-12-01,102.009,102.271,101.507,101.725,87268
2025-12-02,101.687,102.496,101.553,102.33,68362
2025-12-03,102.132,102.516,102.014,102.462,70622
2025-12-04,102.434,102.843,102.095,102.495,78063
2025-12-05,102.412,103.186,102.283,103.113,76483
2025-12-08,102.922,103.366,102.839,103.275,93532
2025-12-09,103.27,104.391,102.999,104.166,92082
2025-12-10,104.159,104.309,103.724,104.173,93135
2025-12-11,104.032,104.106,103.18,103.667,106941
2025-12-12,103.644,104.045,103.317,103.598,97302
2025-12-15,103.393,103.67,102.877,103.061,95627
2025-12-16,103.03,103.121,102.436,102.625,108891
2025-12-17,102.52,103.055,102.314,102.823,104224
2025-12-18,102.722,103.096,102.556,102.841,102722
2025-12-19,102.831,104.313,102.732,104.215,102033
2025-12-22,104.238,104.612,103.957,104.54,89664
2025-12-23,104.527,104.71,103.888,104.671,95834
2025-12-24,104.644,104.697,104.341,104.446,88725
2025-12-26,104.407,105.161,104.378,105.04,88312
2025-12-29,104.83,105.21,104.348,104.423,99504
2025-12-30,104.401,104.832,104.337,104.732,85392
2025-12-31,104.58,104.836,104.459,104.537,81303
2026-07-02,112.051,112.158,111.149,111.305,44816
2026-07-03,111.482,111.656,111.318,111.623,4684
2026-07-06,111.867,112.025,111.801,111.994,3189
2026-07-07,112.671,112.786,112.499,112.724,3264
2026-07-08,112.196,112.45,112.187,112.375,3632
2026-07-09,112.542,112.754,112.505,112.735,3425
2026-07-10,112.654,112.736,112.583,112.725,2506
2026-07-13,112.285,112.441,112.243,112.372,6081
2026-07-14,112.287,112.431,112.23,112.372,3665
2026-07-15,113.05,113.327,112.954,113.323,16499
2026-07-16,113.404,113.615,113.384,113.592,3255
2026-07-17,113.544,113.716,113.104,113.384,179254
2026-07-20,113.092,113.425,113.0,113.399,9007
2026-07-21,113.655,113.757,113.582,113.735,5760
2026-07-22,114.189,114.248,114.148,114.206,4019
2026-07-23,114.146,114.146,113.892,113.987,4796
2026-07-24,114.151,114.183,114.038,114.149,4645
2026-07-27,114.432,114.624,114.39,114.454,8421
2026-07-28,114.342,114.451,114.319,114.42,4272
2026-07-29,114.214,114.338,114.131,114.277,7168
2026-07-30,113.627,113.729,113.479,113.64,7958
2026-07-31,111.979,112.559,111.896,112.534,8176
2026-07-31,111.979,112.559,111.896,112.534,8176
2026-08-03,110.705,111.203,110.552,111.069,19197
2026-08-04,109.983,110.321,109.967,110.229,6696
2026-08-05,111.1,111.223,111.007,111.124,5260
2026-08-06,111.311,111.315,111.131,111.228,4557
2026-08-07,111.386,111.441,111.271,111.414,3578
2026-08-10,111.346,111.593,111.253,111.509,3918
2026-08-11,112.319,112.394,112.246,112.281,3735
2026-08-12,112.356,112.531,112.348,112.497,2473
2026-08-13,112.547,112.585,112.468,112.53,2442
2026-08-14,112.518,112.633,112.457,112.618,3886
2026-08-17,112.825,112.921,112.733,112.806,4341
2026-08-18,113.246,113.441,113.117,113.413,46344
2026-08-19,113.128,113.128,112.935,112.94,5155
2026-08-20,112.672,112.773,112.486,112.719,6865
2026-08-21,113.127,113.127,113.127,113.127,1
2026-08-24,113.801,113.982,113.48,113.937,5617
2026-08-25,113.721,113.87,113.609,113.868,3754
